image_id,annotation_id,instance_id,split,background,class_name,object_type,source_image,source_counting_mask,x,y,width,height,crop_x,crop_y,crop_width,crop_height,review_status,selected_method,used_single_method_fallback,n_methods_nonempty,mean_pairwise_iou,mean_component_score,confidence,mask_area,mask_area_ratio_to_box,mask_rectangularity,full_box_like,otsu_component_score,otsu_threshold,otsu_nonempty,adaptive_component_score,adaptive_threshold,adaptive_nonempty,adaptive_component_area,adaptive_component_area_ratio,adaptive_component_overlap_inside,adaptive_component_box_coverage,adaptive_component_center_distance,adaptive_component_bbox_iou,adaptive_component_touches_crop,sauvola_component_score,sauvola_threshold,sauvola_nonempty,sauvola_component_area,sauvola_component_area_ratio,sauvola_component_overlap_inside,sauvola_component_box_coverage,sauvola_component_center_distance,sauvola_component_bbox_iou,sauvola_component_touches_crop,otsu_component_area,otsu_component_area_ratio,otsu_component_overlap_inside,otsu_component_box_coverage,otsu_component_center_distance,otsu_component_bbox_iou,otsu_component_touches_crop
1000,1,1,validation,bright,B.subtilis,other,preprocessed_intensity_sigma040/local_flatfield/bright/1000.png,processed_plate_strategy_b_circle/counting_mask/bright/1000.png,577,738,137,136,556,717,179,178,auto_candidate,consensus,False,2,0.3660405009325873,0.6686469536088686,0.5622396234366196,5495,0.2949227136109918,0.6499112950916618,False,0.0,0.427734375,False,0.8246386106070166,0.10295958071947098,True,5490.0,0.2946543580936024,1.0,0.2946543580936024,0.017608250712845913,0.45378917990553885,0.0,0.5126552966107206,0.08391134440898895,True,24732.0,1.3273937312151138,0.6031052886948084,0.80055817947617,0.20912297468318378,0.5847718285104513,1.0,,,,,,,
1000,2,2,validation,bright,B.subtilis,other,preprocessed_intensity_sigma040/local_flatfield/bright/1000.png,processed_plate_strategy_b_circle/counting_mask/bright/1000.png,909,435,152,151,886,412,198,197,auto_candidate,consensus,False,3,0.49196626532341137,0.7488143596684207,0.7217139367305623,9218,0.4016207737887766,0.7221308264786526,False,0.8939797377438223,0.10586704313755035,True,0.8443420453870331,0.08928129076957703,True,7228.0,0.31491808992680376,1.0,0.31491808992680376,0.04971429192122157,0.5561606831648658,0.0,0.5081212958744066,0.07172304391860962,True,37378.0,1.6285291042174974,0.6030285194499438,0.9820494945974207,0.012657302676987562,0.5884222940060504,1.0,8940.0,0.3895085395608226,1.0,0.3895085395608226,0.045897087239123294,0.5367723945625653,0.0
1000,3,3,validation,bright,B.subtilis,other,preprocessed_intensity_sigma040/local_flatfield/bright/1000.png,processed_plate_strategy_b_circle/counting_mask/bright/1000.png,1079,1684,151,151,1056,1661,197,197,needs_review,consensus,False,3,0.13474154216039844,0.6023869461900229,0.5381143182321486,7846,0.3441077145739222,0.6090669150752989,False,0.42231342106260794,0.416015625,True,0.8578447917702827,0.095283642411232,True,7508.0,0.32928380334195867,1.0,0.32928380334195867,0.029379584143911928,0.5649752203850709,0.0,0.5270026257371779,0.07731892168521881,True,28792.0,1.2627516337002762,0.666851903306474,0.8420683303363887,0.3257721667422373,0.6367738130345031,1.0,16.0,0.0007017236086136573,1.0,0.0007017236086136573,1.154067333022091,0.0010522162304353545,0.0
1000,4,4,validation,bright,B.subtilis,other,preprocessed_intensity_sigma040/local_flatfield/bright/1000.png,processed_plate_strategy_b_circle/counting_mask/bright/1000.png,632,1772,151,151,609,1749,197,197,needs_review,consensus,False,3,0.12490602261163829,0.5812031381453538,0.5261983631722149,3764,0.16508047892636288,0.19121158242316486,False,0.4730282501185475,0.384765625,True,0.5334213004183244,0.17539317905902863,True,3964.0,0.1738520240340336,0.9301210898082745,0.16170343405990964,0.3005943728031844,0.5232811059907834,1.0,0.7371598638991897,0.14378952980041504,True,11150.0,0.48901363975264245,0.8941704035874439,0.4372615236173852,0.07984435008070354,0.6510529711972781,1.0,10.0,0.0004385772553835358,1.0,0.0004385772553835358,0.782830760092764,0.0008771545107670716,0.0
1001,1_01,1,train,bright,P.aeruginosa,other,preprocessed_intensity_sigma040/local_flatfield/bright/1001.png,processed_plate_strategy_b_circle/counting_mask/bright/1001.png,1148,429,92,87,1134,415,120,115,auto_candidate,consensus,False,3,0.599345482386424,0.6686754721904619,0.7272411077114331,6003,0.75,0.6871565934065934,False,0.9391349888832639,0.14893537759780884,True,0.5675425561210942,0.14019949734210968,True,8123.0,1.0148675662168916,0.6806598547334729,0.6907796101949025,0.14994084651586942,0.58,1.0,0.499348871567028,0.11275602132081985,True,13800.0,1.7241379310344827,0.6321739130434783,1.0899550224887555,0.01581977550841159,0.58,1.0,4123.0,0.5151174412793603,1.0,0.5151174412793603,0.055664030171388545,0.7205147426286856,0.0
1001,2_01,2,train,bright,P.aeruginosa,other,preprocessed_intensity_sigma040/local_flatfield/bright/1001.png,processed_plate_strategy_b_circle/counting_mask/bright/1001.png,926,1379,84,79,913,1366,110,105,auto_candidate,consensus,False,3,0.6389271055953839,0.6711853707906004,0.7420986352746245,5717,0.8615129596142255,0.7827217962760131,False,0.9313178208363858,0.14096203446388245,True,0.5868774350736755,0.13665157556533813,True,7187.0,1.0830319469559977,0.7075274801725338,0.7662748643761302,0.030891112157249045,0.5745454545454546,1.0,0.4953608564617398,0.10989706963300705,True,11550.0,1.740506329113924,0.6313419913419913,1.0988547317661241,0.017376826184994677,0.5745454545454546,1.0,4019.0,0.6056359252561784,0.9982582732022891,0.6045810729355033,0.055045143872826476,0.9085492586947486,0.0
1001,3_01,3,train,bright,P.aeruginosa,other,preprocessed_intensity_sigma040/local_flatfield/bright/1001.png,processed_plate_strategy_b_circle/counting_mask/bright/1001.png,1846,851,52,49,1838,843,68,65,needs_review,consensus,False,3,0.12596807333649437,0.5860722450455013,0.5285177236859735,523,0.20525902668759813,0.2902330743618202,False,0.5202212462410447,0.31379443407058716,True,0.5462882530576721,0.1976231038570404,True,141.0,0.05533751962323391,1.0,0.05533751962323391,0.6021182402578926,0.10989010989010989,0.0,0.6917072358377866,0.16461794078350067,True,1576.0,0.6185243328100472,0.866751269035533,0.5361067503924647,0.2062352296329176,0.6978787878787879,1.0,520.0,0.20408163265306123,0.8365384615384616,0.1707221350078493,0.15719158131400554,0.3567961165048544,1.0
1002,1_02,1,train,bright,E.coli,other,preprocessed_intensity_sigma040/local_flatfield/bright/1002.png,processed_plate_strategy_b_circle/counting_mask/bright/1002.png,609,150,116,112,592,133,150,146,needs_review,consensus,False,3,0.1808679261448828,0.5860338487069815,0.5477173136335016,4222,0.3249692118226601,0.413921568627451,False,0.46595977681756123,0.447265625,True,0.6367516230040958,0.23360858857631683,True,4559.0,0.3509082512315271,0.9135775389339768,0.32058189655172414,0.3936285873124913,0.5721973094170404,1.0,0.6553901462992872,0.19352270662784576,True,9441.0,0.7266779556650246,0.8240652473254951,0.5988300492610837,0.1880188595423039,0.6714211886304909,1.0,14.0,0.0010775862068965517,1.0,0.0010775862068965517,0.8383243544632647,0.0019242610837438424,0.0
1002,2_02,2,train,bright,E.coli,other,preprocessed_intensity_sigma040/local_flatfield/bright/1002.png,processed_plate_strategy_b_circle/counting_mask/bright/1002.png,659,131,109,109,643,115,141,141,needs_review,consensus,False,3,0.18117864720776874,0.5981941811958188,0.5526901990010467,3939,0.33153774934769803,0.4303507046869879,False,0.48983488904086003,0.439453125,True,0.6594209063010829,0.24241849780082703,True,4322.0,0.36377409308980724,0.8986580286904211,0.3269085093847319,0.28957248774686095,0.6345455790699267,1.0,0.6453267482455137,0.2008131444454193,True,8666.0,0.7293998821648009,0.8376413570274637,0.610975507112196,0.2716967528537851,0.6440084896460735,1.0,18.0,0.001515023987879808,1.0,0.001515023987879808,0.6672244359988985,0.003030047975759616,0.0
1002,3_02,3,train,bright,E.coli,other,preprocessed_intensity_sigma040/local_flatfield/bright/1002.png,processed_plate_strategy_b_circle/counting_mask/bright/1002.png,303,600,161,160,279,576,209,208,auto_candidate,consensus,False,2,0.9220869912210694,0.8806952140737934,0.8416751992235583,9243,0.35881211180124223,0.7708924103419517,False,0.0,0.482421875,False,0.8667824558195854,0.10708855092525482,True,9208.0,0.35745341614906834,1.0,0.35745341614906834,0.03222610465690836,0.4654503105590062,0.0,0.8946079723280014,0.08676522970199585,True,10024.0,0.38913043478260867,1.0,0.38913043478260867,0.028807105961784877,0.5222049689440994,0.0,207.0,0.008035714285714285,0.18357487922705315,0.0014751552795031057,1.3285243843827457,0.040304236565254475,1.0
1002,4_01,4,train,bright,E.coli,other,preprocessed_intensity_sigma040/local_flatfield/bright/1002.png,processed_plate_strategy_b_circle/counting_mask/bright/1002.png,87,778,145,145,65,756,189,189,needs_review,consensus,False,3,0.09302250132447017,0.622305339584794,0.5314800112974821,2573,0.12237812128418549,0.3208629504925801,False,0.47205232886008697,0.447265625,True,0.6522659616960136,0.1761196255683899,True,2520.0,0.11985731272294887,1.0,0.11985731272294887,0.2326078620387051,0.221307966706302,0.0,0.7425977281982812,0.14593401551246643,True,10488.0,0.4988347205707491,0.8812929061784897,0.4396195005945303,0.0009431797436910482,0.6715832977055722,1.0,11.0,0.0005231866825208086,1.0,0.0005231866825208086,0.7902497385175844,0.000713436385255648,0.0
1002,5,5,train,bright,E.coli,other,preprocessed_intensity_sigma040/local_flatfield/bright/1002.png,processed_plate_strategy_b_circle/counting_mask/bright/1002.png,259,776,145,145,237,754,189,189,auto_candidate,consensus,False,3,0.5762469986959452,0.747661483441035,0.7507510429199948,7682,0.3653745541022592,0.7458252427184466,False,0.8572173427179155,0.12166820466518402,True,0.8686076116663218,0.09703009575605392,True,7572.0,0.3601426872770511,1.0,0.3601426872770511,0.05016191470186436,0.48989298454221164,0.0,0.5171594959388677,0.07805215567350388,True,32566.0,1.5489179548156955,0.5904010317509059,0.9144827586206896,0.023356484893129168,0.5885893452031018,1.0,7297.0,0.3470630202140309,1.0,0.3470630202140309,0.05049422132721824,0.4659690844233056,0.0
1002,6,6,train,bright,E.coli,other,preprocessed_intensity_sigma040/local_flatfield/bright/1002.png,processed_plate_strategy_b_circle/counting_mask/bright/1002.png,330,905,138,142,309,884,180,184,auto_candidate,consensus,False,3,0.5050632986851388,0.6715783671310351,0.6954035013922126,9610,0.4904062053480302,0.6565553050488488,False,0.6331894095622487,0.12126992642879486,True,0.8486979745493127,0.11142370849847794,True,6455.0,0.3294039599918351,1.0,0.3294039599918351,0.037687520058509755,0.4840783833435395,0.0,0.5328477172815442,0.08977077156305313,True,29479.0,1.5043376199224332,0.6112826079582075,0.9195754235558277,0.024291375141700006,0.5916666666666667,1.0,11478.0,0.5857317819963258,0.8224429343091131,0.4817309655031639,0.4506398069575035,0.560914641642421,1.0
1002,7,7,train,bright,E.coli,other,preprocessed_intensity_sigma040/local_flatfield/bright/1002.png,processed_plate_strategy_b_circle/counting_mask/bright/1002.png,372,975,132,132,352,955,172,172,auto_candidate,consensus,False,3,0.47430118241811914,0.6603035574692353,0.6801268368340359,6202,0.35594582185491275,0.7253801169590643,False,0.6163282855098912,0.12120099365711212,True,0.8522597026146377,0.11238931864500046,True,6007.0,0.34475436179981633,1.0,0.34475436179981633,0.09315653193525676,0.490702479338843,0.0,0.5123226842831772,0.09056702256202698,True,21414.0,1.2289944903581267,0.6169795460913421,0.7582644628099173,0.28858709769985486,0.588967009194159,1.0,11099.0,0.6369949494949495,0.800522569600865,0.5099288337924701,0.46874570409051597,0.5714733261725743,1.0
1002,8,8,train,bright,E.coli,other,preprocessed_intensity_sigma040/local_flatfield/bright/1002.png,processed_plate_strategy_b_circle/counting_mask/bright/1002.png,174,1032,75,74,163,1021,97,96,needs_review,consensus,False,3,0.09863064763232132,0.5895648796472758,0.5203466785302228,1180,0.2126126126126126,0.4737053392211963,False,0.502593579670795,0.37385109066963196,True,0.7300042225906352,0.1732422113418579,True,1167.0,0.21027027027027026,1.0,0.21027027027027026,0.18540965071705914,0.31513513513513514,0.0,0.5360968366803969,0.14311833679676056,True,6366.0,1.147027027027027,0.6288092994030788,0.7212612612612612,0.18785195667596857,0.5960051546391752,1.0,17.0,0.003063063063063063,1.0,0.003063063063063063,0.5833874471994183,0.005045045045045045,0.0
1002,9,9,train,bright,E.coli,other,preprocessed_intensity_sigma040/local_flatfield/bright/1002.png,processed_plate_strategy_b_circle/counting_mask/bright/1002.png,134,1059,75,74,123,1048,97,96,auto_candidate,consensus,False,3,0.37090751177908987,0.4912387558972635,0.5763131314815868,486,0.08756756756756756,0.5192307692307693,False,0.43392915855833214,0.32676929235458374,True,0.45071024869768295,0.19993390142917633,True,599.0,0.10792792792792792,0.8163606010016694,0.08810810810810811,0.03531952504213213,0.18877551020408162,1.0,0.5890768604357756,0.1648208051919937,True,4817.0,0.867927927927928,0.7664521486402325,0.6652252252252252,0.35045885374296726,0.6285081240768094,1.0,534.0,0.09621621621621622,0.8014981273408239,0.07711711711711712,0.05495213212679728,0.17685216797541822,1.0
1002,10,10,train,bright,E.coli,other,preprocessed_intensity_sigma040/local_flatfield/bright/1002.png,processed_plate_strategy_b_circle/counting_mask/bright/1002.png,118,1122,114,109,101,1105,148,143,needs_review,consensus,False,3,0.03396047804993492,0.5659155074741128,0.4882523703071223,574,0.046193465314662806,0.14561136478944697,False,0.5059531824122154,0.376953125,True,0.5530041766779884,0.18991000950336456,True,542.0,0.04361821986158056,1.0,0.04361821986158056,0.4905819892444467,0.104297440849831,0.0,0.6387891633321346,0.15845708549022675,True,7052.0,0.5675197167230002,0.800482132728304,0.4542893932077901,0.38372648352044986,0.6163633150733345,1.0,32.0,0.002575245453082247,1.0,0.002575245453082247,0.5565913409866614,0.005230967326573314,0.0
1002,11,11,train,bright,E.coli,other,preprocessed_intensity_sigma040/local_flatfield/bright/1002.png,processed_plate_strategy_b_circle/counting_mask/bright/1002.png,169,1097,82,82,157,1085,106,106,needs_review,consensus,False,3,0.08250395585595713,0.5324281701875347,0.4918476526245989,1184,0.17608566329565734,0.32998885172798215,False,0.37078964416491267,0.28195464611053467,True,0.6651800538801175,0.18993119895458221,True,956.0,0.1421772754312909,1.0,0.1421772754312909,0.28105905558956323,0.264128494943486,0.0,0.5613148125175741,0.15512315928936005,True,6955.0,1.0343545508625818,0.688569374550683,0.7122248661511006,0.21621920151657284,0.598433606265575,1.0,269.0,0.040005948839976206,0.8810408921933085,0.03524687685901249,0.44072379559327624,0.1543818920487522,1.0
1002,12,12,train,bright,E.coli,other,preprocessed_intensity_sigma040/local_flatfield/bright/1002.png,processed_plate_strategy_b_circle/counting_mask/bright/1002.png,218,1054,91,91,204,1040,119,119,auto_candidate,consensus,False,3,0.5565656265443094,0.7712347006130954,0.7532918495357465,3554,0.42917522038401157,0.6968627450980392,False,0.8699183424019239,0.11797641962766647,True,0.9125170850513764,0.11374738067388535,True,3395.0,0.4099746407438715,1.0,0.4099746407438715,0.07054355767332444,0.6158676488346818,0.0,0.5312686743859859,0.09168633073568344,True,11843.0,1.4301412872841444,0.6119226547327535,0.8751358531578312,0.05974341113633091,0.5847750865051903,1.0,2956.0,0.35696171959908224,1.0,0.35696171959908224,0.039451240091791656,0.5100833232701365,0.0
1002,13,13,train,bright,E.coli,other,preprocessed_intensity_sigma040/local_flatfield/bright/1002.png,processed_plate_strategy_b_circle/counting_mask/bright/1002.png,232,1127,91,90,218,1113,119,118,auto_candidate,consensus,False,3,0.5732946018868076,0.6752549074320178,0.7207550736331898,4274,0.5218559218559219,0.741113230449107,False,0.6092842212268705,0.10971967875957489,True,0.8902921460366385,0.10766858607530594,True,3194.0,0.38998778998779,1.0,0.38998778998779,0.05272692264555348,0.505982905982906,0.0,0.5261883550325441,0.08662039041519165,True,11470.0,1.4004884004884004,0.5953792502179599,0.8338217338217339,0.06437747254461731,0.5832502492522432,1.0,5118.0,0.6249084249084249,0.7790152403282532,0.4868131868131868,0.479250368787411,0.5928853754940712,1.0
1002,14,14,train,bright,E.coli,other,preprocessed_intensity_sigma040/local_flatfield/bright/1002.png,processed_plate_strategy_b_circle/counting_mask/bright/1002.png,221,1181,62,61,212,1172,80,79,needs_review,consensus,False,2,0.28331043956043955,0.641805903345084,0.5225476818508541,825,0.21813855103120042,0.6490952006294256,False,0.0,0.470703125,False,0.7441810994149395,0.13210536539554596,True,864.0,0.22845055526176627,1.0,0.22845055526176627,0.2059617855656438,0.36065573770491804,0.0,0.5394307072752286,0.10705123841762543,True,4029.0,1.065309360126917,0.7148175725986597,0.7615018508725542,0.3915557303831338,0.556093023255814,1.0,,,,,,,
1002,15,15,train,bright,E.coli,other,preprocessed_intensity_sigma040/local_flatfield/bright/1002.png,processed_plate_strategy_b_circle/counting_mask/bright/1002.png,141,1313,90,91,127,1299,118,119,needs_review,consensus,False,3,0.15688982946764576,0.6445776179025856,0.5627424874747102,1453,0.17741147741147742,0.3731381612737545,False,0.5182487379289218,0.462890625,True,0.7084241182374003,0.22746635973453522,True,1288.0,0.15726495726495726,1.0,0.15726495726495726,0.10271627143886812,0.3487179487179487,0.0,0.7070599975414348,0.1910843402147293,True,3227.0,0.394017094017094,0.9451502943910753,0.3724053724053724,0.20493860951447979,0.5931876606683805,1.0,202.0,0.024664224664224663,1.0,0.024664224664224663,0.6219734812499196,0.06666666666666667,0.0
1002,16,16,train,bright,E.coli,other,preprocessed_intensity_sigma040/local_flatfield/bright/1002.png,processed_plate_strategy_b_circle/counting_mask/bright/1002.png,230,1222,46,46,223,1215,60,60,auto_candidate,consensus,False,2,0.35927859515899385,0.6843934848727702,0.5661715689214226,757,0.35775047258979203,0.6571180555555556,False,0.0,0.3595741391181946,False,0.8057522922425941,0.14684750139713287,True,786.0,0.3714555765595463,0.9631043256997456,0.35775047258979203,0.43526136210375194,0.47038327526132406,0.0,0.5630346775029462,0.11870935559272766,True,2931.0,1.3851606805293006,0.7209143636983965,0.9985822306238186,0.11541538309547328,0.5877777777777777,1.0,,,,,,,
1002,17,17,train,bright,E.coli,other,preprocessed_intensity_sigma040/local_flatfield/bright/1002.png,processed_plate_strategy_b_circle/counting_mask/bright/1002.png,213,1231,61,62,204,1222,79,80,needs_review,consensus,False,3,0.13110674525212837,0.6035823728233052,0.537320309967567,1001,0.2646747752511898,0.4010416666666667,False,0.5211168388191197,0.435546875,True,0.724532099044835,0.16169770061969757,True,898.0,0.2374405076679006,1.0,0.2374405076679006,0.3983438512649874,0.3664727657324167,0.0,0.565098180605961,0.13345231115818024,True,3505.0,0.9267583289264939,0.729243937232525,0.6758328926493918,0.4192210202189574,0.6753571428571429,1.0,103.0,0.027234267583289264,1.0,0.027234267583289264,0.6310200879018675,0.09016393442622951,0.0
1002,18,18,train,bright,E.coli,other,preprocessed_intensity_sigma040/local_flatfield/bright/1002.png,processed_plate_strategy_b_circle/counting_mask/bright/1002.png,233,1266,56,56,225,1258,72,72,needs_review,consensus,False,3,0.06059479553903346,0.566312250545557,0.49773307865688454,489,0.15593112244897958,0.43660714285714286,False,0.46194682387533975,0.373046875,True,0.6710512251315836,0.15905502438545227,True,462.0,0.14732142857142858,1.0,0.14732142857142858,0.20525644373299703,0.1836734693877551,0.0,0.5659387026297474,0.1294851303100586,True,3723.0,1.1871811224489797,0.7241471931238249,0.8596938775510204,0.23453711383883113,0.6608391608391608,1.0,27.0,0.00860969387755102,1.0,0.00860969387755102,0.920514230670886,0.02295918367346939,0.0
1002,19,19,train,bright,E.coli,other,preprocessed_intensity_sigma040/local_flatfield/bright/1002.png,processed_plate_strategy_b_circle/counting_mask/bright/1002.png,235,1291,56,56,227,1283,72,72,needs_review,consensus,False,3,0.05174488567990373,0.5731171327860259,0.49735756310237667,430,0.1371173469387755,0.47619047619047616,False,0.49555161618373716,0.384765625,True,0.6383449871707371,0.16649647057056427,True,404.0,0.1288265306122449,1.0,0.1288265306122449,0.349343554194857,0.18080357142857142,0.0,0.5854547950036036,0.13638637959957123,True,3526.0,1.124362244897959,0.7838910947249007,0.8813775510204082,0.27844487075801583,0.6707317073170732,1.0,26.0,0.008290816326530613,1.0,0.008290816326530613,0.6710976729988745,0.01913265306122449,0.0
1002,20,20,train,bright,E.coli,other,preprocessed_intensity_sigma040/local_flatfield/bright/1002.png,processed_plate_strategy_b_circle/counting_mask/bright/1002.png,272,1265,75,74,261,1254,97,96,auto_candidate,consensus,False,3,0.45256579793086393,0.6209173003941658,0.6567649494334687,3412,0.6147747747747748,0.6834935897435898,False,0.5260123468300568,0.11763174831867218,True,0.7987252009942448,0.12441885471343994,True,1602.0,0.28864864864864864,1.0,0.28864864864864864,0.13578940341095935,0.3978378378378378,0.0,0.5380143533581956,0.10007031261920929,True,8081.0,1.456036036036036,0.6240564286598194,0.9086486486486487,0.04066566016922138,0.5960051546391752,1.0,4697.0,0.8463063063063063,0.6817117308920587,0.5769369369369369,0.5583032389456949,0.5445318447094646,1.0
1002,21,21,train,bright,E.coli,other,preprocessed_intensity_sigma040/local_flatfield/bright/1002.png,processed_plate_strategy_b_circle/counting_mask/bright/1002.png,260,1235,61,62,251,1226,79,80,needs_review,consensus,False,3,0.28312289562289567,0.5888079057571374,0.5846161757708684,1056,0.2792173453199365,0.7058823529411765,False,0.5244807940901307,0.1408701241016388,True,0.6962499784803403,0.13991375267505646,True,579.0,0.15309360126916974,1.0,0.15309360126916974,0.0868288942812451,0.23373876255949233,0.0,0.545692944700941,0.11250987648963928,True,5554.0,1.4685351665785298,0.6510622974432841,0.9561078794288737,0.04955102059295291,0.5984177215189873,1.0,1089.0,0.28794288736118456,0.8558310376492194,0.2464304600740349,0.5599240231327488,0.33169894582005394,1.0
1002,22,22,train,bright,E.coli,other,preprocessed_intensity_sigma040/local_flatfield/bright/1002.png,processed_plate_strategy_b_circle/counting_mask/bright/1002.png,257,1199,74,74,246,1188,96,96,needs_review,consensus,False,3,0.28628490645712085,0.6168866953230473,0.5969543953892111,2325,0.4245799853907962,0.4957356076759062,False,0.6052185993892812,0.12969517707824707,True,0.6962860088632532,0.13043004274368286,True,993.0,0.18133674214755297,1.0,0.18133674214755297,0.2863818711930679,0.31446311176040903,0.0,0.5491554777166072,0.10498777776956558,True,7988.0,1.4587289992695398,0.6614922383575363,0.9649379108838568,0.0500779447452965,0.5941840277777778,1.0,2522.0,0.4605551497443389,0.7969865186360032,0.36705624543462384,0.6155031164074579,0.45145203872103257,1.0
1002,23,23,train,bright,E.coli,other,preprocessed_intensity_sigma040/local_flatfield/bright/1002.png,processed_plate_strategy_b_circle/counting_mask/bright/1002.png,219,1308,110,109,203,1292,142,141,needs_review,consensus,False,3,0.09163180016761646,0.5412415235701854,0.49856773948673994,1911,0.15938281901584653,0.2113938053097345,False,0.5255063918551216,0.404296875,True,0.5590375868334316,0.17234258353710175,True,1985.0,0.16555462885738115,0.9652392947103274,0.1597998331943286,0.25601428424970024,0.6403496202894398,1.0,0.5391805920220031,0.14308027923107147,True,11888.0,0.9914929107589658,0.647207267833109,0.6417014178482069,0.302795308731426,0.5988412745979422,1.0,41.0,0.0034195162635529608,1.0,0.0034195162635529608,0.42317244293466866,0.01201000834028357,0.0
1002,24,24,train,bright,E.coli,other,preprocessed_intensity_sigma040/local_flatfield/bright/1002.png,processed_plate_strategy_b_circle/counting_mask/bright/1002.png,301,1193,110,110,285,1177,142,142,auto_candidate,consensus,False,3,0.505925848703683,0.7309838601607996,0.7194675911106089,4124,0.34082644628099174,0.7098106712564544,False,0.8188175995857687,0.10984988510608673,True,0.8379482825081005,0.10444492846727371,True,3940.0,0.3256198347107438,1.0,0.3256198347107438,0.07432491815957848,0.4527272727272727,0.0,0.53618569838853,0.08408450335264206,True,18293.0,1.5118181818181817,0.6290930957196742,0.9510743801652892,0.03990094752920689,0.6000793493354493,1.0,3735.0,0.3086776859504132,1.0,0.3086776859504132,0.10600458979729718,0.42082644628099175,0.0
1002,25,25,train,bright,E.coli,other,preprocessed_intensity_sigma040/local_flatfield/bright/1002.png,processed_plate_strategy_b_circle/counting_mask/bright/1002.png,229,1389,100,90,214,1374,130,120,needs_review,consensus,False,3,0.038489208633093526,0.5347338372014547,0.47736475790216465,642,0.07133333333333333,0.1621212121212121,False,0.5296176759253959,0.369140625,True,0.4922044444688006,0.19813400506973267,True,676.0,0.07511111111111111,0.9363905325443787,0.07033333333333333,0.9464540020136203,0.13368353344768438,0.0,0.5823793912101678,0.1642562448978424,True,8422.0,0.9357777777777778,0.6631441462835431,0.6205555555555555,0.07832495770887503,0.6147540983606558,1.0,10.0,0.0011111111111111111,1.0,0.0011111111111111111,0.3745367509040705,0.0022222222222222222,0.0
1002,26,26,train,bright,E.coli,other,preprocessed_intensity_sigma040/local_flatfield/bright/1002.png,processed_plate_strategy_b_circle/counting_mask/bright/1002.png,211,1421,68,69,201,1411,88,89,needs_review,consensus,False,3,0.05658336458356194,0.5639207870397464,0.49537249242014525,603,0.1285166240409207,0.3516034985422741,False,0.44845065202567125,0.542356014251709,True,0.6791934864547096,0.2578236162662506,True,631.0,0.1344842284739983,1.0,0.1344842284739983,0.17866853198543517,0.31649616368286443,0.0,0.5641182226388582,0.21359165012836456,True,5058.0,1.078005115089514,0.697508896797153,0.7519181585677749,0.1927217848995162,0.5990806945863125,1.0,11.0,0.0023444160272804776,1.0,0.0023444160272804776,0.9740224955356359,0.004262574595055414,0.0
1002,27,27,train,bright,E.coli,other,preprocessed_intensity_sigma040/local_flatfield/bright/1002.png,processed_plate_strategy_b_circle/counting_mask/bright/1002.png,218,1439,99,100,203,1424,129,130,needs_review,consensus,False,3,0.05012031960853359,0.5803490587729861,0.49968173537218125,959,0.09686868686868687,0.3289879931389365,False,0.4941549083099314,0.521484375,True,0.6194119676380094,0.23322507739067078,True,912.0,0.09212121212121212,1.0,0.09212121212121212,0.3177655698673478,0.1993939393939394,0.0,0.6274803003710175,0.19410830736160278,True,7806.0,0.7884848484848485,0.819369715603382,0.6460606060606061,0.24997553546277707,0.590339892665474,1.0,14.0,0.0014141414141414141,1.0,0.0014141414141414141,0.6356629218936563,0.0036363636363636364,0.0
1002,28,28,train,bright,E.coli,other,preprocessed_intensity_sigma040/local_flatfield/bright/1002.png,processed_plate_strategy_b_circle/counting_mask/bright/1002.png,300,1552,99,100,285,1537,129,130,needs_review,consensus,False,3,0.0952091934094582,0.6056736461522375,0.5255926761542054,1396,0.141010101010101,0.39457320520067835,False,0.5044311141336562,0.521484375,True,0.6910436570198785,0.23821017146110535,True,1420.0,0.14343434343434344,1.0,0.14343434343434344,0.15274119805347264,0.3381818181818182,0.0,0.6215461673031778,0.1996641457080841,True,6534.0,0.66,0.7411998775635139,0.4891919191919192,0.2425607720131552,0.590339892665474,1.0,14.0,0.0014141414141414141,1.0,0.0014141414141414141,0.5607322544289964,0.0036363636363636364,0.0
1002,29,29,train,bright,E.coli,other,preprocessed_intensity_sigma040/local_flatfield/bright/1002.png,processed_plate_strategy_b_circle/counting_mask/bright/1002.png,354,1574,132,132,334,1554,172,172,needs_review,consensus,False,3,0.043435783338325186,0.5705652145207756,0.49342860997672405,1248,0.07162534435261708,0.23636363636363636,False,0.4825763844561301,0.509765625,True,0.5887985475685245,0.21506008505821228,True,1259.0,0.07225665748393022,1.0,0.07225665748393022,0.44460153374722056,0.20316804407713498,0.0,0.6403207115376721,0.18011800944805145,True,12070.0,0.692722681359045,0.7899751449875725,0.5472337006427915,0.1975287681979715,0.588967009194159,1.0,40.0,0.002295684113865932,1.0,0.002295684113865932,0.7276964714079222,0.008034894398530763,0.0
1002,30,30,train,bright,E.coli,other,preprocessed_intensity_sigma040/local_flatfield/bright/1002.png,processed_plate_strategy_b_circle/counting_mask/bright/1002.png,403,1129,132,132,383,1109,172,172,auto_candidate,consensus,False,3,0.47526460916608637,0.7083165901853724,0.6996692492822791,5645,0.3239784205693297,0.7209450830140486,False,0.7852974082506465,0.11400123685598373,True,0.8301468038105295,0.09895492345094681,True,5547.0,0.3183539944903581,1.0,0.3183539944903581,0.09250817635222197,0.4493801652892562,0.0,0.509505558494941,0.07959841191768646,True,27787.0,1.5947543617998163,0.6015762766761436,0.959366391184573,0.04483606309995525,0.588967009194159,1.0,4604.0,0.2642332415059688,1.0,0.2642332415059688,0.08624127556583323,0.3627180899908173,0.0
1002,31,31,train,bright,E.coli,other,preprocessed_intensity_sigma040/local_flatfield/bright/1002.png,processed_plate_strategy_b_circle/counting_mask/bright/1002.png,475,1212,89,93,461,1198,117,121,auto_candidate,consensus,False,3,0.5929943445040599,0.5960406163534889,0.6959642671178166,5816,0.7026700495348557,0.7589716821088347,False,0.5609051497343743,0.11769302189350128,True,0.6960544005852906,0.12306695431470871,True,4643.0,0.5609520357617495,0.9114796467800991,0.5112963634166968,0.3550706881244495,0.6440520446096655,1.0,0.5311622987408017,0.09916914254426956,True,11094.0,1.3403407031533163,0.668920137010997,0.8965808867947324,0.23248335129403058,0.5846577664759482,1.0,6264.0,0.7567959405581732,0.756066411238825,0.5721879908179291,0.5813120966418914,0.5464295794524414,1.0
1002,32,32,train,bright,E.coli,other,preprocessed_intensity_sigma040/local_flatfield/bright/1002.png,processed_plate_strategy_b_circle/counting_mask/bright/1002.png,511,1158,80,84,498,1145,106,110,auto_candidate,consensus,False,3,0.5156031141408742,0.6481181181083372,0.6897083371926408,4522,0.6729166666666667,0.7476851851851852,False,0.534601324356513,0.11388634145259857,True,0.8849435530761172,0.11776713281869888,True,2585.0,0.38467261904761907,1.0,0.38467261904761907,0.10597679277059674,0.5619047619047619,0.0,0.5248094768923814,0.09472943097352982,True,10476.0,1.5589285714285714,0.6259068346697213,0.9757440476190476,0.03299080347905354,0.5763293310463122,1.0,5903.0,0.8784226190476191,0.7172624089446045,0.6300595238095238,0.5571219801728449,0.5468102734051367,1.0
1002,33,33,train,bright,E.coli,other,preprocessed_intensity_sigma040/local_flatfield/bright/1002.png,processed_plate_strategy_b_circle/counting_mask/bright/1002.png,525,1229,86,88,512,1216,112,114,auto_candidate,consensus,False,3,0.5715481251547151,0.5816738343467125,0.6827113775428353,5771,0.7625528541226215,0.7916323731138546,False,0.5314140044316414,0.113771453499794,True,0.6877292966992905,0.12104526907205582,True,4238.0,0.5599894291754757,0.891694195375177,0.4993393234672304,0.3856316382673877,0.6688113782593972,1.0,0.5258782019092053,0.09746791422367096,True,12222.0,1.6149577167019027,0.6494027164130257,1.0487579281183932,0.019521690257109214,0.5927318295739349,1.0,7276.0,0.9614164904862579,0.7095931830676195,0.6822145877378436,0.5077370196327224,0.5617295308187672,1.0
1002,34,34,train,bright,E.coli,other,preprocessed_intensity_sigma040/local_flatfield/bright/1002.png,processed_plate_strategy_b_circle/counting_mask/bright/1002.png,558,1175,87,93,544,1161,115,121,auto_candidate,consensus,False,3,0.38987536168431275,0.6122611167402726,0.6313608232856185,6427,0.7943393894450624,0.7513444002805705,False,0.5567938829186966,0.11793047189712524,True,0.7339764071235881,0.12768220901489258,True,1473.0,0.18205413422321098,1.0,0.18205413422321098,0.022136851698389606,0.3240637745643307,0.0,0.546013060178533,0.10298492014408112,True,12259.0,1.5151402793227042,0.6579655763112815,0.9969101470769991,0.02166004236969065,0.5814588573481854,1.0,8881.0,1.0976393523668273,0.7078031753180948,0.7769126189593375,0.299311408406323,0.6519508023132687,1.0
1002,35,35,train,bright,E.coli,other,preprocessed_intensity_sigma040/local_flatfield/bright/1002.png,processed_plate_strategy_b_circle/counting_mask/bright/1002.png,585,1184,120,120,567,1166,156,156,auto_candidate,consensus,False,3,0.45493103036730975,0.6485930836826892,0.668663094101634,6983,0.48493055555555553,0.6778295476606484,False,0.619600077460122,0.1097196713089943,True,0.8015676965540142,0.10040736943483353,True,4128.0,0.2866666666666667,1.0,0.2866666666666667,0.10507688469488119,0.39770833333333333,0.0,0.5246114770339314,0.08073431998491287,True,22257.0,1.545625,0.6059217324886552,0.9365277777777777,0.014281687736136684,0.591715976331361,1.0,8591.0,0.5965972222222222,0.7864043766732627,0.4691666666666667,0.4656925661225558,0.6263345195729537,1.0
1002,36,36,train,bright,E.coli,other,preprocessed_intensity_sigma040/local_flatfield/bright/1002.png,processed_plate_strategy_b_circle/counting_mask/bright/1002.png,596,921,132,133,576,901,172,173,needs_review,consensus,False,3,0.16094142241712364,0.632058123079442,0.5591527470777701,4394,0.2502848029163819,0.5457707117128308,False,0.47446444735380783,0.447265625,True,0.7725950164127359,0.1280093938112259,True,4394.0,0.2502848029163819,1.0,0.2502848029163819,0.11710475675625458,0.3734905445431761,0.0,0.6491149054717822,0.10476699471473694,True,10589.0,0.603155616313511,0.8562659363490415,0.5164616085668717,0.41753442964145104,0.5603112840466926,1.0,33.0,0.0018796992481203006,1.0,0.0018796992481203006,0.7815277897906772,0.0035885167464114833,0.0
1002,37,37,train,bright,E.coli,other,preprocessed_intensity_sigma040/local_flatfield/bright/1002.png,processed_plate_strategy_b_circle/counting_mask/bright/1002.png,634,974,120,120,616,956,156,156,needs_review,consensus,False,3,0.10900504335394683,0.6089475490088868,0.5317307847774362,3931,0.2729861111111111,0.5837540837540838,False,0.5067780930706169,0.455078125,True,0.7845016126393998,0.15768474340438843,True,3996.0,0.2775,1.0,0.2775,0.18868037080067365,0.40444444444444444,0.0,0.5355629413166436,0.13094528019428253,True,17954.0,1.2468055555555555,0.6648657680739668,0.8289583333333334,0.23222127314619642,0.591715976331361,1.0,8.0,0.0005555555555555556,1.0,0.0005555555555555556,0.5372900106604956,0.0008333333333333334,0.0
1002,38,38,train,bright,E.coli,other,preprocessed_intensity_sigma040/local_flatfield/bright/1002.png,processed_plate_strategy_b_circle/counting_mask/bright/1002.png,741,895,132,132,721,875,172,172,needs_review,consensus,False,3,0.23342855423885378,0.712119605708665,0.6165478362670648,4223,0.24236685032139577,0.4606741573033708,False,0.5035756526780084,0.408203125,True,0.7577090537904684,0.15088656544685364,True,3909.0,0.2243457300275482,1.0,0.2243457300275482,0.14416390829563794,0.4392791551882461,0.0,0.8750741106575182,0.12545053660869598,True,5981.0,0.3432621671258035,1.0,0.3432621671258035,0.009579484886709502,0.6144398530762167,0.0,318.0,0.01825068870523416,1.0,0.01825068870523416,0.6728266404278339,0.033574380165289255,0.0
1002,39,39,train,bright,E.coli,other,preprocessed_intensity_sigma040/local_flatfield/bright/1002.png,processed_plate_strategy_b_circle/counting_mask/bright/1002.png,806,641,145,145,784,619,189,189,auto_candidate,consensus,False,3,0.8995952317891368,0.8848284563536271,0.9187897136676487,8068,0.38373365041617125,0.753596114328414,False,0.8603798479329241,0.1294960379600525,True,0.8829679403488515,0.10538328438997269,True,7924.0,0.376884661117717,1.0,0.376884661117717,0.04308649542222798,0.5092033293697978,0.0,0.9111375807791057,0.08484995365142822,True,8695.0,0.4135552913198573,1.0,0.4135552913198573,0.038765242763884156,0.5339833531510108,0.0,7411.0,0.35248513674197385,1.0,0.35248513674197385,0.047662521052136815,0.45659928656361476,0.0
1002,40,40,train,bright,E.coli,other,preprocessed_intensity_sigma040/local_flatfield/bright/1002.png,processed_plate_strategy_b_circle/counting_mask/bright/1002.png,791,523,146,145,769,501,190,189,auto_candidate,consensus,False,3,0.6032545096956249,0.7643724683473462,0.7668880657324072,8577,0.40514879546528104,0.7644385026737968,False,0.8725345591352093,0.13343292474746704,True,0.9022161658900768,0.10726893693208694,True,8500.0,0.40151157298063295,1.0,0.40151157298063295,0.04080217786539324,0.5299952763344355,0.0,0.5183666800167527,0.08637458831071854,True,31571.0,1.4913084553613605,0.5728358303506382,0.8542749173358526,0.04156343484697535,0.5895293790030632,1.0,7761.0,0.36660368445914027,1.0,0.36660368445914027,0.04068340689884835,0.4719414265470005,0.0
1002,41,41,train,bright,E.coli,other,preprocessed_intensity_sigma040/local_flatfield/bright/1002.png,processed_plate_strategy_b_circle/counting_mask/bright/1002.png,847,962,83,82,835,950,107,106,needs_review,consensus,False,3,0.3046053675728922,0.5850779703965091,0.5906430668091159,67,0.009844255069056715,0.8271604938271605,False,0.5554280952843801,0.349609375,True,0.5563415908567186,0.19630558788776398,True,67.0,0.009844255069056715,1.0,0.009844255069056715,0.23031736287354446,0.011901263590949163,0.0,0.6434642250484286,0.16418610513210297,True,4454.0,0.6544225683220688,0.837449483610238,0.5480458419042021,0.41157842528823085,0.6765062231523296,1.0,59.0,0.008668821627975316,1.0,0.008668821627975316,0.23111198452607992,0.011901263590949163,0.0
1002,42,42,train,bright,E.coli,other,preprocessed_intensity_sigma040/local_flatfield/bright/1002.png,processed_plate_strategy_b_circle/counting_mask/bright/1002.png,872,934,114,122,854,916,150,158,needs_review,consensus,False,3,0.09546412008846124,0.5836365779536563,0.516867073212424,2797,0.20110727638769055,0.40624546114742194,False,0.5668849317870169,0.3132506012916565,True,0.6737088302351701,0.12838836014270782,True,2168.0,0.1558815070463043,1.0,0.1558815070463043,0.3707033131795895,0.3785591026747196,0.0,0.5103159718387816,0.10526472330093384,True,17058.0,1.22648835202761,0.5708758353851565,0.7001725625539258,0.18845741720390702,0.5868354430379746,1.0,632.0,0.0454414725337935,1.0,0.0454414725337935,0.40923784895724014,0.11906816220880069,0.0
1002,43,43,train,bright,E.coli,other,preprocessed_intensity_sigma040/local_flatfield/bright/1002.png,processed_plate_strategy_b_circle/counting_mask/bright/1002.png,604,1334,100,91,589,1319,130,121,auto_candidate,consensus,False,3,0.6460105050333639,0.6308677296594052,0.7284507686254394,5253,0.5772527472527472,0.7540913006029285,False,0.6642021924617841,0.10972733795642853,True,0.710488299490061,0.10207348316907883,True,5016.0,0.5512087912087912,0.9254385964912281,0.5101098901098902,0.29834896720385906,0.6347809450927875,1.0,0.5179126970263703,0.08216311037540436,True,14312.0,1.5727472527472528,0.6109558412520961,0.9608791208791209,0.028992740704684567,0.5785123966942148,1.0,5626.0,0.6182417582417582,0.8924635620334163,0.5517582417582417,0.40648882448120616,0.609375,1.0
1002,44,44,train,bright,E.coli,other,preprocessed_intensity_sigma040/local_flatfield/bright/1002.png,processed_plate_strategy_b_circle/counting_mask/bright/1002.png,620,1285,114,107,603,1268,148,141,auto_candidate,consensus,False,3,0.5437498961500756,0.6808439257350946,0.7126500339465642,5616,0.46040334481062467,0.7335423197492164,False,0.6667449094810465,0.1097196713089943,True,0.8363691893045131,0.10554146021604538,True,5499.0,0.45081160846040336,0.9039825422804146,0.4075258239055583,0.45461729104992227,0.5391650685941879,0.0,0.539417678419724,0.0850420892238617,True,17975.0,1.47360222987375,0.6584700973574409,0.97032300377111,0.10201125385413853,0.5845313398504888,1.0,5663.0,0.4642564354812264,0.8887515451174289,0.41260862436464996,0.5007996646648033,0.5036603221083455,1.0
1002,45,45,train,bright,E.coli,other,preprocessed_intensity_sigma040/local_flatfield/bright/1002.png,processed_plate_strategy_b_circle/counting_mask/bright/1002.png,694,1346,69,68,684,1336,89,88,auto_candidate,consensus,False,3,0.4908899458448131,0.6480802572353453,0.6810435839398228,2674,0.5699062233589087,0.7814143775569842,False,0.5594993134476732,0.10572151839733124,True,0.8419199257881542,0.11271105706691742,True,1514.0,0.3226768968456948,1.0,0.3226768968456948,0.029248405893916973,0.45076726342711,0.0,0.5428215324702086,0.09053990989923477,True,6756.0,1.4398976982097187,0.627886323268206,0.9040920716112532,0.02240238726941506,0.5990806945863125,1.0,3602.0,0.76768968456948,0.757634647418101,0.5816283034953111,0.5589439122749013,0.5132382892057027,1.0
1002,46,46,train,bright,E.coli,other,preprocessed_intensity_sigma040/local_flatfield/bright/1002.png,processed_plate_strategy_b_circle/counting_mask/bright/1002.png,691,1304,62,62,682,1295,80,80,auto_candidate,consensus,False,3,0.33316586000847853,0.6054144557314177,0.6087738332955346,2324,0.6045785639958376,0.7945299145299145,False,0.5342465045963691,0.11763174831867218,True,0.7175677130514472,0.12364216148853302,True,760.0,0.19771071800208118,1.0,0.19771071800208118,0.2173225648348352,0.32049947970863685,0.0,0.564429149546437,0.09944786876440048,True,5419.0,1.4097294484911551,0.7080642184904964,0.9981789802289281,0.07450057720424426,0.600625,1.0,2987.0,0.7770551508844953,0.7140944091061265,0.5548907388137357,0.6219866177616017,0.5093353248693054,1.0
1002,47,47,train,bright,E.coli,other,preprocessed_intensity_sigma040/local_flatfield/bright/1002.png,processed_plate_strategy_b_circle/counting_mask/bright/1002.png,714,1288,69,68,704,1278,89,88,auto_candidate,consensus,False,3,0.3847761676305643,0.6137780589701197,0.6301828822587454,3727,0.7943307757885762,0.7290688575899843,False,0.5587854285987924,0.11400890350341797,True,0.7206400358944841,0.12475115060806274,True,901.0,0.19202898550724637,1.0,0.19202898550724637,0.1868006207802013,0.34825234441602726,0.0,0.5619087124170826,0.10042940080165863,True,6975.0,1.4865728900255755,0.6827240143369175,1.014919011082694,0.004866876874792416,0.5990806945863125,1.0,5119.0,1.091005967604433,0.7356905645633913,0.8026427962489343,0.3563015360057846,0.6502217294900222,1.0
1002,48,48,train,bright,E.coli,other,preprocessed_intensity_sigma040/local_flatfield/bright/1002.png,processed_plate_strategy_b_circle/counting_mask/bright/1002.png,728,1324,82,82,716,1312,106,106,auto_candidate,consensus,False,3,0.4260929725927858,0.6157296667204201,0.6454244070956431,5113,0.7604104699583581,0.7622242098986285,False,0.5484835910831002,0.10562960803508759,True,0.7467564281377054,0.11573130637407303,True,1637.0,0.2434562760261749,1.0,0.2434562760261749,0.24309025649777188,0.334622248661511,0.0,0.5519489809404545,0.09329190850257874,True,9978.0,1.4839381320642475,0.6607536580477049,0.9805175490779298,0.023333713707192005,0.598433606265575,1.0,7012.0,1.0428316478286734,0.7301768397033657,0.7614515169541939,0.43416286635535994,0.6346232179226069,1.0
1002,49,49,train,bright,E.coli,other,preprocessed_intensity_sigma040/local_flatfield/bright/1002.png,processed_plate_strategy_b_circle/counting_mask/bright/1002.png,739,1251,110,109,723,1235,142,141,auto_candidate,consensus,False,3,0.46842272640087296,0.6562024785804855,0.6764289456724998,6635,0.5533778148457048,0.6909299177340414,False,0.60326656188339,0.10982690751552582,True,0.8377165716341829,0.10548357665538788,True,3947.0,0.3291909924937448,1.0,0.3291909924937448,0.13371939274904246,0.5074228523769808,0.0,0.5276243022238838,0.08488716930150986,True,18720.0,1.561301084236864,0.6274038461538461,0.9795663052543786,0.02935771607649469,0.5988412745979422,1.0,8246.0,0.6877397831526272,0.7923841862721319,0.544954128440367,0.4775180627880768,0.5848068107400131,1.0
1002,50,50,train,bright,E.coli,other,preprocessed_intensity_sigma040/local_flatfield/bright/1002.png,processed_plate_strategy_b_circle/counting_mask/bright/1002.png,625,1452,120,120,607,1434,156,156,auto_candidate,consensus,False,3,0.5064470590350248,0.658094358904303,0.6904942142239798,6988,0.48527777777777775,0.6463189049204587,False,0.6031182567744281,0.11409314721822739,True,0.8439468818917943,0.10524391382932663,True,4785.0,0.33229166666666665,1.0,0.33229166666666665,0.09531401706986456,0.49583333333333335,0.0,0.5272179380466867,0.08472823351621628,True,21774.0,1.5120833333333332,0.5962156700652154,0.9015277777777778,0.017317828499942733,0.591715976331361,1.0,8866.0,0.6156944444444444,0.7518610421836228,0.46291666666666664,0.4673391275837343,0.6430132140255956,1.0
1002,51,51,train,bright,E.coli,other,preprocessed_intensity_sigma040/local_flatfield/bright/1002.png,processed_plate_strategy_b_circle/counting_mask/bright/1002.png,688,1446,69,69,678,1436,89,89,auto_candidate,consensus,False,3,0.4728664847129018,0.5847466207265836,0.6494019179401491,2534,0.5322411258139046,0.608988223984619,False,0.5446821305563937,0.13309592008590698,True,0.6521306203658229,0.13613402843475342,True,1994.0,0.41881957571938666,0.8866599799398195,0.3713505566057551,0.5338919175298396,0.5861952292336322,1.0,0.5574271112575342,0.10980929434299469,True,6629.0,1.392354547363999,0.7096092925026399,0.9880277252678009,0.13551419666314346,0.6010604721626057,1.0,2959.0,0.621508086536442,0.7303142953700574,0.4538962402856543,0.6831713412969539,0.463231850117096,1.0
1002,52,52,train,bright,E.coli,other,preprocessed_intensity_sigma040/local_flatfield/bright/1002.png,processed_plate_strategy_b_circle/counting_mask/bright/1002.png,702,1408,74,75,691,1397,96,97,auto_candidate,consensus,False,3,0.5479559081481697,0.60504250447884,0.6838015696433954,3390,0.6108108108108108,0.712484237074401,False,0.5664826771472823,0.11005669087171555,True,0.7051281681956393,0.10578592121601105,True,3019.0,0.543963963963964,0.9364027823782709,0.5093693693693694,0.37739443623328384,0.6305603697284806,1.0,0.5435166680935986,0.0851849690079689,True,8731.0,1.573153153153153,0.6823960600160348,1.0735135135135134,0.031612848678868787,0.5960051546391752,1.0,3836.0,0.6911711711711712,0.7632950990615224,0.5275675675675676,0.6103560044606549,0.5045454545454545,1.0
1002,53,53,train,bright,E.coli,other,preprocessed_intensity_sigma040/local_flatfield/bright/1002.png,processed_plate_strategy_b_circle/counting_mask/bright/1002.png,736,1431,62,62,727,1422,80,80,auto_candidate,consensus,False,3,0.5566402123331325,0.5965931099966385,0.6834613183152518,2615,0.6802809573361083,0.7768865121806299,False,0.5645445423399463,0.12157629430294037,True,0.6671546197162267,0.12617403268814087,True,2186.0,0.568678459937565,0.8920402561756633,0.5072840790842872,0.4819685149020096,0.6169780666125102,1.0,0.5580801679337424,0.10162973403930664,True,5535.0,1.4399063475546305,0.6890695573622403,0.9921956295525495,0.06394825653175885,0.600625,1.0,2847.0,0.7406347554630593,0.7657182999648753,0.5671175858480749,0.6088378663130177,0.5618069815195071,1.0
1002,54,54,train,bright,E.coli,other,preprocessed_intensity_sigma040/local_flatfield/bright/1002.png,processed_plate_strategy_b_circle/counting_mask/bright/1002.png,722,1472,66,73,711,1461,88,95,auto_candidate,consensus,False,3,0.3936991441379885,0.6269106050287151,0.6385589424597821,3306,0.6861768368617683,0.6133580705009276,False,0.588407345028622,0.13309592008590698,True,0.7629155997968707,0.13376396894454956,True,1147.0,0.23806558738065586,1.0,0.23806558738065586,0.16673432218053477,0.42839352428393523,0.0,0.5294088702606525,0.10769341140985489,True,7437.0,1.5435865504358655,0.6337232755143203,0.9782067247820673,0.03978631016519772,0.5763157894736842,1.0,4263.0,0.8848069738480697,0.7185080928923293,0.6357409713574097,0.1988302010847346,0.596656346749226,1.0
1002,55,55,train,bright,E.coli,other,preprocessed_intensity_sigma040/local_flatfield/bright/1002.png,processed_plate_strategy_b_circle/counting_mask/bright/1002.png,738,1494,120,120,720,1476,156,156,auto_candidate,consensus,False,3,0.4953301585378969,0.6660084088199592,0.6897689190162476,8102,0.5626388888888889,0.7283351312477526,False,0.5999870820494948,0.11391698569059372,True,0.8751663033441935,0.10770327597856522,True,5242.0,0.3640277777777778,1.0,0.3640277777777778,0.04454145452472126,0.5211805555555555,0.0,0.5228718410661892,0.08664049953222275,True,22544.0,1.5655555555555556,0.619277856635912,0.9695138888888889,0.03287429201644887,0.591715976331361,1.0,9783.0,0.679375,0.7789021772462434,0.5291666666666667,0.507123762974639,0.6223404255319149,1.0
1002,56,56,train,bright,E.coli,other,preprocessed_intensity_sigma040/local_flatfield/bright/1002.png,processed_plate_strategy_b_circle/counting_mask/bright/1002.png,771,1457,83,68,759,1445,107,92,auto_candidate,consensus,False,3,0.6096584946260523,0.583784162409974,0.696894138083108,4416,0.7824238128986535,0.7049808429118773,False,0.5497139870284319,0.12142311036586761,True,0.6665889765530181,0.12916040420532227,True,2811.0,0.49805102763997167,0.8890074706510138,0.4427710843373494,0.4794538037473884,0.5311066513761468,1.0,0.5350495236484719,0.10413357615470886,True,8088.0,1.4330262225372077,0.6319238377843719,0.9055634301913537,0.07250215295008278,0.5733441690369768,1.0,6267.0,1.1103827072997874,0.67496409765438,0.7494684620836286,0.2532463438226548,0.6390398550724637,1.0
1002,57,57,train,bright,E.coli,other,preprocessed_intensity_sigma040/local_flatfield/bright/1002.png,processed_plate_strategy_b_circle/counting_mask/bright/1002.png,785,1415,95,92,771,1401,123,120,auto_candidate,consensus,False,3,0.5832150372521919,0.6682917375755354,0.7214419580684813,4332,0.4956521739130435,0.6522131887985546,False,0.5891430830427774,0.1096813753247261,True,0.8852150417727447,0.10240767896175385,True,3664.0,0.41922196796338673,0.974617903930131,0.4085812356979405,0.24970381188050175,0.6370967741935484,0.0,0.5305170879110841,0.08237691968679428,True,12527.0,1.4332951945080092,0.6276842021234135,0.8996567505720824,0.10866042713656865,0.592140921409214,1.0,5424.0,0.6205949656750572,0.7684365781710915,0.4768878718535469,0.5426894843482863,0.5282541975085756,1.0
1002,58,58,train,bright,E.coli,other,preprocessed_intensity_sigma040/local_flatfield/bright/1002.png,processed_plate_strategy_b_circle/counting_mask/bright/1002.png,856,1465,110,110,840,1449,142,142,auto_candidate,consensus,False,3,0.5165160986616534,0.6721486656211462,0.6996401007800371,6832,0.5646280991735537,0.7261904761904762,False,0.6180385494362012,0.11314339190721512,True,0.8599557350243783,0.10996028780937195,True,4167.0,0.3443801652892562,1.0,0.3443801652892562,0.07642125029572626,0.5472727272727272,0.0,0.5384517124028592,0.08860543370246887,True,17989.0,1.4866942148760331,0.6298293401523153,0.9363636363636364,0.0454649490505512,0.6000793493354493,1.0,8136.0,0.672396694214876,0.8223942969518191,0.5529752066115703,0.45478562071106654,0.5694553036226219,1.0
1002,59,59,train,bright,E.coli,other,preprocessed_intensity_sigma040/local_flatfield/bright/1002.png,processed_plate_strategy_b_circle/counting_mask/bright/1002.png,902,1427,110,109,886,1411,142,141,auto_candidate,consensus,False,3,0.5327959869317355,0.6636708443396807,0.7019469331619796,6380,0.5321100917431193,0.6923494302767227,False,0.6059440427157291,0.1177389845252037,True,0.8534741273981308,0.12036819010972977,True,3899.0,0.32518765638031694,1.0,0.32518765638031694,0.01653797519609234,0.5316930775646372,0.0,0.5315943629051826,0.09706313163042068,True,14445.0,1.2047539616346956,0.6571131879543094,0.7916597164303586,0.26550634179499494,0.5988412745979422,1.0,7480.0,0.6238532110091743,0.8001336898395722,0.4991659716430359,0.537513443592723,0.53550178500595,1.0
1002,60,60,train,bright,E.coli,other,preprocessed_intensity_sigma040/local_flatfield/bright/1002.png,processed_plate_strategy_b_circle/counting_mask/bright/1002.png,960,1732,145,145,938,1710,189,189,needs_review,consensus,False,3,0.27347210788349213,0.7372737676066702,0.6406247448018904,6976,0.33179548156956007,0.7751111111111111,False,0.4704485927504497,0.498046875,True,0.8363364861535927,0.1519775092601776,True,6912.0,0.3287514863258026,1.0,0.3287514863258026,0.08372164339798877,0.4280618311533888,0.0,0.905036223915968,0.12667228281497955,True,8494.0,0.4039952437574316,1.0,0.4039952437574316,0.03210917176700187,0.5292746730083234,0.0,14.0,0.0006658739595719382,1.0,0.0006658739595719382,0.8027598056633036,0.0008561236623067776,0.0
1002,61,61,train,bright,E.coli,other,preprocessed_intensity_sigma040/local_flatfield/bright/1002.png,processed_plate_strategy_b_circle/counting_mask/bright/1002.png,950,1373,133,133,930,1353,173,173,auto_candidate,consensus,False,3,0.5450837938462402,0.7136806765764928,0.7262515984767812,5207,0.2943637288710498,0.7207918050941307,False,0.8003755328885261,0.11365656554698944,True,0.819411950054079,0.10378222167491913,True,5156.0,0.29148058115212844,1.0,0.29148058115212844,0.006775809197728703,0.40838939453897904,0.0,0.5212545467868736,0.08355202525854111,True,22200.0,1.2550172423540054,0.6207207207207207,0.7790152071909096,0.2231678119480391,0.5910321093254035,1.0,4823.0,0.27265532251681834,1.0,0.27265532251681834,0.017623315810255495,0.3617502402623099,0.0
1002,62,62,train,bright,E.coli,other,preprocessed_intensity_sigma040/local_flatfield/bright/1002.png,processed_plate_strategy_b_circle/counting_mask/bright/1002.png,1062,1361,110,110,1046,1345,142,142,auto_candidate,consensus,False,3,0.5116509411584406,0.7236579744396069,0.718541019181297,3962,0.3274380165289256,0.7154207295052365,False,0.7957212572683745,0.11376379430294037,True,0.8399601889523259,0.10189057141542435,True,3931.0,0.32487603305785123,1.0,0.32487603305785123,0.05955834827098646,0.45768595041322313,0.0,0.5352924770981204,0.08201228827238083,True,17143.0,1.4167768595041321,0.6022866476112699,0.8533057851239669,0.02200179225903572,0.6000793493354493,1.0,3302.0,0.27289256198347106,1.0,0.27289256198347106,0.06707630838994208,0.3814049586776859,0.0
1002,63,63,train,bright,E.coli,other,preprocessed_intensity_sigma040/local_flatfield/bright/1002.png,processed_plate_strategy_b_circle/counting_mask/bright/1002.png,1043,1295,99,100,1028,1280,129,130,auto_candidate,consensus,False,3,0.5173885888478674,0.7374117740429691,0.7260507157139412,3504,0.35393939393939394,0.6951001785360048,False,0.8270183951090169,0.11382506787776947,True,0.8627007501543575,0.09673390537500381,True,3428.0,0.34626262626262627,1.0,0.34626262626262627,0.038033133753358685,0.5091919191919192,0.0,0.5225161768655326,0.07788106799125671,True,15156.0,1.530909090909091,0.6194906307732911,0.9483838383838383,0.08237295064244064,0.590339892665474,1.0,3044.0,0.30747474747474746,1.0,0.30747474747474746,0.03960095130127922,0.42,0.0
1002,64,64,train,bright,E.coli,other,preprocessed_intensity_sigma040/local_flatfield/bright/1002.png,processed_plate_strategy_b_circle/counting_mask/bright/1002.png,1065,1865,109,109,1049,1849,141,141,needs_review,consensus,False,3,0.15413056725164626,0.5676339065976236,0.5309992611771257,2495,0.20999915832000673,0.3449944690265487,False,0.4795869627891202,0.482421875,True,0.5930715487129645,0.22130954265594482,True,2642.0,0.22237185422102518,0.9538228614685844,0.21210335830317315,0.07262696767772894,0.38995304464485353,1.0,0.630243208290786,0.18353340029716492,True,6798.0,0.5721740594226076,0.7918505442777287,0.4530763403753893,0.35849336449924507,0.5414571323439225,1.0,11.0,0.0009258479925932161,1.0,0.0009258479925932161,0.7377196511183348,0.00126251998989984,0.0
1002,65,65,train,bright,E.coli,other,preprocessed_intensity_sigma040/local_flatfield/bright/1002.png,processed_plate_strategy_b_circle/counting_mask/bright/1002.png,1132,1822,120,120,1114,1804,156,156,needs_review,consensus,False,3,0.0917676236225698,0.6073829419660489,0.525071845054319,1877,0.13034722222222223,0.40158322635857935,False,0.49060097644814943,0.498046875,True,0.6549562838612029,0.20455534756183624,True,1808.0,0.12555555555555556,1.0,0.12555555555555556,0.26007201068284425,0.246875,0.0,0.6765915655887943,0.17015305161476135,True,8426.0,0.5851388888888889,0.808687396154759,0.4731944444444444,0.18061082745249935,0.6903103229892337,1.0,17.0,0.0011805555555555556,1.0,0.0011805555555555556,0.6591269142733965,0.001875,0.0
1002,66,66,train,bright,E.coli,other,preprocessed_intensity_sigma040/local_flatfield/bright/1002.png,processed_plate_strategy_b_circle/counting_mask/bright/1002.png,1238,1817,120,120,1220,1799,156,156,needs_review,consensus,False,3,0.1936200160189574,0.5497734489640288,0.5376763851922466,2697,0.18729166666666666,0.31521739130434784,False,0.40818579025181123,0.498046875,True,0.5714718477865455,0.21127824485301971,True,2760.0,0.19166666666666668,0.936231884057971,0.17944444444444443,0.09867005369422327,0.4843304843304843,1.0,0.6696627088537296,0.1764112114906311,True,5604.0,0.38916666666666666,0.826017130620985,0.32145833333333335,0.10309888452320055,0.6284319707138499,1.0,131.0,0.009097222222222222,0.8396946564885496,0.007638888888888889,0.918443959898297,0.027710926218799423,0.0
1002,67,67,train,bright,E.coli,other,preprocessed_intensity_sigma040/local_flatfield/bright/1002.png,processed_plate_strategy_b_circle/counting_mask/bright/1002.png,1301,1671,132,132,1281,1651,172,172,needs_review,consensus,False,3,0.1178609435970202,0.5963462406726773,0.529789826528028,3987,0.22882231404958678,0.55375,False,0.506602546221001,0.498046875,True,0.7601669331641222,0.15855750441551208,True,3927.0,0.22537878787878787,1.0,0.22537878787878787,0.0872893727265365,0.3787878787878788,0.0,0.5222692426329086,0.1316608041524887,True,17114.0,0.982208448117539,0.6585251840598341,0.6468089990817264,0.48543189975207957,0.6331395348837209,1.0,13.0,0.0007460973370064279,1.0,0.0007460973370064279,0.5399177073147072,0.0013774104683195593,0.0
1002,68,68,train,bright,E.coli,other,preprocessed_intensity_sigma040/local_flatfield/bright/1002.png,processed_plate_strategy_b_circle/counting_mask/bright/1002.png,1294,1604,132,132,1274,1584,172,172,auto_candidate,consensus,False,2,0.3887062352194728,0.7000666595770153,0.5827405128242883,6739,0.3867653810835629,0.7078781512605042,False,0.0,0.498046875,False,0.8773779735026497,0.1144089624285698,True,6643.0,0.38125573921028466,1.0,0.38125573921028466,0.1327643407883237,0.5463728191000918,0.0,0.5227553456513808,0.09243234992027283,True,27022.0,1.5508494031221305,0.6418103767300718,0.9953512396694215,0.1076409466763728,0.588967009194159,1.0,,,,,,,
1002,69,69,train,bright,E.coli,other,preprocessed_intensity_sigma040/local_flatfield/bright/1002.png,processed_plate_strategy_b_circle/counting_mask/bright/1002.png,1365,1420,160,161,1341,1396,208,209,auto_candidate,consensus,False,3,0.47834906130869737,0.72446841738465,0.707209538411904,8918,0.34619565217391307,0.7109941800207287,False,0.8101744980772825,0.1255514919757843,True,0.8558519294954188,0.09565625339746475,True,8743.0,0.3394021739130435,1.0,0.3394021739130435,0.03749209521506835,0.48691770186335404,0.0,0.5073788245812487,0.076893649995327,True,42712.0,1.6580745341614906,0.6154710619966286,1.020496894409938,0.012443353104667924,0.5925653294074347,1.0,7313.0,0.28388975155279506,1.0,0.28388975155279506,0.024300031632536235,0.39200310559006213,0.0
1002,70,70,train,bright,E.coli,other,preprocessed_intensity_sigma040/local_flatfield/bright/1002.png,processed_plate_strategy_b_circle/counting_mask/bright/1002.png,1448,1696,132,133,1428,1676,172,173,needs_review,consensus,False,3,0.12118712501169114,0.5492923369106263,0.5121324285183424,2530,0.14411027568922305,0.1996527777777778,False,0.4924362494449951,0.439453125,True,0.5245961155149126,0.20164203643798828,True,2738.0,0.1559580770107086,0.9079620160701242,0.14160401002506265,0.22186373629011524,0.5301639344262296,1.0,0.6308446457719711,0.1671552211046219,True,9218.0,0.525062656641604,0.7633977001518768,0.40083162451583504,0.3380366820368317,0.6004103967168263,1.0,11.0,0.0006265664160401002,1.0,0.0006265664160401002,0.6424433868423357,0.001139211665527455,0.0
1002,71,71,train,bright,E.coli,other,preprocessed_intensity_sigma040/local_flatfield/bright/1002.png,processed_plate_strategy_b_circle/counting_mask/bright/1002.png,1512,1623,132,132,1492,1603,172,172,needs_review,consensus,False,3,0.07745304546252414,0.605924515780493,0.5194783722240807,1765,0.10129706152433425,0.42448292448292446,False,0.5548125438331362,0.416015625,True,0.6299795107071511,0.19570767879486084,True,1741.0,0.09991965105601469,1.0,0.09991965105601469,0.30824482290439026,0.23863636363636365,0.0,0.632981492801192,0.16263119876384735,True,10058.0,0.5772497704315886,0.7564128057267846,0.4366391184573003,0.2464631645370177,0.588967009194159,1.0,16.0,0.0009182736455463728,1.0,0.0009182736455463728,0.18999903339370383,0.0024104683195592287,0.0
1002,72,72,train,bright,E.coli,other,preprocessed_intensity_sigma040/local_flatfield/bright/1002.png,processed_plate_strategy_b_circle/counting_mask/bright/1002.png,1611,1497,145,145,1589,1475,189,189,needs_review,consensus,False,3,0.021473085989215022,0.5637474361494427,0.4830145545560023,665,0.03162901307966706,0.2805907172995781,False,0.4705916212378714,0.478515625,True,0.5247648575373254,0.18556523323059082,True,646.0,0.030725326991676575,1.0,0.030725326991676575,0.5977155107868569,0.057074910820451845,0.0,0.6958858296731313,0.15442539751529694,True,12337.0,0.5867776456599286,0.8381292048309962,0.49179548156956004,0.06816269147899257,0.5885893452031018,1.0,11.0,0.0005231866825208086,1.0,0.0005231866825208086,0.8012475409501834,0.0011890606420927466,0.0
1002,73,73,train,bright,E.coli,other,preprocessed_intensity_sigma040/local_flatfield/bright/1002.png,processed_plate_strategy_b_circle/counting_mask/bright/1002.png,1769,1128,160,160,1745,1104,208,208,needs_review,consensus,False,3,0.003280444533708241,0.6258594479709881,0.5014919347751932,98,0.003828125,0.44545454545454544,False,0.5781629255744377,0.501953125,True,0.5591878443400762,0.22472473978996277,True,76.0,0.00296875,1.0,0.00296875,0.16941987055268523,0.00390625,0.0,0.7402275739984503,0.18937745690345764,True,10866.0,0.424453125,0.9175409534327259,0.389453125,0.00616694279585057,0.5699481865284974,1.0,22.0,0.000859375,1.0,0.000859375,0.019393236552131852,0.00234375,0.0
1002,74,74,train,bright,E.coli,other,preprocessed_intensity_sigma040/local_flatfield/bright/1002.png,processed_plate_strategy_b_circle/counting_mask/bright/1002.png,1140,1383,94,104,1124,1367,126,136,auto_candidate,consensus,False,3,0.663537671824035,0.6731531039994527,0.7514994267381934,5365,0.5487929623567921,0.7917650531286895,False,0.6345367097904252,0.11403953284025192,True,0.8690842887663772,0.10939931869506836,True,5175.0,0.5293576104746317,0.9395169082125604,0.4973404255319149,0.2929070805023216,0.6043956043956044,0.0,0.5158383134415558,0.08808273822069168,True,14932.0,1.5274140752864158,0.5791588534690597,0.8846153846153846,0.02140971905450781,0.5704948646125116,1.0,6100.0,0.6239770867430442,0.8218032786885245,0.5127864157119476,0.4348661503004382,0.6052631578947368,1.0
1002,75,75,train,bright,E.coli,other,preprocessed_intensity_sigma040/local_flatfield/bright/1002.png,processed_plate_strategy_b_circle/counting_mask/bright/1002.png,1171,1393,95,102,1156,1378,125,132,auto_candidate,consensus,False,3,0.6253472802344618,0.6746286852663985,0.7387230221886211,7098,0.7325077399380805,0.8055839291794348,False,0.616577997390632,0.11780790984630585,True,0.8595063609714335,0.11789685487747192,True,5305.0,0.5474716202270382,0.9387370405278039,0.5139318885448917,0.3622277663745704,0.6562063506844212,0.0,0.5478016974371303,0.09512361139059067,True,14448.0,1.4910216718266254,0.6596068660022149,0.9834881320949432,0.040492122795531924,0.5872727272727273,1.0,8116.0,0.8375644994840041,0.8239280433711188,0.6900928792569659,0.2823519539153112,0.5771060528434458,1.0
1002,76,76,train,bright,E.coli,other,preprocessed_intensity_sigma040/local_flatfield/bright/1002.png,processed_plate_strategy_b_circle/counting_mask/bright/1002.png,1216,1358,115,111,1199,1341,149,145,auto_candidate,consensus,False,3,0.48198050226529365,0.6564628446987055,0.681278313672335,8463,0.6629847238542891,0.6184143222506394,False,0.5983477253867012,0.12149204313755035,True,0.8322938727227028,0.12081898748874664,True,4040.0,0.3164904034469252,1.0,0.3164904034469252,0.09615076150213683,0.4886016451233843,0.0,0.5387469359867125,0.09735946357250214,True,19228.0,1.5063063063063062,0.6278864156438527,0.945789267528398,0.019110355028237852,0.5908354547558435,1.0,11070.0,0.8672150411280846,0.7357723577235772,0.6380728554641598,0.21186279073673267,0.6346010439970171,1.0
1002,77,77,train,bright,E.coli,other,preprocessed_intensity_sigma040/local_flatfield/bright/1002.png,processed_plate_strategy_b_circle/counting_mask/bright/1002.png,1231,1319,71,68,1220,1308,93,90,auto_candidate,consensus,False,3,0.5734495192309944,0.5669320745312251,0.6774801615433381,3569,0.7392294946147473,0.7398424543946932,False,0.543584130016156,0.12555915117263794,True,0.6265263379057805,0.12960198521614075,True,3183.0,0.6592792046396023,0.8102419101476594,0.5341756420878211,0.4208387163978681,0.6224638857328356,1.0,0.5306857556717386,0.10447052121162415,True,7634.0,1.5811930405965202,0.6536547026460571,1.0335542667771334,0.02901450298030012,0.5768219832735961,1.0,4435.0,0.9185998342999171,0.6987598647125141,0.641880695940348,0.4367882033535688,0.5793296089385475,1.0
1002,78,78,train,bright,E.coli,other,preprocessed_intensity_sigma040/local_flatfield/bright/1002.png,processed_plate_strategy_b_circle/counting_mask/bright/1002.png,1251,1274,126,121,1232,1255,164,159,auto_candidate,consensus,False,3,0.5846427242245048,0.6949614897121851,0.7326095493634508,8156,0.5349599895054441,0.7133735677424998,False,0.658202086948433,0.12179841846227646,True,0.9051729014732957,0.11022336781024933,True,6944.0,0.4554637281910009,0.9573732718894009,0.4360487996851633,0.15392722390236593,0.5852348993288591,0.0,0.5215094807148268,0.08877972513437271,True,23727.0,1.5562770562770563,0.6118346187887217,0.9521841794569067,0.031869012978478835,0.5846755637367694,1.0,8941.0,0.5864489046307229,0.85874063303881,0.5036075036075036,0.3964441267026954,0.5713369669765951,1.0
1002,79,79,train,bright,E.coli,other,preprocessed_intensity_sigma040/local_flatfield/bright/1002.png,processed_plate_strategy_b_circle/counting_mask/bright/1002.png,1357,1061,132,132,1337,1041,172,172,needs_review,consensus,False,3,0.039476602350853846,0.6442570803536317,0.5215196429642515,712,0.04086317722681359,0.18426501035196688,False,0.5068224917930606,0.474609375,True,0.5701820573475219,0.22579827904701233,True,428.0,0.024563820018365472,1.0,0.024563820018365472,0.26448614847534324,0.09641873278236915,0.0,0.8557666919203125,0.1926228553056717,True,6012.0,0.3450413223140496,1.0,0.3450413223140496,0.05625311590474587,0.47319788797061524,0.0,284.0,0.016299357208448117,1.0,0.016299357208448117,0.6360234612064981,0.028925619834710745,0.0
1002,80,80,train,bright,E.coli,other,preprocessed_intensity_sigma040/local_flatfield/bright/1002.png,processed_plate_strategy_b_circle/counting_mask/bright/1002.png,1245,1078,102,105,1229,1062,134,137,needs_review,consensus,False,3,0.16968335817689673,0.6411821435500894,0.5658620327819497,1178,0.1099906629318394,0.5021312872975278,False,0.54701093360041,0.431640625,True,0.629725862382015,0.23188523948192596,True,1161.0,0.10840336134453782,1.0,0.10840336134453782,0.318951534510225,0.1927170868347339,0.0,0.7468096346678434,0.19755524396896362,True,2292.0,0.21400560224089635,1.0,0.21400560224089635,0.09600727081567516,0.33501400560224087,0.0,43.0,0.004014939309056956,1.0,0.004014939309056956,0.2649400954866015,0.005975723622782446,0.0
1002,81,81,train,bright,E.coli,other,preprocessed_intensity_sigma040/local_flatfield/bright/1002.png,processed_plate_strategy_b_circle/counting_mask/bright/1002.png,1176,1156,90,94,1162,1142,118,122,auto_candidate,consensus,False,3,0.5155357468871083,0.6806573371947463,0.7027004462883865,3873,0.45780141843971633,0.6052508204406939,False,0.6667581356628342,0.10578279197216034,True,0.8380623049269137,0.09863632917404175,True,2666.0,0.31513002364066195,1.0,0.31513002364066195,0.07215973754560615,0.5226950354609929,0.0,0.5371515709944911,0.07946009933948517,True,10468.0,1.237352245862884,0.669277799006496,0.8281323877068558,0.26677047781736557,0.6344682765861707,1.0,4251.0,0.5024822695035461,0.8673253352152435,0.4358156028368794,0.4371890115642817,0.5811832970676614,1.0
1002,82,82,train,bright,E.coli,other,preprocessed_intensity_sigma040/local_flatfield/bright/1002.png,processed_plate_strategy_b_circle/counting_mask/bright/1002.png,1206,1124,68,68,1196,1114,88,88,auto_candidate,consensus,False,2,0.5944477972238986,0.692043212206149,0.6515406805774907,985,0.21301903114186851,0.6163954943679599,False,0.14091588672968983,0.27829352021217346,False,0.7439223280209798,0.14013177156448364,True,990.0,0.21410034602076125,1.0,0.21410034602076125,0.1252437659081525,0.34558823529411764,0.0,0.6401640963913181,0.11380589753389359,True,1967.0,0.42538927335640137,0.8429079816980173,0.3585640138408305,0.4399200150896252,0.4879000780640125,1.0,382.0,0.08261245674740485,0.45549738219895286,0.03762975778546713,1.1223549654581095,0.04221954161640531,1.0
1002,83,83,train,bright,E.coli,other,preprocessed_intensity_sigma040/local_flatfield/bright/1002.png,processed_plate_strategy_b_circle/counting_mask/bright/1002.png,1214,1078,68,68,1204,1068,88,88,auto_candidate,consensus,False,3,0.7302678890333233,0.7078002034908694,0.7887138425580109,949,0.20523356401384082,0.5234418091560948,False,0.7342518132707214,0.357421875,True,0.7398163882376079,0.223221555352211,True,949.0,0.20523356401384082,1.0,0.20523356401384082,0.14483482689265154,0.3920847750865052,0.0,0.649332408964279,0.18527531623840332,True,1836.0,0.39705882352941174,0.8420479302832244,0.3343425605536332,0.31154777998469163,0.5904986258343149,1.0,925.0,0.2000432525951557,1.0,0.2000432525951557,0.15367175917114273,0.38408304498269896,0.0
1002,84,84,train,bright,E.coli,other,preprocessed_intensity_sigma040/local_flatfield/bright/1002.png,processed_plate_strategy_b_circle/counting_mask/bright/1002.png,1181,1068,52,51,1173,1060,68,67,auto_candidate,consensus,False,3,0.786947115263669,0.6011297557591967,0.7658833926459628,683,0.2575414781297134,0.42821316614420063,False,0.5863282348643893,0.33041515946388245,True,0.5920445736978054,0.22464580833911896,True,843.0,0.3178733031674208,0.8149466192170819,0.25904977375565613,0.30797262830340805,0.6375,1.0,0.6250164587153955,0.18717345595359802,True,1395.0,0.5260180995475113,0.6989247311827957,0.36764705882352944,0.2035845543351809,0.6597014925373135,1.0,819.0,0.3088235294117647,0.818070818070818,0.2526395173453997,0.31231130899782894,0.6312703583061889,1.0
1002,85,85,train,bright,E.coli,other,preprocessed_intensity_sigma040/local_flatfield/bright/1002.png,processed_plate_strategy_b_circle/counting_mask/bright/1002.png,1184,1108,42,42,1178,1102,54,54,needs_review,consensus,False,3,0.14080033756425456,0.5535046861207804,0.5206819925958013,421,0.23866213151927437,0.36929824561403507,False,0.4042375075957251,0.3053615093231201,True,0.6217436569103277,0.16024908423423767,True,176.0,0.09977324263038549,1.0,0.09977324263038549,0.3130225340294484,0.16383219954648526,0.0,0.6345328938562883,0.13247480988502502,True,1155.0,0.6547619047619048,0.8562770562770563,0.5606575963718821,0.4516542580663356,0.578853046594982,1.0,296.0,0.16780045351473924,0.8851351351351351,0.14852607709750568,0.8499082405464978,0.19626168224299065,1.0
1002,86,86,train,bright,E.coli,other,preprocessed_intensity_sigma040/local_flatfield/bright/1002.png,processed_plate_strategy_b_circle/counting_mask/bright/1002.png,1157,1103,47,47,1150,1096,61,61,needs_review,consensus,False,3,0.19051603905160389,0.5845529937625028,0.5505018111730625,683,0.3091896785875962,0.3891737891737892,False,0.3412301444788389,0.2953125238418579,True,0.7136140358929615,0.14320839941501617,True,409.0,0.18515165233137165,1.0,0.18515165233137165,0.20724432597309406,0.3531009506564056,0.0,0.6988148009157082,0.11838158220052719,True,1278.0,0.5785423268447262,0.931924882629108,0.5391579900407424,0.3109355337263987,0.5903954802259888,1.0,352.0,0.1593481213218651,0.7897727272727273,0.12584880036215482,0.9722089319048892,0.150138285262742,1.0
1002,87,87,train,bright,E.coli,other,preprocessed_intensity_sigma040/local_flatfield/bright/1002.png,processed_plate_strategy_b_circle/counting_mask/bright/1002.png,1153,1141,54,52,1145,1133,70,68,auto_candidate,consensus,False,3,0.7141346127985534,0.663399963136581,0.765307099734126,1930,0.6873219373219374,0.8116063919259883,False,0.5470642284471764,0.10186122357845306,True,0.888802172961308,0.10982781648635864,True,1314.0,0.46794871794871795,0.982496194824962,0.45975783475783477,0.3076466066120899,0.5427435387673957,0.0,0.5543334880012585,0.0883912518620491,True,2842.0,1.0121082621082622,0.754750175932442,0.7638888888888888,0.4181295353409352,0.5613861386138614,1.0,2572.0,0.915954415954416,0.7480559875583204,0.6851851851851852,0.4979368566444398,0.5275551102204409,1.0
1002,88,88,train,bright,E.coli,other,preprocessed_intensity_sigma040/local_flatfield/bright/1002.png,processed_plate_strategy_b_circle/counting_mask/bright/1002.png,1147,1164,51,52,1139,1156,67,68,auto_candidate,consensus,False,3,0.6402567014576033,0.6774630297980334,0.7450750574293745,2202,0.830316742081448,0.714935064935065,False,0.5754831960847677,0.10618873685598373,True,0.8845778389841198,0.11268657445907593,True,1369.0,0.5162141779788839,0.9788166544923301,0.5052790346907994,0.3461347445728995,0.6490384615384616,0.0,0.572328054325213,0.09102726727724075,True,3607.0,1.360105580693816,0.7155530912115331,0.9732277526395173,0.03893958125128699,0.582089552238806,1.0,2806.0,1.0580693815987934,0.7583749109052031,0.8024132730015083,0.2598298887096305,0.582089552238806,1.0
1002,89,89,train,bright,E.coli,other,preprocessed_intensity_sigma040/local_flatfield/bright/1002.png,processed_plate_strategy_b_circle/counting_mask/bright/1002.png,1114,1149,57,57,1105,1140,75,75,auto_candidate,consensus,False,3,0.5051145292928686,0.670654272596264,0.6950517942910096,1708,0.525700215450908,0.6977124183006536,False,0.6258894452546474,0.10179995000362396,True,0.7661239293057929,0.09952280670404434,True,785.0,0.24161280393967374,1.0,0.24161280393967374,0.11888455999941572,0.3705755617112958,0.0,0.6199494432283517,0.08021444082260132,True,2512.0,0.7731609726069559,0.839171974522293,0.6488150200061558,0.42466331019496634,0.6646525679758308,1.0,1952.0,0.6008002462296091,0.8140368852459017,0.48907356109572175,0.5145307823247799,0.6250326626600471,1.0
1002,90,90,train,bright,E.coli,other,preprocessed_intensity_sigma040/local_flatfield/bright/1002.png,processed_plate_strategy_b_circle/counting_mask/bright/1002.png,1045,1177,82,82,1033,1165,106,106,auto_candidate,consensus,False,3,0.5918351914956512,0.7407631379545833,0.7534475722053112,2365,0.35172516359309935,0.7179720704310868,False,0.8390489863631222,0.10191483795642853,True,0.8587816481023554,0.09410054236650467,True,2314.0,0.34414039262343843,1.0,0.34414039262343843,0.036085988348553324,0.4818560380725758,0.0,0.5244587793982722,0.07566164433956146,True,8122.0,1.207911957168352,0.6398670278256587,0.7729030339083879,0.27305915275806014,0.598433606265575,1.0,2192.0,0.32599643069601425,1.0,0.32599643069601425,0.03693205083409544,0.4098750743604997,0.0
1002,91,91,train,bright,E.coli,other,preprocessed_intensity_sigma040/local_flatfield/bright/1002.png,processed_plate_strategy_b_circle/counting_mask/bright/1002.png,1081,1124,56,59,1072,1115,74,77,auto_candidate,consensus,False,3,0.5916604284233561,0.6930721964286836,0.734310028519648,1520,0.4600484261501211,0.6089743589743589,False,0.6666601455851241,0.09417127072811127,True,0.8491335603536614,0.09342460334300995,True,1100.0,0.33292978208232443,1.0,0.33292978208232443,0.07254503328123081,0.5121065375302664,0.0,0.5634228833472652,0.07531816512346268,True,3274.0,0.9909200968523002,0.7015882712278558,0.6952179176755447,0.2645257697319676,0.6033601168736303,1.0,1618.0,0.4897094430992736,0.8856613102595797,0.43371670702179177,0.47066605894397967,0.5220933102937546,1.0
1002,92,92,train,bright,E.coli,other,preprocessed_intensity_sigma040/local_flatfield/bright/1002.png,processed_plate_strategy_b_circle/counting_mask/bright/1002.png,1057,1154,43,42,1051,1148,55,54,auto_candidate,consensus,False,3,0.41918620730665385,0.6667763034347662,0.6634256939312353,746,0.4130675526024363,0.507482993197279,False,0.6243671435126026,0.10612745583057404,True,0.7935760501096215,0.10696904361248016,True,497.0,0.2751937984496124,1.0,0.2751937984496124,0.11325315887803772,0.40753045404208194,0.0,0.5823857166820746,0.08593679219484329,True,2132.0,1.1805094130675526,0.75,0.8853820598006644,0.14335881909421705,0.6080808080808081,1.0,800.0,0.4429678848283499,0.815,0.3610188261351052,0.55600409549336,0.5,1.0
1002,93,93,train,bright,E.coli,other,preprocessed_intensity_sigma040/local_flatfield/bright/1002.png,processed_plate_strategy_b_circle/counting_mask/bright/1002.png,1035,1111,60,61,1026,1102,78,79,auto_candidate,consensus,False,3,0.6421883038889366,0.7409332504053255,0.771139206523258,1273,0.3478142076502732,0.7577380952380952,False,0.8288236582584594,0.09414829313755035,True,0.8429619888133605,0.09327314049005508,True,1205.0,0.3292349726775956,1.0,0.3292349726775956,0.05202719020110121,0.44754098360655736,0.0,0.5510141041441566,0.07488954067230225,True,3208.0,0.8765027322404372,0.6973192019950125,0.6112021857923498,0.39972403162474784,0.5606407322654462,1.0,1162.0,0.3174863387978142,1.0,0.3174863387978142,0.08871498933554728,0.43688524590163935,0.0
1002,94,94,train,bright,E.coli,other,preprocessed_intensity_sigma040/local_flatfield/bright/1002.png,processed_plate_strategy_b_circle/counting_mask/bright/1002.png,993,1164,68,69,983,1154,88,89,auto_candidate,consensus,False,3,0.617989290727568,0.7418292318909767,0.7630279445110395,1672,0.35635123614663256,0.6880658436213992,False,0.830116008723327,0.1020909994840622,True,0.862414940132304,0.0937611535191536,True,1672.0,0.35635123614663256,1.0,0.35635123614663256,0.09681849514963095,0.5179028132992327,0.0,0.5329567468172992,0.07525377720594406,True,5822.0,1.2408354646206308,0.5798694606664376,0.7195225916453538,0.048407298988901025,0.5990806945863125,1.0,1507.0,0.3211849957374254,1.0,0.3211849957374254,0.09994721821173806,0.4398976982097187,0.0
1002,95,95,train,bright,E.coli,other,preprocessed_intensity_sigma040/local_flatfield/bright/1002.png,processed_plate_strategy_b_circle/counting_mask/bright/1002.png,930,1170,82,83,918,1158,106,107,auto_candidate,consensus,False,3,0.5080202651746344,0.6710938966618465,0.6962446514758607,3701,0.5437848956802821,0.6945017826984425,False,0.6109936422617896,0.10564492642879486,True,0.862655071477165,0.1028314009308815,True,2341.0,0.3439612106964443,1.0,0.3439612106964443,0.033569980500662816,0.5183661475168968,0.0,0.5396329762465849,0.08272168040275574,True,9903.0,1.4550396708786364,0.6364737958194486,0.926094622392007,0.06292089564744792,0.6000705342973021,1.0,4421.0,0.649573905377608,0.8075096132096811,0.5245371730825742,0.4968123773896379,0.5602227895103272,1.0
1002,96,96,train,bright,E.coli,other,preprocessed_intensity_sigma040/local_flatfield/bright/1002.png,processed_plate_strategy_b_circle/counting_mask/bright/1002.png,938,1144,51,51,930,1136,67,67,auto_candidate,consensus,False,3,0.6787043954502509,0.5944432395448825,0.7253238342255408,1958,0.7527873894655902,0.7416666666666667,False,0.5837033048420067,0.1335478127002716,True,0.635178188187433,0.13675521314144135,True,2061.0,0.7923875432525952,0.86608442503639,0.6862745098039216,0.36553472566819745,0.6725917431192661,1.0,0.5644482256052079,0.11043577641248703,True,3755.0,1.443675509419454,0.7347536617842876,1.0607458669742407,0.11411847225421386,0.5794163510804188,1.0,2050.0,0.788158400615148,0.8063414634146342,0.635524798154556,0.5490429937847098,0.6065428824049514,1.0
1002,97,97,train,bright,E.coli,other,preprocessed_intensity_sigma040/local_flatfield/bright/1002.png,processed_plate_strategy_b_circle/counting_mask/bright/1002.png,881,1101,99,100,866,1086,129,130,auto_candidate,consensus,False,3,0.5461924078914487,0.6749584904820436,0.7111507389548245,6174,0.6236363636363637,0.7152455977757183,False,0.5879453444311,0.109865203499794,True,0.8966424593124819,0.10707169026136398,True,4278.0,0.43212121212121213,0.9682094436652642,0.41838383838383836,0.17312701128291091,0.5872838817624094,0.0,0.5402876677025489,0.0863446295261383,True,14952.0,1.5103030303030303,0.6551631888710541,0.9894949494949495,0.0696138438579064,0.590339892665474,1.0,7469.0,0.7544444444444445,0.7877895300575712,0.5943434343434344,0.49597700290981767,0.5882352941176471,1.0
1002,98,98,train,bright,E.coli,other,preprocessed_intensity_sigma040/local_flatfield/bright/1002.png,processed_plate_strategy_b_circle/counting_mask/bright/1002.png,953,1130,43,43,947,1124,55,55,needs_review,consensus,False,3,0.6565652568784176,0.5885907748709971,0.715234149855845,1796,0.971335857220119,0.813037573562698,False,0.5654323317429107,0.11753217875957489,True,0.6283308915239306,0.131720632314682,True,1267.0,0.685235262303948,0.824782951854775,0.5651703623580314,0.4238138074272312,0.6468597216998871,1.0,0.5720091013461499,0.10629797726869583,True,2555.0,1.3818280151433207,0.7702544031311155,1.0643591130340724,0.19054931962835894,0.6112396694214876,1.0,2318.0,1.253650621957815,0.7635893011216566,0.9572742022714981,0.2705378526490312,0.6112396694214876,1.0
1002,99,99,train,bright,E.coli,other,preprocessed_intensity_sigma040/local_flatfield/bright/1002.png,processed_plate_strategy_b_circle/counting_mask/bright/1002.png,942,1079,77,73,930,1067,101,97,auto_candidate,consensus,False,3,0.4869834921784279,0.6393004482069724,0.6761644015452387,3053,0.5431417897171322,0.7126517273576097,False,0.564285202837549,0.10610448569059372,True,0.8319527870533368,0.10447856038808823,True,1703.0,0.3029710016011386,1.0,0.3029710016011386,0.024494438644254834,0.4794520547945205,0.0,0.5216633547300312,0.08410021662712097,True,7273.0,1.293897882938979,0.6172143544617077,0.7986123465575521,0.18317759638114214,0.5737470654281923,1.0,3760.0,0.6689201209749155,0.7457446808510638,0.49884362213129335,0.6072420126693361,0.4974323386537127,1.0
1002,100,100,train,bright,E.coli,other,preprocessed_intensity_sigma040/local_flatfield/bright/1002.png,processed_plate_strategy_b_circle/counting_mask/bright/1002.png,993,1075,57,53,984,1066,75,71,auto_candidate,consensus,False,3,0.5967716967353519,0.6463001177050726,0.7173901409394021,1644,0.5441906653426017,0.685,False,0.5681702221959188,0.10179229080677032,True,0.8334352674270746,0.10465764254331589,True,942.0,0.3118172790466733,1.0,0.3118172790466733,0.09441929630996862,0.529625951671632,0.0,0.5372948634922244,0.08424293249845505,True,2782.0,0.92088712346905,0.7005751258087707,0.6451506123800066,0.5151049949693088,0.6201044386422977,1.0,2027.0,0.6709698775239987,0.7592501233349778,0.5094339622641509,0.6186192813389666,0.5073020753266718,1.0
1002,101,101,train,bright,E.coli,other,preprocessed_intensity_sigma040/local_flatfield/bright/1002.png,processed_plate_strategy_b_circle/counting_mask/bright/1002.png,970,1003,74,75,959,992,96,97,auto_candidate,consensus,False,2,0.4097144142118282,0.688906144410456,0.5856291694049889,1822,0.32828828828828827,0.6620639534883721,False,0.02536186824343814,0.388671875,False,0.849517543260101,0.12049265205860138,True,1848.0,0.33297297297297296,1.0,0.33297297297297296,0.06651966548018248,0.5073873873873874,0.0,0.5282947455608109,0.09879524260759354,True,6591.0,1.1875675675675677,0.6693976634805037,0.7949549549549549,0.3258364161387423,0.5960051546391752,1.0,435.0,0.07837837837837838,0.15402298850574714,0.012072072072072072,1.1576376086342792,0.040236492034816884,1.0
1002,102,102,train,bright,E.coli,other,preprocessed_intensity_sigma040/local_flatfield/bright/1002.png,processed_plate_strategy_b_circle/counting_mask/bright/1002.png,1011,1056,42,42,1005,1050,54,54,auto_candidate,consensus,False,2,0.3650137741046832,0.6962365369140817,0.5729161023689384,530,0.30045351473922904,0.5824175824175825,False,0.049932344266961554,0.301845908164978,False,0.8005131143664646,0.1365838348865509,True,530.0,0.30045351473922904,1.0,0.30045351473922904,0.236084629709324,0.4724669603524229,0.0,0.5919599594616989,0.11093968152999878,True,1795.0,1.0175736961451247,0.8122562674094708,0.826530612244898,0.3146112161300824,0.6049382716049383,1.0,61.0,0.03458049886621315,0.3770491803278688,0.013038548752834467,1.3658092653802556,0.005482456140350877,1.0
1002,103,103,train,bright,E.coli,other,preprocessed_intensity_sigma040/local_flatfield/bright/1002.png,processed_plate_strategy_b_circle/counting_mask/bright/1002.png,1020,1042,46,46,1013,1035,60,60,auto_candidate,consensus,False,2,0.4928698752228164,0.6453829312123234,0.5973242954795818,552,0.2608695652173913,0.5054945054945055,False,0.21504038726245475,0.373046875,False,0.7452507982486326,0.1762668937444687,True,558.0,0.2637051039697543,1.0,0.2637051039697543,0.4647659497975467,0.48498635122838946,0.0,0.5455150641760141,0.1456756293773651,True,1483.0,0.7008506616257089,0.7538772757923129,0.5283553875236295,0.6796391501158158,0.43989071038251365,1.0,364.0,0.1720226843100189,0.4945054945054945,0.08506616257088846,1.1406499711772597,0.16470109800732005,1.0
1002,104,104,train,bright,E.coli,other,preprocessed_intensity_sigma040/local_flatfield/bright/1002.png,processed_plate_strategy_b_circle/counting_mask/bright/1002.png,1033,1061,56,56,1025,1053,72,72,auto_candidate,consensus,False,2,0.3016317016317016,0.6628782452414541,0.5373890603343439,647,0.20631377551020408,0.6846560846560846,False,0.0,0.1871936321258545,False,0.7316492101297978,0.1092585101723671,True,647.0,0.20631377551020408,1.0,0.20631377551020408,0.14360963678503974,0.3013392857142857,0.0,0.5941072803531104,0.08816082030534744,True,2539.0,0.8096301020408163,0.8235525797558094,0.6667729591836735,0.47625446970332913,0.5825242718446602,1.0,,,,,,,
1002,105,105,train,bright,E.coli,other,preprocessed_intensity_sigma040/local_flatfield/bright/1002.png,processed_plate_strategy_b_circle/counting_mask/bright/1002.png,1079,1077,43,43,1073,1071,55,55,auto_candidate,consensus,False,3,0.6687558379590793,0.6526473874510117,0.7451234982660825,895,0.48404542996214167,0.7217741935483871,False,0.6520164242232848,0.09806220233440399,True,0.6847898689717223,0.09204083681106567,True,884.0,0.4780962682531098,0.8755656108597285,0.4186046511627907,0.36094580682325106,0.5788697788697789,1.0,0.621135869158028,0.07423247396945953,True,1527.0,0.8258518117901569,0.8244924688932548,0.680908599242834,0.3694757709760889,0.7250100361300682,1.0,924.0,0.49972958355868036,0.8658008658008658,0.43266630611141155,0.4964662354659785,0.5179361179361179,1.0
1002,106,106,train,bright,E.coli,other,preprocessed_intensity_sigma040/local_flatfield/bright/1002.png,processed_plate_strategy_b_circle/counting_mask/bright/1002.png,1073,1052,42,43,1067,1046,54,55,needs_review,consensus,False,3,0.23941798941798942,0.5127953275257252,0.5389144273065863,543,0.30066445182724255,0.6040044493882091,False,0.2714324522551883,0.33126533031463623,True,0.5967285791594816,0.1473017781972885,True,637.0,0.35271317829457366,0.8681318681318682,0.3062015503875969,0.4556758441624566,0.4380664652567976,1.0,0.6702249511625055,0.1212858334183693,True,853.0,0.47231450719822815,0.88042203985932,0.4158361018826135,0.4532851028338996,0.5269461077844312,1.0,245.0,0.13565891472868216,0.6979591836734694,0.0946843853820598,1.1108202734538573,0.13450292397660818,1.0
1002,107,107,train,bright,E.coli,other,preprocessed_intensity_sigma040/local_flatfield/bright/1002.png,processed_plate_strategy_b_circle/counting_mask/bright/1002.png,1042,1001,51,51,1034,993,67,67,auto_candidate,consensus,False,3,0.9412400815456898,0.817915761024092,0.9066003329506283,913,0.35101883890811225,0.4625126646403242,False,0.8093901845563755,0.373046875,True,0.8133812761475734,0.25406593084335327,True,931.0,0.35793925413302574,0.9709989258861439,0.3475586312956555,0.43934344681136295,0.6099627245001694,0.0,0.8309758223683271,0.2190273553133011,True,992.0,0.3813917723952326,0.9727822580645161,0.37101114955786235,0.43251649667474396,0.6099627245001694,0.0,919.0,0.3533256439830834,0.9727965179542981,0.34371395617070355,0.44178088729253767,0.5970149253731343,0.0
1002,108,108,train,bright,E.coli,other,preprocessed_intensity_sigma040/local_flatfield/bright/1002.png,processed_plate_strategy_b_circle/counting_mask/bright/1002.png,1130,1079,46,46,1123,1072,60,60,auto_candidate,consensus,False,3,0.6811671633403381,0.8605930576849486,0.8326457302430978,682,0.3223062381852552,0.6959183673469388,False,0.7905223146047219,0.10222120583057404,True,0.842961928538689,0.09027451276779175,True,682.0,0.3223062381852552,1.0,0.3223062381852552,0.02882093388799488,0.46313799621928164,0.0,0.9482949299114349,0.07291880995035172,True,988.0,0.4669187145557656,1.0,0.4669187145557656,0.043671960588142336,0.6947069943289225,0.0,546.0,0.2580340264650284,1.0,0.2580340264650284,0.01254831381021955,0.3563327032136106,0.0
1002,109,109,train,bright,E.coli,other,preprocessed_intensity_sigma040/local_flatfield/bright/1002.png,processed_plate_strategy_b_circle/counting_mask/bright/1002.png,1105,1058,47,46,1098,1051,61,60,auto_candidate,consensus,False,2,0.7877984084880637,0.6968397624911475,0.7211320146339479,297,0.13737280296022203,0.7071428571428572,False,0.19650961509335976,0.341796875,False,0.7032866889988832,0.1749759018421173,True,341.0,0.15772432932469935,1.0,0.15772432932469935,0.05885182391872385,0.23404255319148937,0.0,0.690392835983412,0.1454458385705948,True,333.0,0.1540240518038853,1.0,0.1540240518038853,0.11956272174059591,0.21369102682701202,0.0,224.0,0.1036077705827937,0.5803571428571429,0.060129509713228495,1.1633988552031078,0.08261049153242461,1.0
1002,110,110,train,bright,E.coli,other,preprocessed_intensity_sigma040/local_flatfield/bright/1002.png,processed_plate_strategy_b_circle/counting_mask/bright/1002.png,1095,996,51,52,1087,988,67,68,auto_candidate,consensus,False,3,0.9254487320568313,0.47927656038677585,0.7656176803746013,634,0.23906485671191555,0.5039745627980922,False,0.4649108570322885,0.373046875,True,0.47282880058636356,0.2600105106830597,True,886.0,0.33408748114630465,0.718961625282167,0.24019607843137256,0.74512725138877,0.34440344403444034,1.0,0.5000900235416755,0.22196847200393677,True,949.0,0.35784313725490197,0.7323498419388831,0.2620663650075415,0.7078484205186434,0.3623011015911873,1.0,872.0,0.3288084464555053,0.7144495412844036,0.23491704374057315,0.7580819701227297,0.3344636251541307,1.0
1002,111,111,train,bright,E.coli,other,preprocessed_intensity_sigma040/local_flatfield/bright/1002.png,processed_plate_strategy_b_circle/counting_mask/bright/1002.png,1135,1029,43,42,1129,1023,55,54,auto_candidate,consensus,False,3,0.5973970406732608,0.696703004415767,0.7377701660019481,856,0.4739756367663344,0.4745011086474501,False,0.7049859895149417,0.353515625,True,0.6884587954634691,0.2721608579158783,True,387.0,0.21428571428571427,0.9715762273901809,0.2081949058693245,0.5471048428839989,0.4794952681388013,0.0,0.69666422826889,0.23233196139335632,True,990.0,0.5481727574750831,0.901010101010101,0.4939091915836102,0.4053406784721743,0.7319034852546917,1.0,926.0,0.512735326688815,0.9114470842332614,0.4673311184939092,0.4177165977590682,0.746922024623803,1.0
1002,112,112,train,bright,E.coli,other,preprocessed_intensity_sigma040/local_flatfield/bright/1002.png,processed_plate_strategy_b_circle/counting_mask/bright/1002.png,1131,994,62,61,1122,985,80,79,auto_candidate,consensus,False,3,0.628753411119838,0.578486315133932,0.701458219945516,738,0.195134849286092,0.44565217391304346,False,0.46437032336818185,0.330078125,True,0.6608542034408489,0.22722388803958893,True,571.0,0.15097831835007933,1.0,0.15097831835007933,0.40107479027614673,0.32522474881015334,0.0,0.610234418592765,0.18876861035823822,True,1319.0,0.34875727128503436,0.8741470811220622,0.30486515071390796,0.412427159421681,0.5141498216409037,1.0,890.0,0.23532522474881015,0.8191011235955056,0.1927551560021153,0.6726407827051938,0.37273593898951385,1.0
1002,113,113,train,bright,E.coli,other,preprocessed_intensity_sigma040/local_flatfield/bright/1002.png,processed_plate_strategy_b_circle/counting_mask/bright/1002.png,1098,1020,56,56,1090,1012,72,72,auto_candidate,consensus,False,3,0.9531210332571719,0.5113029665920776,0.7881135482768412,808,0.2576530612244898,0.5056320400500626,False,0.5012023724223501,0.380859375,True,0.5119108353293872,0.3010810315608978,True,1000.0,0.31887755102040816,0.812,0.25892857142857145,0.713550736150713,0.39823008849557523,1.0,0.5207956920244955,0.25748392939567566,True,1032.0,0.32908163265306123,0.813953488372093,0.26785714285714285,0.7111281505383626,0.41033434650455924,1.0,978.0,0.31186224489795916,0.8047034764826176,0.25095663265306123,0.7310350384111817,0.3902439024390244,1.0
1002,114,114,train,bright,E.coli,other,preprocessed_intensity_sigma040/local_flatfield/bright/1002.png,processed_plate_strategy_b_circle/counting_mask/bright/1002.png,1165,1028,51,51,1157,1020,67,67,auto_candidate,consensus,False,3,0.9438788849245418,0.6418942740625333,0.837115319348603,897,0.34486735870818913,0.44894894894894893,False,0.6336301357905004,0.330078125,True,0.6354751511458664,0.24180853366851807,True,1068.0,0.41061130334486734,0.8380149812734082,0.34409842368319876,0.41627624955444315,0.5256183745583038,1.0,0.656577535251233,0.20437753200531006,True,1146.0,0.4405997693194925,0.8411867364746946,0.37062668204536714,0.41387730412608126,0.5256183745583038,1.0,1060.0,0.4075355632449058,0.839622641509434,0.3421760861207228,0.4203833772049258,0.5256183745583038,1.0
1002,115,115,train,bright,E.coli,other,preprocessed_intensity_sigma040/local_flatfield/bright/1002.png,processed_plate_strategy_b_circle/counting_mask/bright/1002.png,1194,1014,82,82,1182,1002,106,106,auto_candidate,consensus,False,3,0.3596725599716875,0.6086782680452296,0.6193567032081825,747,0.11109458655562165,0.34062927496580025,False,0.5574927989959841,0.388671875,True,0.6298641087032677,0.283153235912323,True,747.0,0.11109458655562165,1.0,0.11109458655562165,0.4286659930154725,0.3261451516954194,0.0,0.638677896436437,0.24171170592308044,True,2513.0,0.3737358715050565,0.8670911261440509,0.32406305770374777,0.39217388368859263,0.6377079482439926,1.0,409.0,0.06082688875669245,1.0,0.06082688875669245,0.5405595288799857,0.09994051160023795,0.0
1002,116,116,train,bright,E.coli,other,preprocessed_intensity_sigma040/local_flatfield/bright/1002.png,processed_plate_strategy_b_circle/counting_mask/bright/1002.png,1163,957,75,74,1152,946,97,96,auto_candidate,consensus,False,2,0.8578008059873344,0.8099909008547497,0.7908933091041336,1490,0.26846846846846845,0.7044917257683215,False,0.09416712551335168,0.388671875,False,0.8119735568691774,0.16044403612613678,True,1601.0,0.28846846846846846,1.0,0.28846846846846846,0.0445938822299829,0.4064864864864865,0.0,0.808008244840322,0.1334449201822281,True,1626.0,0.292972972972973,1.0,0.292972972972973,0.09598842992120268,0.4064864864864865,0.0,355.0,0.06396396396396396,0.37746478873239436,0.024144144144144144,1.1726146384471081,0.024217961654894045,1.0
1002,117,117,train,bright,E.coli,other,preprocessed_intensity_sigma040/local_flatfield/bright/1002.png,processed_plate_strategy_b_circle/counting_mask/bright/1002.png,1019,936,74,74,1008,925,96,96,auto_candidate,consensus,False,2,0.8666666666666667,0.8741770138753122,0.8196708055501248,1858,0.33929875821767713,0.6771137026239067,False,0.021633700250904858,0.38828128576278687,False,0.8550372921923987,0.10808143019676208,True,1861.0,0.33984660336011685,1.0,0.33984660336011685,0.05598830758817874,0.5010956902848794,0.0,0.8933167355582259,0.08720885962247849,True,2143.0,0.39134404674945217,1.0,0.39134404674945217,0.07781950094602166,0.5613586559532505,0.0,136.0,0.02483564645726808,0.22058823529411764,0.00547845142439737,1.1395807824470263,0.005661712668082095,1.0
1002,118,118,train,bright,E.coli,other,preprocessed_intensity_sigma040/local_flatfield/bright/1002.png,processed_plate_strategy_b_circle/counting_mask/bright/1002.png,1054,890,82,82,1042,878,106,106,auto_candidate,consensus,False,3,0.843188050449195,0.875401026908167,0.895276228420485,2461,0.36600237953599046,0.7191700759789597,False,0.8355860854596163,0.10618873685598373,True,0.8714105578132758,0.09596221148967743,True,2461.0,0.36600237953599046,1.0,0.36600237953599046,0.07284421309382723,0.508923259964307,0.0,0.919206437451609,0.07727666944265366,True,2813.0,0.4183521713265913,1.0,0.4183521713265913,0.05868700388893388,0.6091612135633552,0.0,2172.0,0.323022010707912,1.0,0.323022010707912,0.07054448352297064,0.4417013682331945,0.0
1002,119,119,train,bright,E.coli,other,preprocessed_intensity_sigma040/local_flatfield/bright/1002.png,processed_plate_strategy_b_circle/counting_mask/bright/1002.png,1119,916,74,74,1108,905,96,96,auto_candidate,consensus,False,3,0.8823459626653518,0.861760069824128,0.9035251148625243,1907,0.34824689554419286,0.719622641509434,False,0.8427657826500908,0.10186122357845306,True,0.8562261333831696,0.09822814911603928,True,1856.0,0.3389335281227173,1.0,0.3389335281227173,0.030246012406138296,0.4839298758217677,0.0,0.8862882934391236,0.07910062372684479,True,2076.0,0.379108838568298,1.0,0.379108838568298,0.0325860958725532,0.5127830533235939,0.0,1769.0,0.32304601899196494,1.0,0.32304601899196494,0.015814762716907543,0.4382761139517896,0.0
1002,120,120,train,bright,E.coli,other,preprocessed_intensity_sigma040/local_flatfield/bright/1002.png,processed_plate_strategy_b_circle/counting_mask/bright/1002.png,1237,891,109,110,1221,875,141,142,needs_review,consensus,False,3,0.2178798241328774,0.6069140766879051,0.5690235691216692,4013,0.3346955796497081,0.7543233082706767,False,0.3901945411621925,0.478515625,True,0.8606084955496958,0.15003086626529694,True,4144.0,0.3456213511259383,1.0,0.3456213511259383,0.020824073269258087,0.4690575479566305,0.0,0.569939193351827,0.12489693611860275,True,8273.0,0.6899916597164304,0.7239211894113381,0.49949958298582153,0.5142009518340868,0.5400871747457403,1.0,242.0,0.02018348623853211,0.8016528925619835,0.016180150125104254,0.9978009903993912,0.016201620162016202,0.0
1002,121,121,train,bright,E.coli,other,preprocessed_intensity_sigma040/local_flatfield/bright/1002.png,processed_plate_strategy_b_circle/counting_mask/bright/1002.png,1188,878,68,68,1178,868,88,88,auto_candidate,consensus,False,3,0.5536690242572595,0.6505245584730276,0.7039939818792519,3108,0.6721453287197232,0.7194444444444444,False,0.567292285160415,0.11388634145259857,True,0.8172408928601753,0.1178395003080368,True,1329.0,0.2874134948096886,1.0,0.2874134948096886,0.035677409207510724,0.4541522491349481,0.0,0.5670404973984924,0.09510962665081024,True,4460.0,0.9645328719723183,0.7553811659192825,0.7285899653979239,0.39344159603127743,0.6085918854415274,1.0,3943.0,0.8527249134948097,0.7539944204920112,0.6429498269896193,0.44028094885825875,0.5577156743620899,1.0
1002,122,122,train,bright,E.coli,other,preprocessed_intensity_sigma040/local_flatfield/bright/1002.png,processed_plate_strategy_b_circle/counting_mask/bright/1002.png,1206,834,84,83,1193,821,110,109,auto_candidate,consensus,False,3,0.589914322058072,0.6648494150949967,0.7224097787583239,3603,0.5167814113597247,0.6672222222222223,False,0.621135698460553,0.10993414372205734,True,0.8473757700657853,0.10907652229070663,True,2319.0,0.3326161790017212,1.0,0.3326161790017212,0.06210550302042699,0.4823580034423408,0.0,0.5260367767586515,0.08794046938419342,True,8058.0,1.1557659208261617,0.6200049640109209,0.7165806081468732,0.2244652620551814,0.5814845704753961,1.0,4299.0,0.6166092943201377,0.8104210281460805,0.49971313826735514,0.47348356602295816,0.5463675929025779,1.0
1002,123,123,train,bright,E.coli,other,preprocessed_intensity_sigma040/local_flatfield/bright/1002.png,processed_plate_strategy_b_circle/counting_mask/bright/1002.png,1138,857,80,84,1125,844,106,110,auto_candidate,consensus,False,3,0.6532169827500858,0.6846075521879996,0.7524689648377298,3086,0.45922619047619045,0.7010449795547479,False,0.6317588934609156,0.10598959773778915,True,0.857350795371793,0.10271786153316498,True,2273.0,0.33824404761904764,1.0,0.33824404761904764,0.011875951957219317,0.47470238095238093,0.0,0.5647129677312904,0.08274245262145996,True,5870.0,0.8735119047619048,0.6993185689948893,0.6108630952380952,0.4129460402782259,0.7054488610987047,1.0,3693.0,0.5495535714285714,0.7928513403736799,0.4357142857142857,0.4277564864069709,0.6251246261216351,1.0
1002,124,124,train,bright,E.coli,other,preprocessed_intensity_sigma040/local_flatfield/bright/1002.png,processed_plate_strategy_b_circle/counting_mask/bright/1002.png,978,788,109,109,962,772,141,141,auto_candidate,consensus,False,3,0.6140482236101444,0.7691220407527131,0.7725656945646358,4748,0.3996296608029627,0.7419909360837631,False,0.8797843446890645,0.1140548512339592,True,0.9038145091253459,0.09870336949825287,True,4748.0,0.3996296608029627,1.0,0.3996296608029627,0.026023191363654167,0.5385910276912718,0.0,0.5237672684437288,0.07942367345094681,True,17026.0,1.4330443565356452,0.5882180194995889,0.8429425132564599,0.06409953358683308,0.5976057542377144,1.0,4405.0,0.3707600370339197,1.0,0.3707600370339197,0.023468830633733735,0.49238279606093766,0.0
1002,125,125,train,bright,E.coli,other,preprocessed_intensity_sigma040/local_flatfield/bright/1002.png,processed_plate_strategy_b_circle/counting_mask/bright/1002.png,1058,784,106,111,1041,767,140,145,auto_candidate,consensus,False,3,0.5873735875238687,0.7343981746706557,0.7493400255016163,4165,0.35398606153323137,0.7603139832055494,False,0.8285898952087002,0.11388634145259857,True,0.8620320778846248,0.0995607078075409,True,4165.0,0.35398606153323137,1.0,0.35398606153323137,0.049653289407714504,0.4655787863335033,0.0,0.5125725509186422,0.08010951429605484,True,16297.0,1.385092639809621,0.5493649137878137,0.7609212986571477,0.05213333228599637,0.5796059113300492,1.0,3688.0,0.3134455209926908,1.0,0.3134455209926908,0.05033543230130016,0.4095699473057964,0.0
1002,126,126,train,bright,E.coli,other,preprocessed_intensity_sigma040/local_flatfield/bright/1002.png,processed_plate_strategy_b_circle/counting_mask/bright/1002.png,1255,748,120,120,1237,730,156,156,auto_candidate,consensus,False,3,0.9108259321400731,0.8813510456037986,0.921329494490545,5323,0.3696527777777778,0.7548213272830403,False,0.8621614680131908,0.12189798802137375,True,0.8771467020327364,0.11015215516090393,True,5279.0,0.36659722222222224,1.0,0.36659722222222224,0.019986110435164958,0.4897222222222222,0.0,0.9047449667654688,0.08886151760816574,True,5800.0,0.4027777777777778,1.0,0.4027777777777778,0.02078644346681126,0.5191666666666667,0.0,5037.0,0.34979166666666667,1.0,0.34979166666666667,0.020316166879125852,0.45534722222222224,0.0
1002,127,127,train,bright,E.coli,other,preprocessed_intensity_sigma040/local_flatfield/bright/1002.png,processed_plate_strategy_b_circle/counting_mask/bright/1002.png,1228,690,85,87,1215,677,111,113,auto_candidate,consensus,False,3,0.49927954744906433,0.6592207212271791,0.6884361300980442,3804,0.5144016227180528,0.6868905742145178,False,0.6048200227526613,0.11780790984630585,True,0.8402648183334539,0.11308925598859787,True,2387.0,0.32278566599053415,1.0,0.32278566599053415,0.060256634718134035,0.4759972954699121,0.0,0.5325773225954222,0.09110821783542633,True,10402.0,1.4066260987153483,0.6151701595846952,0.865314401622718,0.06942109158043913,0.5895718727577135,1.0,4514.0,0.6104124408384043,0.7910943730615861,0.48289384719405004,0.5122352141779313,0.5276151963392572,1.0
1002,128,128,train,bright,E.coli,other,preprocessed_intensity_sigma040/local_flatfield/bright/1002.png,processed_plate_strategy_b_circle/counting_mask/bright/1002.png,1266,681,96,86,1252,667,124,114,auto_candidate,consensus,False,3,0.5353886135180258,0.6606839339928795,0.7016595883284609,5856,0.7093023255813954,0.6889411764705883,False,0.6043410300846983,0.12555915117263794,True,0.8185863767612489,0.13010309636592865,True,2446.0,0.29626937984496127,1.0,0.29626937984496127,0.12363153716384173,0.5276162790697675,0.0,0.5591243951326912,0.10499964654445648,True,9166.0,1.1102228682170543,0.7226707396901593,0.8023255813953488,0.31769712864017635,0.659214308527627,1.0,7309.0,0.8852955426356589,0.7737036530305104,0.6849563953488372,0.25575891144528,0.6469632997726534,1.0
1002,129,129,train,bright,E.coli,other,preprocessed_intensity_sigma040/local_flatfield/bright/1002.png,processed_plate_strategy_b_circle/counting_mask/bright/1002.png,1286,625,110,109,1270,609,142,141,auto_candidate,consensus,False,3,0.6523501536429134,0.6951924446782224,0.7563995316463087,6397,0.5335279399499583,0.6878494623655914,False,0.6271609905904876,0.12549787759780884,True,0.832311738966152,0.1263304501771927,True,3830.0,0.3194328607172644,1.0,0.3194328607172644,0.113482702957884,0.49241034195162636,0.0,0.6261046044780281,0.10194263607263565,True,8332.0,0.6949124270225188,0.8342534805568891,0.5797331109257715,0.41645888234197936,0.6006006006006006,1.0,7344.0,0.6125104253544621,0.8197167755991286,0.5020850708924104,0.46735590533490573,0.5561553653719552,1.0
1002,130,130,train,bright,E.coli,other,preprocessed_intensity_sigma040/local_flatfield/bright/1002.png,processed_plate_strategy_b_circle/counting_mask/bright/1002.png,1784,650,145,145,1762,628,189,189,needs_review,consensus,False,3,0.16787767536392054,0.6023104471194253,0.5496813652251423,4784,0.22753864447086802,0.348993288590604,False,0.4888004510936388,0.458984375,True,0.6033319901616051,0.20155490934848785,True,4956.0,0.23571938168846612,0.9564164648910412,0.22544589774078477,0.17798615414010066,0.5368873671218697,1.0,0.7147989001030322,0.1673855483531952,True,11120.0,0.5288941736028537,0.8536870503597123,0.4515101070154578,0.08372606398557272,0.674989420228523,1.0,12.0,0.0005707491082045184,1.0,0.0005707491082045184,0.6685387903104962,0.0009512485136741974,0.0
1002,131,131,train,bright,E.coli,other,preprocessed_intensity_sigma040/local_flatfield/bright/1002.png,processed_plate_strategy_b_circle/counting_mask/bright/1002.png,1061,694,103,99,1046,679,133,129,auto_candidate,consensus,False,3,0.49362614203248056,0.6632527670364795,0.68807025652596,5437,0.5331960380504069,0.7705498866213152,False,0.6343717757650658,0.12142311036586761,True,0.8201284396076322,0.11164893954992294,True,3140.0,0.3079337059919584,1.0,0.3079337059919584,0.0793494203907717,0.4024713150926743,0.0,0.5352580857367407,0.08995912969112396,True,14662.0,1.4378738844758263,0.6091256308825536,0.8758458370108856,0.028222482760097933,0.5943346738940374,1.0,6303.0,0.6181229773462783,0.8315088053307949,0.5139746984407179,0.4564394495181923,0.5865409793139565,1.0
1002,132,132,train,bright,E.coli,other,preprocessed_intensity_sigma040/local_flatfield/bright/1002.png,processed_plate_strategy_b_circle/counting_mask/bright/1002.png,1062,630,116,112,1045,613,150,146,auto_candidate,consensus,False,3,0.5411794386011283,0.6882561765834668,0.7147152741437817,6587,0.5070043103448276,0.797843992248062,False,0.6701534960844415,0.12538297474384308,True,0.8640019413387571,0.11026161909103394,True,4690.0,0.3609913793103448,1.0,0.3609913793103448,0.06380838192086094,0.45674261083743845,0.0,0.5306130923272018,0.08887635916471481,True,19369.0,1.4908405172413792,0.6051938664876865,0.9022475369458128,0.03533288993909329,0.5932420091324201,1.0,7329.0,0.5641163793103449,0.8690135079819894,0.4902247536945813,0.3361428164215699,0.5359300145802958,1.0
1002,133,133,train,bright,E.coli,other,preprocessed_intensity_sigma040/local_flatfield/bright/1002.png,processed_plate_strategy_b_circle/counting_mask/bright/1002.png,1203,552,120,120,1185,534,156,156,auto_candidate,consensus,False,3,0.6001857448514828,0.748424265337499,0.7594347168330186,5344,0.3711111111111111,0.7310533515731874,False,0.8516607490280709,0.12189798802137375,True,0.8787997122035107,0.1039404347538948,True,5344.0,0.3711111111111111,1.0,0.3711111111111111,0.04352479656133407,0.5076388888888889,0.0,0.5148123347809148,0.08368611335754395,True,18799.0,1.3054861111111111,0.6079578700994733,0.7936805555555555,0.21878482435415103,0.591715976331361,1.0,4851.0,0.336875,1.0,0.336875,0.03672428370735294,0.46125,0.0
1002,134,134,train,bright,E.coli,other,preprocessed_intensity_sigma040/local_flatfield/bright/1002.png,processed_plate_strategy_b_circle/counting_mask/bright/1002.png,1114,266,143,141,1093,245,185,183,auto_candidate,consensus,False,3,0.5810512306290836,0.7522173639034908,0.7542548762815756,7487,0.37132371174924367,0.7639795918367347,False,0.8546528830386629,0.13343292474746704,True,0.8757655304189189,0.10604081302881241,True,7413.0,0.36765362297277193,1.0,0.36765362297277193,0.03264353528172738,0.4860387839111243,0.0,0.5262336782528907,0.08540872484445572,True,29829.0,1.4793929474780538,0.5923765463139897,0.8763576848683232,0.0405930388718523,0.595569339831635,1.0,6944.0,0.34439319545702524,1.0,0.34439319545702524,0.03560528518592345,0.4381788424341616,0.0
1002,135,135,train,bright,E.coli,other,preprocessed_intensity_sigma040/local_flatfield/bright/1002.png,processed_plate_strategy_b_circle/counting_mask/bright/1002.png,1174,169,86,92,1160,155,114,120,needs_review,consensus,False,3,0.07970168612191958,0.557129489673451,0.5007473860120523,1229,0.15533367037411527,0.25086752398448664,False,0.5005895378145944,0.4790058135986328,True,0.5489007426904959,0.19985610246658325,True,1512.0,0.1911021233569262,0.8082010582010583,0.15444893832153692,0.834131184308698,0.26505494505494503,0.0,0.6218981885152626,0.16499659419059753,True,6269.0,0.7923407482305359,0.8181528154410592,0.6482558139534884,0.33661325873965003,0.663028413028413,1.0,8.0,0.0010111223458038423,1.0,0.0010111223458038423,0.5851867846527151,0.0015166835187057635,0.0
1002,136,136,train,bright,E.coli,other,preprocessed_intensity_sigma040/local_flatfield/bright/1002.png,processed_plate_strategy_b_circle/counting_mask/bright/1002.png,1206,185,100,104,1190,169,132,136,needs_review,consensus,False,3,0.07623363544813697,0.5783342791755977,0.508015484077087,1514,0.14557692307692308,0.26915555555555554,False,0.47287878889874385,0.2927006781101227,True,0.6244718988813046,0.186237171292305,True,1614.0,0.15519230769230768,0.929368029739777,0.14423076923076922,0.4767253204278227,0.30276497695852533,0.0,0.6376521497467446,0.15253113210201263,True,8081.0,0.7770192307692307,0.8198242791733696,0.6370192307692307,0.2165214634637966,0.6277901785714286,1.0,15.0,0.0014423076923076924,1.0,0.0014423076923076924,0.7903937134252917,0.0028846153846153848,0.0
1002,137,137,train,bright,E.coli,other,preprocessed_intensity_sigma040/local_flatfield/bright/1002.png,processed_plate_strategy_b_circle/counting_mask/bright/1002.png,1184,118,88,78,1171,105,114,104,needs_review,consensus,False,3,0.22705085813257755,0.5875803841043769,0.5644999539881529,2884,0.4201631701631702,0.4543163201008192,False,0.4803037680137438,0.4776347875595093,True,0.6846687255701223,0.23036372661590576,True,3443.0,0.5016025641025641,0.8425791460935231,0.42263986013986016,0.2977306216681465,0.6816495745145101,1.0,0.5977686587292643,0.18976987898349762,True,5373.0,0.7827797202797203,0.7880141447980644,0.6168414918414918,0.42175659040863983,0.6270987895353377,1.0,18.0,0.0026223776223776225,1.0,0.0026223776223776225,0.7437573685283789,0.005099067599067599,0.0
1002,138,138,train,bright,E.coli,other,preprocessed_intensity_sigma040/local_flatfield/bright/1002.png,processed_plate_strategy_b_circle/counting_mask/bright/1002.png,1183,88,84,70,1170,75,110,96,needs_review,consensus,False,3,0.1948925270853027,0.5534983152536779,0.5396117105813272,2153,0.36615646258503404,0.5205512572533849,False,0.46324858975939676,0.3638327419757843,True,0.6273666814204798,0.23861001431941986,True,2668.0,0.45374149659863944,0.808095952023988,0.36666666666666664,0.49811007278590463,0.44575471698113206,1.0,0.5698796745811572,0.19601930677890778,True,4982.0,0.8472789115646259,0.7537133681252509,0.6386054421768708,0.4389889006347384,0.5759892086330936,1.0,14.0,0.002380952380952381,1.0,0.002380952380952381,0.8662952807998129,0.004251700680272109,0.0
1002,139,139,train,bright,E.coli,other,preprocessed_intensity_sigma040/local_flatfield/bright/1002.png,processed_plate_strategy_b_circle/counting_mask/bright/1002.png,1249,125,93,89,1235,111,121,117,auto_candidate,consensus,False,3,0.36021594168320775,0.5420015064083499,0.5928761821524626,2384,0.28802706294551167,0.4551355479190531,False,0.46596177414160544,0.2648897171020508,True,0.6105592305412695,0.23256562650203705,True,2490.0,0.3008336353751359,0.8771084337349397,0.2638637187386734,0.20866172479212577,0.5392769774395216,1.0,0.5494835145421745,0.19015489518642426,True,9063.0,1.0949619427328743,0.6750524109014675,0.7391566992871813,0.22381566192094768,0.5846577664759482,1.0,1878.0,0.22689380210221094,0.7385516506922257,0.1675727920744231,0.4648775006922877,0.47549681651553155,1.0
1002,140,140,train,bright,E.coli,other,preprocessed_intensity_sigma040/local_flatfield/bright/1002.png,processed_plate_strategy_b_circle/counting_mask/bright/1002.png,1266,166,109,110,1250,150,141,142,needs_review,consensus,False,3,0.02651568766218448,0.5408292736683872,0.4756122001491194,562,0.04687239366138449,0.1773989898989899,False,0.49551527602010964,0.451171875,True,0.5506555956785888,0.20405693352222443,True,524.0,0.043703085904920766,1.0,0.043703085904920766,0.4967870861932056,0.08874061718098415,0.0,0.576316949306463,0.16855056583881378,True,10059.0,0.8389491242702252,0.7046426086092057,0.5911592994161802,0.34660357524056806,0.6699560166911018,1.0,38.0,0.00316930775646372,1.0,0.00316930775646372,0.636960062713235,0.007005838198498749,0.0
1002,141,141,train,bright,E.coli,other,preprocessed_intensity_sigma040/local_flatfield/bright/1002.png,processed_plate_strategy_b_circle/counting_mask/bright/1002.png,1295,270,132,132,1275,250,172,172,needs_review,consensus,False,3,0.17592831911777376,0.5415398225943561,0.5281908407289633,6126,0.3515840220385675,0.46321361058601135,False,0.24217801858388058,0.490234375,True,0.8525253671833205,0.132024347782135,True,5899.0,0.33855601469237834,1.0,0.33855601469237834,0.041076631599446745,0.4643595041322314,0.0,0.5299160820158673,0.10880396515130997,True,17259.0,0.990530303030303,0.6719972188423431,0.665633608815427,0.42525068512529784,0.588967009194159,1.0,340.0,0.019513314967860424,0.6911764705882353,0.01348714416896235,0.8625955310757137,0.2356733524355301,1.0
1002,142,142,train,bright,E.coli,other,preprocessed_intensity_sigma040/local_flatfield/bright/1002.png,processed_plate_strategy_b_circle/counting_mask/bright/1002.png,1305,542,116,112,1288,525,150,146,auto_candidate,consensus,False,3,0.7067961512649058,0.7530001598127605,0.7985787168678212,4780,0.3679187192118227,0.7313341493268054,False,0.8583085890206721,0.12149204313755035,True,0.8738884854626725,0.12045162916183472,True,4746.0,0.36530172413793105,1.0,0.36530172413793105,0.04701762875038853,0.5030788177339901,0.0,0.5268034049549367,0.09707314521074295,True,13170.0,1.0137007389162562,0.59415337889142,0.6022937192118226,0.2429331323870662,0.5932420091324201,1.0,4498.0,0.3462130541871921,1.0,0.3462130541871921,0.03448608261187771,0.4607450738916256,0.0
1002,143,143,train,bright,E.coli,other,preprocessed_intensity_sigma040/local_flatfield/bright/1002.png,processed_plate_strategy_b_circle/counting_mask/bright/1002.png,1318,477,87,89,1305,464,113,115,auto_candidate,consensus,False,3,0.5582084579525034,0.667703937893573,0.7124545354408054,4149,0.5358388221619528,0.6094300822561692,False,0.6020093449616014,0.12142311036586761,True,0.8666687226004467,0.11847271770238876,True,2739.0,0.3537388609066253,1.0,0.3537388609066253,0.029397775903305924,0.4858581944982565,0.0,0.5344337461186709,0.09542804956436157,True,10564.0,1.3643290714193466,0.6062097690268837,0.8270696112617848,0.05270796472245381,0.5958445555983071,1.0,5144.0,0.6643419863102157,0.7772161741835147,0.5163373369495028,0.4917678442011324,0.5972589792060492,1.0
1002,144,144,train,bright,E.coli,other,preprocessed_intensity_sigma040/local_flatfield/bright/1002.png,processed_plate_strategy_b_circle/counting_mask/bright/1002.png,1374,506,86,82,1361,493,112,108,auto_candidate,consensus,False,3,0.720890735878759,0.5664935541755552,0.7289091792277878,5045,0.7153998865570051,0.7895148669796557,False,0.5419380965338444,0.12925860285758972,True,0.6196594897612209,0.14170622825622559,True,4513.0,0.6399602949517867,0.825836472413029,0.5285025524673851,0.47942158529186285,0.539906103286385,1.0,0.5378830762316006,0.11433504521846771,True,8903.0,1.2624787294384572,0.6731438840840166,0.8498298355076574,0.22293861540204782,0.5830026455026455,1.0,6684.0,0.94781622234827,0.7351885098743267,0.6968235961429382,0.4994612688690494,0.5551643192488263,1.0
1002,145,145,train,bright,E.coli,other,preprocessed_intensity_sigma040/local_flatfield/bright/1002.png,processed_plate_strategy_b_circle/counting_mask/bright/1002.png,1387,457,100,85,1372,442,130,115,auto_candidate,consensus,False,3,0.8385170870857704,0.6186967140329357,0.7909596660931939,7018,0.8256470588235294,0.7582108902333622,False,0.5866114592572811,0.12555915117263794,True,0.6883242065937792,0.13900978863239288,True,6668.0,0.7844705882352941,0.8737252549490102,0.6854117647058824,0.04068546561202727,0.721102863202545,1.0,0.5811544762477467,0.11213212460279465,True,10185.0,1.198235294117647,0.7352970054000982,0.8810588235294118,0.08205965155883926,0.5729693292888439,1.0,9292.0,1.0931764705882352,0.7363323288850624,0.8049411764705883,0.1143166409123163,0.5960729312762973,1.0
1002,146,146,train,bright,E.coli,other,preprocessed_intensity_sigma040/local_flatfield/bright/1002.png,processed_plate_strategy_b_circle/counting_mask/bright/1002.png,1407,426,91,76,1393,412,119,104,auto_candidate,consensus,False,3,0.6770818917883581,0.6018056039465164,0.7277009037045319,5731,0.8286581839213418,0.7540789473684211,False,0.6038841207975453,0.12568169832229614,True,0.6086429092812063,0.13511604070663452,True,4336.0,0.626951995373048,0.8011992619926199,0.5023134759976865,0.5383067300443756,0.5650842266462481,1.0,0.5928897817607975,0.10918523371219635,True,8283.0,1.1976576055523425,0.7563684655318121,0.9058704453441295,0.0680465071800775,0.5990990990990991,1.0,7282.0,1.0529207634470792,0.7653117275473771,0.8058126084441873,0.10170355941015473,0.6214953271028038,1.0
1002,147,147,train,bright,E.coli,other,preprocessed_intensity_sigma040/local_flatfield/bright/1002.png,processed_plate_strategy_b_circle/counting_mask/bright/1002.png,1419,380,99,91,1404,365,129,121,auto_candidate,consensus,False,3,0.4439058918456707,0.6326305394828257,0.6584192779391149,5857,0.6501276501276502,0.7253250773993808,False,0.5955953318607112,0.13005515933036804,True,0.740853693129748,0.13994340598583221,True,1847.0,0.20501720501720502,1.0,0.20501720501720502,0.10435927179081637,0.3484293484293484,0.0,0.5614425934580175,0.11305825412273407,True,10172.0,1.1290931290931292,0.7043845851356665,0.7953157953157953,0.18575415537122072,0.5771670190274841,1.0,7456.0,0.8276168276168276,0.7603272532188842,0.6292596292596293,0.2635849898495905,0.5448688797938457,1.0
1002,148,148,train,bright,E.coli,other,preprocessed_intensity_sigma040/local_flatfield/bright/1002.png,processed_plate_strategy_b_circle/counting_mask/bright/1002.png,1407,332,103,102,1392,317,133,132,needs_review,consensus,False,3,0.1651499831479609,0.5899918923182713,0.5437992510290949,2940,0.27984009137635635,0.7193540494250061,False,0.43191812995817375,0.392578125,True,0.7932068819363373,0.14694513380527496,True,2940.0,0.27984009137635635,1.0,0.27984009137635635,0.12563318533303883,0.38901580049495527,0.0,0.5448506650603031,0.1197805106639862,True,8879.0,0.8451361126975062,0.6695573825881292,0.5658671235484485,0.4634146716433918,0.642634450506625,1.0,8.0,0.0007614696363982486,1.0,0.0007614696363982486,1.0841187490600142,0.0007608902415826517,0.0
1002,149,149,train,bright,E.coli,other,preprocessed_intensity_sigma040/local_flatfield/bright/1002.png,processed_plate_strategy_b_circle/counting_mask/bright/1002.png,1459,315,121,113,1441,297,157,149,needs_review,consensus,False,3,0.055174884679116847,0.5554025804353683,0.49147224181183824,1232,0.09010458567980692,0.25,False,0.47226719017903135,0.525390625,True,0.6002934806352388,0.2033802717924118,True,1210.0,0.08849557522123894,1.0,0.08849557522123894,0.42508769711635924,0.18020917135961384,0.0,0.5936470704918348,0.16824865341186523,True,9686.0,0.7084034228040664,0.770183770390254,0.5456008191325971,0.48873878928064485,0.6176537019469667,1.0,17.0,0.001243326263438894,1.0,0.001243326263438894,0.7933567256685639,0.002194105170774519,0.0
1002,150,150,train,bright,E.coli,other,preprocessed_intensity_sigma040/local_flatfield/bright/1002.png,processed_plate_strategy_b_circle/counting_mask/bright/1002.png,1497,288,103,90,1482,273,133,120,needs_review,consensus,False,3,0.03235693331581943,0.57805642489709,0.4925474966193728,739,0.07971952535059332,0.18219921104536488,False,0.4782647348629596,0.541015625,True,0.643379852295123,0.23177233338356018,True,728.0,0.07853290183387271,1.0,0.07853290183387271,0.18338842519084442,0.3477885652642934,0.0,0.6125246875331872,0.19120271503925323,True,9791.0,1.056202804746494,0.7761209273822899,0.8197411003236246,0.03390656004474321,0.5808270676691729,1.0,11.0,0.0011866235167206042,1.0,0.0011866235167206042,0.7497082408491524,0.002696871628910464,0.0
1002,151,151,train,bright,E.coli,other,preprocessed_intensity_sigma040/local_flatfield/bright/1002.png,processed_plate_strategy_b_circle/counting_mask/bright/1002.png,1518,255,104,91,1502,239,136,123,needs_review,consensus,False,3,0.17174716014411504,0.6075795456273259,0.5531433243013706,2328,0.2459847844463229,0.25064599483204136,False,0.5977527662596054,0.345703125,True,0.6423829917491732,0.22798007726669312,True,2464.0,0.2603550295857988,0.9326298701298701,0.24281487743026203,0.022849402618290722,0.6443355119825708,1.0,0.5826028788731991,0.18716466426849365,True,7987.0,0.8439349112426036,0.7599849755853262,0.6413778529163144,0.3573726714898363,0.5657580105212817,1.0,220.0,0.02324598478444632,1.0,0.02324598478444632,0.12055103388257578,0.18374894336432798,0.0
1003,1_03,1,test,bright,B.subtilis,other,preprocessed_intensity_sigma040/local_flatfield/bright/1003.png,processed_plate_strategy_b_circle/counting_mask/bright/1003.png,1601,1310,150,149,1579,1288,194,193,auto_candidate,consensus,False,2,0.3821664892878627,0.7119300377781234,0.5851969530286679,8259,0.36953020134228187,0.5504532124766729,False,0.0085818973188031,0.369140625,False,0.893806824896749,0.09319721907377243,True,8120.0,0.36331096196868007,1.0,0.36331096196868007,0.014520155999526982,0.6713199105145414,0.0,0.5300532506594977,0.07511941343545914,True,32750.0,1.465324384787472,0.6566717557251909,0.9622371364653244,0.1773866918782003,0.5969232412798462,1.0,245.0,0.010961968680089485,0.24489795918367346,0.0026845637583892616,1.2779614966451518,0.05063600782778865,1.0
1003,2_03,2,test,bright,B.subtilis,other,preprocessed_intensity_sigma040/local_flatfield/bright/1003.png,processed_plate_strategy_b_circle/counting_mask/bright/1003.png,1628,732,113,112,1611,715,147,146,auto_candidate,consensus,False,3,0.396924728616938,0.6512358652823106,0.6494180011288526,1462,0.11551833122629583,0.34959349593495936,False,0.6173655533196211,0.462890625,True,0.6522990589243752,0.2623714208602905,True,1462.0,0.11551833122629583,1.0,0.11551833122629583,0.2902844349366742,0.3304361567635904,0.0,0.6840429836029357,0.22419925034046173,True,4514.0,0.35666877370417194,0.9499335400974745,0.3388116308470291,0.2208861786182717,0.6152429522595269,1.0,933.0,0.07371997471554993,1.0,0.07371997471554993,0.32130820419290623,0.30973451327433627,0.0
1004,1_04,1,train,bright,P.aeruginosa,other,preprocessed_intensity_sigma040/local_flatfield/bright/1004.png,processed_plate_strategy_b_circle/counting_mask/bright/1004.png,1587,1596,63,63,1578,1587,81,81,needs_review,consensus,False,3,0.1769557358594556,0.6214047592518502,0.5604964112515496,1091,0.2748803224993701,0.24303853865003341,False,0.5220342321500097,0.384765625,True,0.6299012192134062,0.1994548887014389,True,1267.0,0.31922398589065254,0.8642462509865825,0.2758881330309902,0.1642580061534663,0.6049382716049383,1.0,0.7122788263921349,0.16770581901073456,True,2449.0,0.6170319979843789,0.8999591670069416,0.5553036029226506,0.07335892123144529,0.6049382716049383,1.0,26.0,0.00655076845553036,1.0,0.00655076845553036,0.46564831009730995,0.014109347442680775,0.0
1005,1_05,1,train,bright,S.aureus,other,preprocessed_intensity_sigma040/local_flatfield/bright/1005.png,processed_plate_strategy_b_circle/counting_mask/bright/1005.png,460,1670,36,36,454,1664,48,48,auto_candidate,consensus,False,3,0.8414769133459835,0.9092583660175665,0.9082202660781209,527,0.4066358024691358,0.7807407407407407,False,0.8742910276703706,0.400390625,True,0.9082935862695509,0.2569274306297302,True,526.0,0.4058641975308642,1.0,0.4058641975308642,0.01152989149874503,0.5208333333333334,0.0,0.945190484112778,0.22434642910957336,True,616.0,0.47530864197530864,1.0,0.47530864197530864,0.006479085517915458,0.6265432098765432,0.0,475.0,0.36651234567901236,1.0,0.36651234567901236,0.020873179295409168,0.46296296296296297,0.0
1005,2_04,2,train,bright,S.aureus,other,preprocessed_intensity_sigma040/local_flatfield/bright/1005.png,processed_plate_strategy_b_circle/counting_mask/bright/1005.png,570,1687,36,36,564,1681,48,48,auto_candidate,consensus,False,3,0.7511058498569597,0.8352457549528634,0.8469853494310813,545,0.42052469135802467,0.7208994708994709,False,0.9018032894326528,0.4140165448188782,True,0.9086513660341505,0.3265557289123535,True,525.0,0.4050925925925926,1.0,0.4050925925925926,0.03488951635763796,0.5617283950617284,0.0,0.695282609391787,0.2823690176010132,True,887.0,0.6844135802469136,0.8850056369785795,0.6057098765432098,0.0245637545640675,0.5625,1.0,516.0,0.39814814814814814,1.0,0.39814814814814814,0.020908799190061826,0.5216049382716049,0.0
1005,3_03,3,train,bright,S.aureus,other,preprocessed_intensity_sigma040/local_flatfield/bright/1005.png,processed_plate_strategy_b_circle/counting_mask/bright/1005.png,434,1462,40,39,428,1456,52,51,auto_candidate,consensus,False,3,0.7893429041066837,0.8942088154844049,0.8839535426311013,635,0.40705128205128205,0.7820197044334976,False,0.8562069655033308,0.36331191658973694,True,0.8962610122615394,0.2273326963186264,True,635.0,0.40705128205128205,1.0,0.40705128205128205,0.10495813412095756,0.5205128205128206,0.0,0.9301584686883448,0.19552074372768402,True,792.0,0.5076923076923077,1.0,0.5076923076923077,0.0780500158530022,0.6358974358974359,0.0,552.0,0.35384615384615387,1.0,0.35384615384615387,0.09222307027040648,0.4666666666666667,0.0
1005,4_02,4,train,bright,S.aureus,other,preprocessed_intensity_sigma040/local_flatfield/bright/1005.png,processed_plate_strategy_b_circle/counting_mask/bright/1005.png,58,981,26,54,50,973,42,70,auto_candidate,consensus,False,3,0.6613199127452031,0.7903944642875134,0.7976197551758264,506,0.3603988603988604,0.5836216839677048,False,0.8376389631091472,0.36850494146347046,True,0.8313197064231185,0.34219422936439514,True,465.0,0.3311965811965812,0.967741935483871,0.32051282051282054,0.10649156616219568,0.5277044854881267,0.0,0.7022247233302743,0.28447532653808594,True,828.0,0.5897435897435898,0.8876811594202898,0.5235042735042735,0.1811292155000872,0.6264501160092807,1.0,448.0,0.3190883190883191,1.0,0.3190883190883191,0.07585622057594323,0.4964387464387464,0.0
1005,5_01,5,train,bright,S.aureus,other,preprocessed_intensity_sigma040/local_flatfield/bright/1005.png,processed_plate_strategy_b_circle/counting_mask/bright/1005.png,687,1397,37,36,681,1391,49,48,auto_candidate,consensus,False,3,0.8185524845036074,0.9289068341442618,0.9080561032339673,624,0.46846846846846846,0.7428571428571429,False,0.9153536480991397,0.3672334849834442,True,0.9443558278982699,0.24959984421730042,True,624.0,0.46846846846846846,1.0,0.46846846846846846,0.023734755716950023,0.6306306306306306,0.0,0.9270110264353759,0.21496647596359253,True,757.0,0.5683183183183184,1.0,0.5683183183183184,0.024959380268677212,0.7207207207207207,0.0,558.0,0.4189189189189189,1.0,0.4189189189189189,0.02971923886669662,0.527027027027027,0.0
1005,6_01,6,train,bright,S.aureus,other,preprocessed_intensity_sigma040/local_flatfield/bright/1005.png,processed_plate_strategy_b_circle/counting_mask/bright/1005.png,772,1312,37,36,766,1306,49,48,auto_candidate,consensus,False,3,0.790401870943108,0.9188030380759259,0.8941618700604581,582,0.4369369369369369,0.7432950191570882,False,0.8848437632099949,0.3612745404243469,True,0.9354279252503664,0.23440375924110413,True,582.0,0.4369369369369369,1.0,0.4369369369369369,0.017608774111807467,0.5878378378378378,0.0,0.9361374257674161,0.20120954513549805,True,720.0,0.5405405405405406,1.0,0.5405405405405406,0.017752629304783565,0.7207207207207207,0.0,503.0,0.37762762762762764,1.0,0.37762762762762764,0.017647053865502464,0.487987987987988,0.0
1005,7_01,7,train,bright,S.aureus,other,preprocessed_intensity_sigma040/local_flatfield/bright/1005.png,processed_plate_strategy_b_circle/counting_mask/bright/1005.png,680,1241,34,32,674,1235,46,44,auto_candidate,consensus,False,3,0.8111491803232536,0.9312309384590921,0.9063945884967757,539,0.4954044117647059,0.7678062678062678,False,0.9328836361819957,0.35245099663734436,True,0.9401158681762103,0.24108350276947021,True,539.0,0.4954044117647059,1.0,0.4954044117647059,0.03626151873359558,0.6452205882352942,0.0,0.9206933110190705,0.20741769671440125,True,659.0,0.6056985294117647,1.0,0.6056985294117647,0.037197286866379305,0.7720588235294118,0.0,479.0,0.44025735294117646,1.0,0.44025735294117646,0.04229898998558398,0.5735294117647058,0.0
1005,8_01,8,train,bright,S.aureus,other,preprocessed_intensity_sigma040/local_flatfield/bright/1005.png,processed_plate_strategy_b_circle/counting_mask/bright/1005.png,618,1284,37,35,612,1278,49,47,auto_candidate,consensus,False,3,0.7764212488350419,0.9130671420018966,0.8869742938930234,555,0.42857142857142855,0.7341269841269841,False,0.8742863646531767,0.3556143045425415,True,0.930228394474505,0.22741352021694183,True,555.0,0.42857142857142855,1.0,0.42857142857142855,0.010815854854631773,0.5837837837837838,0.0,0.934686666878008,0.19478970766067505,True,696.0,0.5374517374517375,1.0,0.5374517374517375,0.015976618397874127,0.6942084942084942,0.0,473.0,0.36525096525096523,1.0,0.36525096525096523,0.014872635114630264,0.46332046332046334,0.0
1005,9_01,9,train,bright,S.aureus,other,preprocessed_intensity_sigma040/local_flatfield/bright/1005.png,processed_plate_strategy_b_circle/counting_mask/bright/1005.png,548,1153,37,36,542,1147,49,48,auto_candidate,consensus,False,3,0.7878270762229805,0.9173835141986766,0.8926928823575138,586,0.43993993993993996,0.7484035759897829,False,0.8850013382896486,0.36874234676361084,True,0.9352811394452487,0.2422102391719818,True,586.0,0.43993993993993996,1.0,0.43993993993993996,0.03366629670577868,0.5878378378378378,0.0,0.9318680648611326,0.20857924222946167,True,728.0,0.5465465465465466,1.0,0.5465465465465466,0.01911936708658092,0.6981981981981982,0.0,506.0,0.37987987987987987,1.0,0.37987987987987987,0.02773847598343525,0.487987987987988,0.0
1005,10_01,10,train,bright,S.aureus,other,preprocessed_intensity_sigma040/local_flatfield/bright/1005.png,processed_plate_strategy_b_circle/counting_mask/bright/1005.png,903,1559,37,36,897,1553,49,48,auto_candidate,consensus,False,3,0.7810626656407625,0.9050493730968493,0.8853916822130066,557,0.41816816816816815,0.7934472934472935,False,0.8659747660444843,0.35047489404678345,True,0.9135701916015819,0.2255719006061554,True,557.0,0.41816816816816815,1.0,0.41816816816816815,0.03897680680347453,0.527027027027027,0.0,0.9356031616444814,0.19283580780029297,True,700.0,0.5255255255255256,1.0,0.5255255255255256,0.03991313252850897,0.6981981981981982,0.0,480.0,0.36036036036036034,1.0,0.36036036036036034,0.041685916177553475,0.45045045045045046,0.0
1005,11_01,11,train,bright,S.aureus,other,preprocessed_intensity_sigma040/local_flatfield/bright/1005.png,processed_plate_strategy_b_circle/counting_mask/bright/1005.png,948,1549,33,32,942,1543,45,44,auto_candidate,consensus,False,3,0.7950172579347572,0.9312793064784776,0.900767762868556,565,0.5350378787878788,0.7473544973544973,False,0.9422141049919028,0.3617111146450043,True,0.9334052473649823,0.25174689292907715,True,565.0,0.5350378787878788,1.0,0.5350378787878788,0.0466524559845881,0.7159090909090909,0.0,0.9182185670785475,0.21691249310970306,True,682.0,0.6458333333333334,1.0,0.6458333333333334,0.04640084428001883,0.8522727272727273,0.0,481.0,0.45549242424242425,1.0,0.45549242424242425,0.0455398468996534,0.615530303030303,0.0
1005,12_01,12,train,bright,S.aureus,other,preprocessed_intensity_sigma040/local_flatfield/bright/1005.png,processed_plate_strategy_b_circle/counting_mask/bright/1005.png,944,1589,30,30,938,1583,42,42,auto_candidate,consensus,False,3,0.8464887387931053,0.6416166007865688,0.8029176988922144,551,0.6122222222222222,0.6785714285714286,False,0.6294453418452975,0.36066943407058716,True,0.649826955502838,0.29588279128074646,True,606.0,0.6733333333333333,0.8679867986798679,0.5844444444444444,0.3740370154660509,0.6234458259325044,1.0,0.6455775050115706,0.253395676612854,True,709.0,0.7877777777777778,0.8787023977433004,0.6922222222222222,0.3232350710122379,0.6690265486725664,1.0,600.0,0.6666666666666666,0.8533333333333334,0.5688888888888889,0.45130332522376204,0.5620503597122302,1.0
1005,13_01,13,train,bright,S.aureus,other,preprocessed_intensity_sigma040/local_flatfield/bright/1005.png,processed_plate_strategy_b_circle/counting_mask/bright/1005.png,962,1596,30,29,956,1590,42,41,auto_candidate,consensus,False,3,0.8476671552566478,0.6339671391635524,0.8002703600052476,559,0.6425287356321839,0.6884236453201971,False,0.6208049055703078,0.36524972319602966,True,0.6394375148155071,0.3046343922615051,True,619.0,0.7114942528735633,0.8723747980613893,0.6206896551724138,0.4225519121977775,0.6428571428571429,1.0,0.6416589971048422,0.26164937019348145,True,721.0,0.828735632183908,0.8821081830790569,0.7310344827586207,0.36561985483670695,0.7328519855595668,1.0,604.0,0.6942528735632184,0.859271523178808,0.596551724137931,0.5012771094402468,0.577634011090573,1.0
1005,14_01,14,train,bright,S.aureus,other,preprocessed_intensity_sigma040/local_flatfield/bright/1005.png,processed_plate_strategy_b_circle/counting_mask/bright/1005.png,1061,1546,33,32,1055,1540,45,44,auto_candidate,consensus,False,3,0.7911616161616161,0.9323703654534553,0.8998547118379479,561,0.53125,0.6908866995073891,False,0.9405624076155368,0.36715689301490784,True,0.9403028224436666,0.2531570494174957,True,561.0,0.53125,1.0,0.53125,0.04377101207613121,0.7689393939393939,0.0,0.916245866301163,0.21831052005290985,True,680.0,0.6439393939393939,1.0,0.6439393939393939,0.04305877346132781,0.8238636363636364,0.0,476.0,0.45075757575757575,1.0,0.45075757575757575,0.04716893251223102,0.5918560606060606,0.0
1005,15_01,15,train,bright,S.aureus,other,preprocessed_intensity_sigma040/local_flatfield/bright/1005.png,processed_plate_strategy_b_circle/counting_mask/bright/1005.png,1424,1561,37,36,1418,1555,49,48,auto_candidate,consensus,False,3,0.775172945157453,0.9116462573194717,0.8859690337328971,562,0.4219219219219219,0.7433862433862434,False,0.8787343500103527,0.3494332432746887,True,0.9235249347688329,0.22791451215744019,True,562.0,0.4219219219219219,1.0,0.4219219219219219,0.014684960475980531,0.5675675675675675,0.0,0.9326794871792292,0.19508428871631622,True,719.0,0.5397897897897898,1.0,0.5397897897897898,0.02823263528641197,0.6981981981981982,0.0,487.0,0.3656156156156156,1.0,0.3656156156156156,0.016479003702595172,0.5075075075075075,0.0
1005,16_01,16,train,bright,S.aureus,other,preprocessed_intensity_sigma040/local_flatfield/bright/1005.png,processed_plate_strategy_b_circle/counting_mask/bright/1005.png,1505,1715,37,36,1499,1709,49,48,auto_candidate,consensus,False,3,0.6899230660094554,0.7388858703521594,0.7870274212441731,692,0.5195195195195195,0.63544536271809,False,0.6809764139677543,0.4121476709842682,True,0.8754782313050529,0.311639666557312,True,501.0,0.3761261261261261,1.0,0.3761261261261261,0.07734894111170086,0.4864864864864865,0.0,0.6602029657836705,0.2729376554489136,True,970.0,0.7282282282282282,0.8731958762886598,0.6358858858858859,0.26770231830406693,0.6644219977553311,1.0,771.0,0.5788288288288288,0.874189364461738,0.506006006006006,0.2802579952085442,0.5670103092783505,1.0
1005,17_01,17,train,bright,S.aureus,other,preprocessed_intensity_sigma040/local_flatfield/bright/1005.png,processed_plate_strategy_b_circle/counting_mask/bright/1005.png,1604,1623,37,36,1598,1617,49,48,auto_candidate,consensus,False,3,0.8596394701999147,0.9145393863056741,0.9166895690922399,561,0.42117117117117114,0.7695473251028807,False,0.8875022370768763,0.4328661262989044,True,0.9165903425220452,0.30197247862815857,True,560.0,0.42042042042042044,1.0,0.42042042042042044,0.04297568548757499,0.5472972972972973,0.0,0.9395255793181005,0.26383134722709656,True,635.0,0.4767267267267267,1.0,0.4767267267267267,0.0338128994005682,0.6096096096096096,0.0,506.0,0.37987987987987987,1.0,0.37987987987987987,0.023735738642882986,0.5075075075075075,0.0
1005,18_01,18,train,bright,S.aureus,other,preprocessed_intensity_sigma040/local_flatfield/bright/1005.png,processed_plate_strategy_b_circle/counting_mask/bright/1005.png,1758,1395,33,33,1752,1389,45,45,auto_candidate,consensus,False,3,0.6804694396842708,0.8336259006978838,0.8216146641686483,490,0.44995408631772266,0.7291666666666666,False,0.9010606924903837,0.392578125,True,0.9389446041584614,0.31017768383026123,True,478.0,0.4389348025711662,1.0,0.4389348025711662,0.02325948271652064,0.6170798898071626,0.0,0.660872405444806,0.26970016956329346,True,914.0,0.8393021120293848,0.8643326039387309,0.7254361799816346,0.04748112501849082,0.5627906976744186,1.0,440.0,0.40404040404040403,1.0,0.40404040404040403,0.043659349206739764,0.5050505050505051,0.0
1005,19_01,19,train,bright,S.aureus,other,preprocessed_intensity_sigma040/local_flatfield/bright/1005.png,processed_plate_strategy_b_circle/counting_mask/bright/1005.png,1722,1367,37,35,1716,1361,49,47,auto_candidate,consensus,False,3,0.776674416466354,0.799470983983638,0.8416244393566792,594,0.4586872586872587,0.6239495798319328,False,0.9062811762899305,0.35170039534568787,True,0.7733422196491865,0.24471408128738403,True,613.0,0.47335907335907335,0.9706362153344209,0.4594594594594595,0.06065856331476419,0.6124401913875598,1.0,0.7187895560117971,0.2108808010816574,True,824.0,0.6362934362934363,0.9405339805825242,0.5984555984555985,0.11255119972211426,0.629994209612044,1.0,524.0,0.4046332046332046,1.0,0.4046332046332046,0.020353409872910518,0.5212355212355212,0.0
1005,20_01,20,train,bright,S.aureus,other,preprocessed_intensity_sigma040/local_flatfield/bright/1005.png,processed_plate_strategy_b_circle/counting_mask/bright/1005.png,1703,1328,37,36,1697,1322,49,48,auto_candidate,consensus,False,3,0.7938166662918738,0.9232010671124229,0.897116260047125,610,0.45795795795795796,0.7253269916765755,False,0.8891474281187619,0.34762564301490784,True,0.9467548477628932,0.22105342149734497,True,610.0,0.45795795795795796,1.0,0.45795795795795796,0.02054638869127611,0.6313813813813813,0.0,0.9337009254556136,0.1901124268770218,True,729.0,0.5472972972972973,1.0,0.5472972972972973,0.020530351485751615,0.7207207207207207,0.0,513.0,0.38513513513513514,1.0,0.38513513513513514,0.02373418748487811,0.487987987987988,0.0
1005,21_01,21,train,bright,S.aureus,other,preprocessed_intensity_sigma040/local_flatfield/bright/1005.png,processed_plate_strategy_b_circle/counting_mask/bright/1005.png,1589,1169,34,32,1583,1163,46,44,auto_candidate,consensus,False,3,0.8015960863089138,0.9338352080968032,0.9040927134468411,564,0.5183823529411765,0.746031746031746,False,0.9413607126113567,0.36323532462120056,True,0.9389732448581508,0.25782376527786255,True,564.0,0.5183823529411765,1.0,0.5183823529411765,0.03010780599233697,0.6948529411764706,0.0,0.9211716668209023,0.22117741405963898,True,692.0,0.6360294117647058,1.0,0.6360294117647058,0.021582602876743677,0.8262867647058824,0.0,494.0,0.4540441176470588,1.0,0.4540441176470588,0.04062294078312159,0.5974264705882353,0.0
1005,22_01,22,train,bright,S.aureus,other,preprocessed_intensity_sigma040/local_flatfield/bright/1005.png,processed_plate_strategy_b_circle/counting_mask/bright/1005.png,1531,1230,37,36,1525,1224,49,48,auto_candidate,consensus,False,3,0.7849550335576262,0.9081425636172922,0.8879912871920861,551,0.41366366366366364,0.7849002849002849,False,0.8764098936198185,0.34146755933761597,True,0.9131126953856756,0.22906997799873352,True,551.0,0.41366366366366364,1.0,0.41366366366366364,0.019831902563643734,0.527027027027027,0.0,0.9349051018463826,0.1951974481344223,True,701.0,0.5262762762762763,1.0,0.5262762762762763,0.026799095479455276,0.6756756756756757,0.0,484.0,0.3633633633633634,1.0,0.3633633633633634,0.02218775780983338,0.5075075075075075,0.0
1005,23_01,23,train,bright,S.aureus,other,preprocessed_intensity_sigma040/local_flatfield/bright/1005.png,processed_plate_strategy_b_circle/counting_mask/bright/1005.png,1418,1189,37,36,1412,1183,49,48,auto_candidate,consensus,False,3,0.7932160350948761,0.9251146799266762,0.8976714842538771,612,0.4594594594594595,0.7816091954022989,False,0.8954978433692101,0.3612898588180542,True,0.9434030601495687,0.23978258669376373,True,612.0,0.4594594594594595,1.0,0.4594594594594595,0.011180654082951455,0.5878378378378378,0.0,0.93644313626125,0.2059844583272934,True,737.0,0.5533033033033034,1.0,0.5533033033033034,0.005036852445195968,0.7447447447447447,0.0,518.0,0.3888888888888889,1.0,0.3888888888888889,0.01039607105624431,0.5075075075075075,0.0
1005,24_01,24,train,bright,S.aureus,other,preprocessed_intensity_sigma040/local_flatfield/bright/1005.png,processed_plate_strategy_b_circle/counting_mask/bright/1005.png,1326,1253,37,35,1320,1247,49,47,auto_candidate,consensus,False,3,0.8056576786336401,0.9287651662286791,0.9034862540132457,617,0.47644787644787645,0.7598522167487685,False,0.9147655415390987,0.3599647879600525,True,0.9417657379120599,0.2445114403963089,True,617.0,0.47644787644787645,1.0,0.47644787644787645,0.030496288731762328,0.6270270270270271,0.0,0.9297642192348788,0.2103596180677414,True,749.0,0.5783783783783784,1.0,0.5783783783783784,0.01783231043819055,0.766023166023166,0.0,539.0,0.41621621621621624,1.0,0.41621621621621624,0.03149875710823494,0.5420849420849421,0.0
1005,25_01,25,train,bright,S.aureus,other,preprocessed_intensity_sigma040/local_flatfield/bright/1005.png,processed_plate_strategy_b_circle/counting_mask/bright/1005.png,1440,1075,31,29,1434,1069,43,41,auto_candidate,consensus,False,3,0.8793320021998721,0.6379711135083032,0.8129546461732764,555,0.6173526140155728,0.7079081632653061,False,0.6228884914743316,0.37369027733802795,True,0.6513306554011659,0.3037625253200531,True,597.0,0.664071190211346,0.9128978224455612,0.6062291434927698,0.47390965229919135,0.6041108132260947,1.0,0.6396941936494118,0.26180556416511536,True,673.0,0.7486095661846496,0.9004457652303121,0.6740823136818688,0.44626682893026903,0.6452205882352942,1.0,598.0,0.6651835372636262,0.882943143812709,0.5873192436040044,0.5593873255655575,0.5410279531109107,1.0
1005,26_01,26,train,bright,S.aureus,other,preprocessed_intensity_sigma040/local_flatfield/bright/1005.png,processed_plate_strategy_b_circle/counting_mask/bright/1005.png,1426,1067,30,33,1420,1061,42,45,auto_candidate,consensus,False,3,0.8676411037106181,0.6721427246648007,0.8225314761646366,581,0.5868686868686869,0.7410714285714286,False,0.6616266197004473,0.3694929778575897,True,0.6870889791482806,0.29196596145629883,True,619.0,0.6252525252525253,0.925686591276252,0.5787878787878787,0.32413875998863584,0.6286701208981001,1.0,0.6677125751456746,0.2517198622226715,True,725.0,0.7323232323232324,0.9062068965517242,0.6636363636363637,0.295767227606396,0.6726804123711341,1.0,606.0,0.6121212121212121,0.8894389438943895,0.5444444444444444,0.41129429099749437,0.5859375,1.0
1005,27_01,27,train,bright,S.aureus,other,preprocessed_intensity_sigma040/local_flatfield/bright/1005.png,processed_plate_strategy_b_circle/counting_mask/bright/1005.png,1474,1066,34,32,1468,1060,46,44,auto_candidate,consensus,False,3,0.7800397667463116,0.9181079063095109,0.8902570808850134,485,0.44577205882352944,0.7461538461538462,False,0.889677484003313,0.34616270661354065,True,0.9385561090409943,0.22685422003269196,True,485.0,0.44577205882352944,1.0,0.44577205882352944,0.04588461476780341,0.5974264705882353,0.0,0.9260901258842252,0.1937834918498993,True,617.0,0.5670955882352942,1.0,0.5670955882352942,0.05283272328972925,0.7463235294117647,0.0,422.0,0.38786764705882354,1.0,0.38786764705882354,0.04762673360874103,0.5073529411764706,0.0
1005,28_01,28,train,bright,S.aureus,other,preprocessed_intensity_sigma040/local_flatfield/bright/1005.png,processed_plate_strategy_b_circle/counting_mask/bright/1005.png,1356,1019,33,33,1350,1013,45,45,auto_candidate,consensus,False,3,0.791346468064472,0.9193711858516752,0.8947197381632352,515,0.472910927456382,0.7618343195266272,False,0.8937644165504386,0.35305607318878174,True,0.937241602882274,0.22996275126934052,True,515.0,0.472910927456382,1.0,0.472910927456382,0.06302185865093882,0.620752984389348,0.0,0.927107538122313,0.19787541031837463,True,614.0,0.5638200183654729,1.0,0.5638200183654729,0.05163731607836949,0.7456382001836547,0.0,430.0,0.3948576675849403,1.0,0.3948576675849403,0.0684416421925543,0.5289256198347108,0.0
1005,29_01,29,train,bright,S.aureus,other,preprocessed_intensity_sigma040/local_flatfield/bright/1005.png,processed_plate_strategy_b_circle/counting_mask/bright/1005.png,1421,1032,27,27,1415,1026,39,39,auto_candidate,consensus,False,3,0.8923450421060618,0.6944660707688962,0.8401071930446802,538,0.7379972565157751,0.7379972565157751,False,0.623860192974928,0.37924328446388245,True,0.8196658889229836,0.3197973668575287,True,565.0,0.7750342935528121,0.952212389380531,0.7379972565157751,0.36948661104850916,0.7046223224351748,0.0,0.639872130408777,0.27815622091293335,True,643.0,0.8820301783264746,0.9129082426127527,0.8052126200274349,0.37539649056514834,0.689289501590668,1.0,555.0,0.7613168724279835,0.8954954954954955,0.6817558299039781,0.4966760791179785,0.5929108485499462,1.0
1005,30_01,30,train,bright,S.aureus,other,preprocessed_intensity_sigma040/local_flatfield/bright/1005.png,processed_plate_strategy_b_circle/counting_mask/bright/1005.png,1407,1024,31,34,1401,1018,43,46,auto_candidate,consensus,False,3,0.856730006809765,0.7395420441576763,0.8456723200464883,554,0.5256166982922201,0.7599451303155007,False,0.6828476423286025,0.3720588684082031,True,0.8586198904138229,0.2725073993206024,True,579.0,0.5493358633776091,0.9516407599309153,0.5227703984819735,0.33208116771695745,0.567703952901598,0.0,0.6771585997306035,0.23520654439926147,True,702.0,0.6660341555977229,0.9202279202279202,0.6129032258064516,0.32124293869890086,0.6320907617504052,1.0,561.0,0.532258064516129,0.9180035650623886,0.48861480075901326,0.4014319069613685,0.49421487603305786,1.0
1005,31_01,31,train,bright,S.aureus,other,preprocessed_intensity_sigma040/local_flatfield/bright/1005.png,processed_plate_strategy_b_circle/counting_mask/bright/1005.png,1555,914,34,33,1549,908,46,45,auto_candidate,consensus,False,3,0.8009383573334666,0.9232962330461986,0.8996469182851927,502,0.4474153297682709,0.8032,False,0.9045016607019,0.3760340213775635,True,0.9364697699763762,0.2448858767747879,True,502.0,0.4474153297682709,1.0,0.4474153297682709,0.039850902762290974,0.5570409982174688,0.0,0.9289172684603194,0.2115597277879715,True,638.0,0.5686274509803921,1.0,0.5686274509803921,0.031456471147418175,0.749554367201426,0.0,454.0,0.40463458110516937,1.0,0.40463458110516937,0.04319704516834028,0.5347593582887701,0.0
1005,32_01,32,train,bright,S.aureus,other,preprocessed_intensity_sigma040/local_flatfield/bright/1005.png,processed_plate_strategy_b_circle/counting_mask/bright/1005.png,1677,717,34,32,1671,711,46,44,auto_candidate,consensus,False,3,0.9485579177371773,0.6878957444266578,0.8571535689786751,769,0.7068014705882353,0.753921568627451,False,0.685240772258141,0.5042279958724976,True,0.6897141494515274,0.46082115173339844,True,829.0,0.7619485294117647,0.9203860072376358,0.7012867647058824,0.19720375868670625,0.7570977917981072,1.0,0.6887323115703051,0.4061258137226105,True,853.0,0.7840073529411765,0.9191090269636577,0.7205882352941176,0.19421579560520555,0.7807570977917981,1.0,799.0,0.734375,0.9161451814768461,0.6727941176470589,0.21902645665378986,0.7123613312202852,1.0
1005,33_01,33,train,bright,S.aureus,other,preprocessed_intensity_sigma040/local_flatfield/bright/1005.png,processed_plate_strategy_b_circle/counting_mask/bright/1005.png,1295,858,33,32,1289,852,45,44,auto_candidate,consensus,False,3,0.7469722937550246,0.9088319764758138,0.8749730934045842,549,0.5198863636363636,0.6761083743842364,False,0.9194894649235761,0.4319852888584137,True,0.9313283559978374,0.3017409145832062,True,548.0,0.5189393939393939,1.0,0.5189393939393939,0.14301744970476507,0.7751152073732719,0.0,0.8756781085060279,0.265826016664505,True,716.0,0.678030303030303,0.9804469273743017,0.6647727272727273,0.17969115850069495,0.742320819112628,0.0,457.0,0.4327651515151515,1.0,0.4327651515151515,0.08210193049903682,0.5454545454545454,0.0
1005,34_01,34,train,bright,S.aureus,other,preprocessed_intensity_sigma040/local_flatfield/bright/1005.png,processed_plate_strategy_b_circle/counting_mask/bright/1005.png,1226,1001,33,32,1220,995,45,44,auto_candidate,consensus,False,3,0.8241455896083923,0.9336794103266607,0.9119227204936016,578,0.5473484848484849,0.7372448979591837,False,0.9426467164593648,0.3844439387321472,True,0.9353893560070002,0.2642365097999573,True,578.0,0.5473484848484849,1.0,0.5473484848484849,0.02393222693289641,0.7424242424242424,0.0,0.9230021585136169,0.2303800880908966,True,672.0,0.6363636363636364,1.0,0.6363636363636364,0.005926495686695312,0.8238636363636364,0.0,501.0,0.4744318181818182,1.0,0.4744318181818182,0.018014419862374235,0.615530303030303,0.0
1005,35_01,35,train,bright,S.aureus,other,preprocessed_intensity_sigma040/local_flatfield/bright/1005.png,processed_plate_strategy_b_circle/counting_mask/bright/1005.png,1133,865,34,33,1127,859,46,45,auto_candidate,consensus,False,3,0.8291274290817329,0.6191423662621148,0.7878515466834524,995,0.8868092691622104,0.7268078889700511,False,0.6127172566286604,0.5895220637321472,True,0.6354105938524586,0.668366014957428,True,899.0,0.8012477718360071,0.8854282536151279,0.7094474153297683,0.3698507555049268,0.6276257161043921,1.0,0.6092992483052254,0.5833370089530945,True,1245.0,1.1096256684491979,0.8417670682730923,0.9340463458110517,0.21016768480055095,0.608130081300813,1.0,1194.0,1.0641711229946524,0.8425460636515912,0.8966131907308378,0.2124374398458222,0.608130081300813,1.0
1005,36_01,36,train,bright,S.aureus,other,preprocessed_intensity_sigma040/local_flatfield/bright/1005.png,processed_plate_strategy_b_circle/counting_mask/bright/1005.png,1206,731,34,32,1200,725,46,44,auto_candidate,consensus,False,3,0.7874622040368614,0.921380594392927,0.8941640091700723,519,0.47702205882352944,0.7984615384615384,False,0.8991540027439049,0.3856464624404907,True,0.9363495969988964,0.2456231415271759,True,519.0,0.47702205882352944,1.0,0.47702205882352944,0.047752136314079936,0.5974264705882353,0.0,0.9286381834359796,0.21312133967876434,True,623.0,0.5726102941176471,1.0,0.5726102941176471,0.04187355366651603,0.7720588235294118,0.0,433.0,0.39797794117647056,1.0,0.39797794117647056,0.04506953336926629,0.5294117647058824,0.0
1005,37_01,37,train,bright,S.aureus,other,preprocessed_intensity_sigma040/local_flatfield/bright/1005.png,processed_plate_strategy_b_circle/counting_mask/bright/1005.png,1061,777,34,33,1055,771,46,45,auto_candidate,consensus,False,3,0.7865433487480732,0.9227853944929584,0.894404329859009,504,0.44919786096256686,0.7455621301775148,False,0.8939090638680046,0.38365504145622253,True,0.9437231951169334,0.24044521152973175,True,504.0,0.44919786096256686,1.0,0.44919786096256686,0.029001434892682785,0.6024955436720143,0.0,0.930723924493937,0.20875664055347443,True,635.0,0.5659536541889483,1.0,0.5659536541889483,0.023735354077237546,0.749554367201426,0.0,440.0,0.39215686274509803,1.0,0.39215686274509803,0.02696737714421886,0.4919786096256685,0.0
1005,38_01,38,train,bright,S.aureus,other,preprocessed_intensity_sigma040/local_flatfield/bright/1005.png,processed_plate_strategy_b_circle/counting_mask/bright/1005.png,1048,959,34,32,1042,953,46,44,auto_candidate,consensus,False,3,0.8185490203102835,0.6571328350150804,0.7993452911146314,881,0.8097426470588235,0.7621107266435986,False,0.6295514226648999,0.4790211319923401,True,0.7069590552950188,0.4800124168395996,True,775.0,0.7123161764705882,0.9045161290322581,0.6443014705882353,0.03521382780812474,0.6790450928381963,1.0,0.6348880270853222,0.42108455300331116,True,1039.0,0.9549632352941176,0.8671799807507219,0.828125,0.23407811500408218,0.6790450928381963,1.0,1021.0,0.9384191176470589,0.8687561214495593,0.8152573529411765,0.2754566072131862,0.6604527296937417,1.0
1005,39_01,39,train,bright,S.aureus,other,preprocessed_intensity_sigma040/local_flatfield/bright/1005.png,processed_plate_strategy_b_circle/counting_mask/bright/1005.png,1184,1394,37,36,1178,1388,49,48,auto_candidate,consensus,False,3,0.7999262181443862,0.922732175750273,0.8990670466506444,604,0.45345345345345345,0.7438423645320197,False,0.897494297054523,0.3608379364013672,True,0.9420145249118875,0.23804187774658203,True,604.0,0.45345345345345345,1.0,0.45345345345345345,0.04558812759342326,0.6096096096096096,0.0,0.9286877052844087,0.20485982298851013,True,742.0,0.5570570570570571,1.0,0.5570570570570571,0.03607704556256185,0.7207207207207207,0.0,528.0,0.3963963963963964,1.0,0.3963963963963964,0.04753960282962268,0.527027027027027,0.0
1005,40_01,40,train,bright,S.aureus,other,preprocessed_intensity_sigma040/local_flatfield/bright/1005.png,processed_plate_strategy_b_circle/counting_mask/bright/1005.png,1166,1222,34,33,1160,1216,46,45,auto_candidate,consensus,False,3,0.7887368906216944,0.9278449495678474,0.897195891544732,538,0.47950089126559714,0.7379972565157751,False,0.91005398023267,0.3558593988418579,True,0.9468638124534028,0.235517680644989,True,538.0,0.47950089126559714,1.0,0.47950089126559714,0.006451891021562846,0.6497326203208557,0.0,0.926617056017469,0.2027340531349182,True,656.0,0.5846702317290553,1.0,0.5846702317290553,0.016561617420409194,0.749554367201426,0.0,457.0,0.40730837789661317,1.0,0.40730837789661317,0.016055608502662244,0.5347593582887701,0.0
1005,41_01,41,train,bright,S.aureus,other,preprocessed_intensity_sigma040/local_flatfield/bright/1005.png,processed_plate_strategy_b_circle/counting_mask/bright/1005.png,1107,1300,37,36,1101,1294,49,48,auto_candidate,consensus,False,3,0.7786053919846344,0.9013075408981307,0.8830349035538744,535,0.4016516516516517,0.7338820301783264,False,0.8540151662255608,0.3491268754005432,True,0.9060888824893705,0.22879153490066528,True,535.0,0.4016516516516517,1.0,0.4016516516516517,0.025878772611324877,0.5472972972972973,0.0,0.9438185739794607,0.1943640261888504,True,665.0,0.49924924924924924,1.0,0.49924924924924924,0.027448859554235962,0.674924924924925,0.0,454.0,0.3408408408408408,1.0,0.3408408408408408,0.03147447021812029,0.45045045045045046,0.0
1005,42_01,42,train,bright,S.aureus,other,preprocessed_intensity_sigma040/local_flatfield/bright/1005.png,processed_plate_strategy_b_circle/counting_mask/bright/1005.png,1097,1356,34,33,1091,1350,46,45,auto_candidate,consensus,False,3,0.8222398965558702,0.9298035775542409,0.9097053948162509,526,0.46880570409982175,0.7792592592592592,False,0.9219533305360579,0.3322380781173706,True,0.9408840315729011,0.2290593981742859,True,526.0,0.46880570409982175,1.0,0.46880570409982175,0.027467354908655033,0.6016042780748663,0.0,0.9265733705537637,0.1958666294813156,True,643.0,0.5730837789661319,1.0,0.5730837789661319,0.020726540794872947,0.7237076648841355,0.0,477.0,0.42513368983957217,1.0,0.42513368983957217,0.018251023070597623,0.5347593582887701,0.0
1005,43_01,43,train,bright,S.aureus,other,preprocessed_intensity_sigma040/local_flatfield/bright/1005.png,processed_plate_strategy_b_circle/counting_mask/bright/1005.png,1123,1386,33,33,1117,1380,45,45,auto_candidate,consensus,False,3,0.7940624311274068,0.9230742132949216,0.897151536212561,524,0.48117539026629935,0.7464387464387464,False,0.9055020835045837,0.3421875238418579,True,0.940751749946299,0.23534448444843292,True,524.0,0.48117539026629935,1.0,0.48117539026629935,0.0454645505984876,0.6446280991735537,0.0,0.9229688064338821,0.20130738615989685,True,635.0,0.5831037649219467,1.0,0.5831037649219467,0.04332322077268505,0.7456382001836547,0.0,447.0,0.41046831955922863,1.0,0.41046831955922863,0.06076320411618534,0.5289256198347108,0.0
1005,44_01,44,train,bright,S.aureus,other,preprocessed_intensity_sigma040/local_flatfield/bright/1005.png,processed_plate_strategy_b_circle/counting_mask/bright/1005.png,1076,1297,28,30,1070,1291,40,42,auto_candidate,consensus,False,3,0.7923248583320796,0.6237453943205166,0.7768118581444344,460,0.5476190476190477,0.6845238095238095,False,0.6409121207198837,0.34990811347961426,True,0.6476817351116294,0.3068627417087555,True,517.0,0.6154761904761905,0.8336557059961315,0.513095238095238,0.40398807544854687,0.6341463414634146,1.0,0.5826423271300365,0.2596290409564972,True,770.0,0.9166666666666666,0.7584415584415585,0.6952380952380952,0.29365266889547526,0.5686274509803921,1.0,524.0,0.6238095238095238,0.8416030534351145,0.525,0.43832969843848807,0.6060606060606061,1.0
1005,45_01,45,train,bright,S.aureus,other,preprocessed_intensity_sigma040/local_flatfield/bright/1005.png,processed_plate_strategy_b_circle/counting_mask/bright/1005.png,1054,1299,30,30,1048,1293,42,42,auto_candidate,consensus,False,3,0.8243862557371134,0.6558071500290877,0.8008580495196248,501,0.5566666666666666,0.7455357142857143,False,0.6526877317655757,0.3338465094566345,True,0.6613576233627738,0.264914870262146,True,565.0,0.6277777777777778,0.8513274336283185,0.5344444444444445,0.3315643876155116,0.6401515151515151,1.0,0.6533760949589139,0.22611276805400848,True,681.0,0.7566666666666667,0.8707782672540382,0.6588888888888889,0.29367417174084953,0.6864406779661016,1.0,547.0,0.6077777777777778,0.8537477148080439,0.5188888888888888,0.38746600078835064,0.5747126436781609,1.0
1005,46_01,46,train,bright,S.aureus,other,preprocessed_intensity_sigma040/local_flatfield/bright/1005.png,processed_plate_strategy_b_circle/counting_mask/bright/1005.png,1084,1272,34,32,1078,1266,46,44,auto_candidate,consensus,False,3,0.7313068124023266,0.8127271960373759,0.8310482627557647,452,0.41544117647058826,0.7860869565217391,False,0.8789855115310138,0.3403722643852234,True,0.9011884981290021,0.2562408149242401,True,441.0,0.4053308823529412,1.0,0.4053308823529412,0.06626110432896735,0.5284926470588235,0.0,0.6580075784521114,0.2165980041027069,True,741.0,0.6810661764705882,0.863697705802969,0.5882352941176471,0.2932088387907481,0.6241610738255033,1.0,404.0,0.3713235294117647,1.0,0.3713235294117647,0.02693707210160894,0.4852941176470588,0.0
1005,47_01,47,train,bright,S.aureus,other,preprocessed_intensity_sigma040/local_flatfield/bright/1005.png,processed_plate_strategy_b_circle/counting_mask/bright/1005.png,1042,1340,33,33,1036,1334,45,45,auto_candidate,consensus,False,3,0.8073705721069384,0.9358725219328653,0.9069287090105745,548,0.5032139577594124,0.7527472527472527,False,0.9391478442685005,0.3483915627002716,True,0.9428956761798772,0.2374127358198166,True,548.0,0.5032139577594124,1.0,0.5032139577594124,0.020453199224808632,0.6685032139577594,0.0,0.9255740453502181,0.20464661717414856,True,662.0,0.6078971533516988,1.0,0.6078971533516988,0.0172602596901333,0.7988980716253443,0.0,478.0,0.4389348025711662,1.0,0.4389348025711662,0.0070468838501789345,0.5968778696051423,0.0
1005,48_01,48,train,bright,S.aureus,other,preprocessed_intensity_sigma040/local_flatfield/bright/1005.png,processed_plate_strategy_b_circle/counting_mask/bright/1005.png,1002,1293,34,32,996,1287,46,44,auto_candidate,consensus,False,3,0.7706245986785363,0.9036638764852684,0.8811841601315951,453,0.4163602941176471,0.755,False,0.8665053813967676,0.3285999000072479,True,0.9143650197065636,0.20763583481311798,True,453.0,0.4163602941176471,1.0,0.4163602941176471,0.0419819845742818,0.5514705882352942,0.0,0.9301212283524739,0.17690230906009674,True,581.0,0.5340073529411765,1.0,0.5340073529411765,0.039516846845186165,0.6700367647058824,0.0,390.0,0.3584558823529412,1.0,0.3584558823529412,0.05438912053419075,0.48621323529411764,0.0
1005,49_01,49,train,bright,S.aureus,other,preprocessed_intensity_sigma040/local_flatfield/bright/1005.png,processed_plate_strategy_b_circle/counting_mask/bright/1005.png,979,1257,33,32,973,1251,45,44,auto_candidate,consensus,False,3,0.8021554396259817,0.9285195439813796,0.9021622214616454,494,0.4678030303030303,0.76,False,0.911119338853882,0.341023325920105,True,0.9443490726785808,0.2282947301864624,True,494.0,0.4678030303030303,1.0,0.4678030303030303,0.01360150213908029,0.615530303030303,0.0,0.9300902204116758,0.19505758583545685,True,603.0,0.5710227272727273,1.0,0.5710227272727273,0.012863550942491064,0.7424242424242424,0.0,431.0,0.4081439393939394,1.0,0.4081439393939394,0.0036840436405000203,0.5227272727272727,0.0
1005,50_01,50,train,bright,S.aureus,other,preprocessed_intensity_sigma040/local_flatfield/bright/1005.png,processed_plate_strategy_b_circle/counting_mask/bright/1005.png,946,1274,33,33,940,1268,45,45,auto_candidate,consensus,False,3,0.7795976830903301,0.9015748473376215,0.8834891280166641,442,0.40587695133149676,0.7673611111111112,False,0.8670218620424097,0.3210631012916565,True,0.9029429580885178,0.2096751630306244,True,442.0,0.40587695133149676,1.0,0.40587695133149676,0.056509165138448315,0.5289256198347108,0.0,0.9347597218819368,0.17783397436141968,True,576.0,0.5289256198347108,1.0,0.5289256198347108,0.05387945156488714,0.7199265381083563,0.0,393.0,0.3608815426997245,1.0,0.3608815426997245,0.06173382720900068,0.48484848484848486,0.0
1005,51_01,51,train,bright,S.aureus,other,preprocessed_intensity_sigma040/local_flatfield/bright/1005.png,processed_plate_strategy_b_circle/counting_mask/bright/1005.png,934,1228,31,30,928,1222,43,42,auto_candidate,consensus,False,3,0.7685960183477563,0.9141445184067839,0.8846664137844282,424,0.4559139784946237,0.7373913043478261,False,0.8793344999815524,0.33057600259780884,True,0.9354587073449192,0.21271361410617828,True,424.0,0.4559139784946237,1.0,0.4559139784946237,0.09620818127372288,0.6182795698924731,0.0,0.92764034789388,0.18159323930740356,True,532.0,0.5720430107526882,1.0,0.5720430107526882,0.08006834612608417,0.8129032258064516,0.0,356.0,0.3827956989247312,1.0,0.3827956989247312,0.10648293086430308,0.5193548387096775,0.0
1005,52_01,52,train,bright,S.aureus,other,preprocessed_intensity_sigma040/local_flatfield/bright/1005.png,processed_plate_strategy_b_circle/counting_mask/bright/1005.png,933,1189,33,32,927,1183,45,44,auto_candidate,consensus,False,3,0.8069872936172283,0.9298350784018122,0.9043795841267548,542,0.5132575757575758,0.7445054945054945,False,0.9356690385287945,0.3523131310939789,True,0.935617416273107,0.24442267417907715,True,542.0,0.5132575757575758,1.0,0.5132575757575758,0.06323720646120233,0.6893939393939394,0.0,0.918218780403535,0.21040481328964233,True,657.0,0.6221590909090909,1.0,0.6221590909090909,0.06434981495398759,0.8238636363636364,0.0,474.0,0.44886363636363635,1.0,0.44886363636363635,0.06104120685548751,0.5681818181818182,0.0
1005,53_01,53,train,bright,S.aureus,other,preprocessed_intensity_sigma040/local_flatfield/bright/1005.png,processed_plate_strategy_b_circle/counting_mask/bright/1005.png,896,1207,34,33,890,1201,46,45,auto_candidate,consensus,False,3,0.790390259283514,0.9241535583609295,0.8962980140936017,509,0.4536541889483066,0.7529585798816568,False,0.8941351580790566,0.3456189036369324,True,0.9461082455757015,0.22484420239925385,True,509.0,0.4536541889483066,1.0,0.4536541889483066,0.010261651272082346,0.6024955436720143,0.0,0.9322172714280303,0.19272735714912415,True,621.0,0.553475935828877,1.0,0.553475935828877,0.020140973945729067,0.7237076648841355,0.0,434.0,0.3868092691622103,1.0,0.3868092691622103,0.014227468313012102,0.5133689839572193,0.0
1005,54_01,54,train,bright,S.aureus,other,preprocessed_intensity_sigma040/local_flatfield/bright/1005.png,processed_plate_strategy_b_circle/counting_mask/bright/1005.png,846,1154,34,32,840,1148,46,44,auto_candidate,consensus,False,3,0.8128092826900253,0.9200712836119868,0.9025117623863035,517,0.47518382352941174,0.7953846153846154,False,0.9101340636461128,0.3563878834247589,True,0.9306788757665027,0.2404479831457138,True,517.0,0.47518382352941174,1.0,0.47518382352941174,0.09120617761044286,0.5974264705882353,0.0,0.9194009114233446,0.20695441961288452,True,628.0,0.5772058823529411,1.0,0.5772058823529411,0.08133860289342648,0.7463235294117647,0.0,458.0,0.4209558823529412,1.0,0.4209558823529412,0.09576809528195274,0.5514705882352942,0.0
1005,55_01,55,train,bright,S.aureus,other,preprocessed_intensity_sigma040/local_flatfield/bright/1005.png,processed_plate_strategy_b_circle/counting_mask/bright/1005.png,903,1288,31,30,897,1282,43,42,auto_candidate,consensus,False,3,0.7589996679892668,0.6119443430883764,0.7604276210315939,673,0.7236559139784946,0.5821799307958477,False,0.6038548379463506,0.36748623847961426,True,0.6253725341135252,0.3599136173725128,True,595.0,0.6397849462365591,0.8336134453781513,0.5333333333333333,0.4470554801345379,0.5258215962441315,1.0,0.6066056572052534,0.3063013255596161,True,947.0,1.0182795698924731,0.7729672650475184,0.7870967741935484,0.0725136377886038,0.5535714285714286,1.0,868.0,0.9333333333333333,0.7580645161290323,0.7075268817204301,0.1142809195444188,0.5535714285714286,1.0
1005,56_01,56,train,bright,S.aureus,other,preprocessed_intensity_sigma040/local_flatfield/bright/1005.png,processed_plate_strategy_b_circle/counting_mask/bright/1005.png,895,1266,30,29,889,1260,42,41,auto_candidate,consensus,False,3,0.757903361812483,0.7319341343794509,0.8080398303861493,511,0.5873563218390805,0.7019230769230769,False,0.6245043324652176,0.3331342339515686,True,0.9374311566240697,0.266867071390152,True,419.0,0.48160919540229885,1.0,0.48160919540229885,0.039180941128516104,0.603448275862069,0.0,0.633866914049065,0.2271978110074997,True,667.0,0.7666666666666667,0.863568215892054,0.6620689655172414,0.337783363545674,0.591869918699187,1.0,560.0,0.6436781609195402,0.8357142857142857,0.5379310344827586,0.44625909111442114,0.5174129353233831,1.0
1005,57_01,57,train,bright,S.aureus,other,preprocessed_intensity_sigma040/local_flatfield/bright/1005.png,processed_plate_strategy_b_circle/counting_mask/bright/1005.png,916,1302,33,33,910,1296,45,45,auto_candidate,consensus,False,3,0.8517161628210114,0.6182843824395284,0.7954144099631653,642,0.5895316804407713,0.668054110301769,False,0.6001301188181856,0.35664063692092896,True,0.6411525316497614,0.296681672334671,True,699.0,0.6418732782369146,0.8698140200286123,0.5583103764921947,0.45130452992661246,0.5709436524100475,1.0,0.613570496850638,0.2536159157752991,True,841.0,0.7722681359044995,0.8501783590963139,0.6565656565656566,0.4567211204768287,0.6060606060606061,1.0,726.0,0.6666666666666666,0.8223140495867769,0.5482093663911846,0.5696143065455778,0.5366187542778919,1.0
1005,58_01,58,train,bright,S.aureus,other,preprocessed_intensity_sigma040/local_flatfield/bright/1005.png,processed_plate_strategy_b_circle/counting_mask/bright/1005.png,932,840,30,32,926,834,42,44,auto_candidate,consensus,False,3,0.8709848378856888,0.6289679005647778,0.8064318534859023,597,0.621875,0.7098692033293698,False,0.6045728731878524,0.4074755311012268,True,0.6477301071819015,0.33514562249183655,True,644.0,0.6708333333333333,0.8881987577639752,0.5958333333333333,0.42382171450382977,0.597051597051597,1.0,0.6346007213245796,0.29047146439552307,True,741.0,0.771875,0.8798920377867746,0.6791666666666667,0.40032416086759365,0.6373983739837399,1.0,662.0,0.6895833333333333,0.8429003021148036,0.58125,0.5371600112544826,0.5114083398898505,1.0
1005,59_01,59,train,bright,S.aureus,other,preprocessed_intensity_sigma040/local_flatfield/bright/1005.png,processed_plate_strategy_b_circle/counting_mask/bright/1005.png,914,848,30,33,908,842,42,45,auto_candidate,consensus,False,3,0.8587711030261514,0.6448644412836347,0.8085156625726069,581,0.5868686868686869,0.6941457586618877,False,0.6325832529918793,0.40793508291244507,True,0.6546463500848423,0.32213094830513,True,644.0,0.6505050505050505,0.8804347826086957,0.5727272727272728,0.4047128261640659,0.6244796003330558,1.0,0.6473637207741826,0.2792081832885742,True,729.0,0.7363636363636363,0.8834019204389575,0.6505050505050505,0.3653635512849745,0.64891846921797,1.0,620.0,0.6262626262626263,0.8564516129032258,0.5363636363636364,0.49213198568096833,0.5517241379310345,1.0
1005,60_01,60,train,bright,S.aureus,other,preprocessed_intensity_sigma040/local_flatfield/bright/1005.png,processed_plate_strategy_b_circle/counting_mask/bright/1005.png,662,704,36,36,656,698,48,48,auto_candidate,consensus,False,3,0.8090906985306744,0.9198853429988351,0.9011358816852701,587,0.4529320987654321,0.7487244897959183,False,0.8938295287938961,0.39458489418029785,True,0.93737132516599,0.25480496883392334,True,587.0,0.4529320987654321,1.0,0.4529320987654321,0.07679209116612523,0.6049382716049383,0.0,0.9284551750366193,0.2207154780626297,True,711.0,0.5486111111111112,1.0,0.5486111111111112,0.05362814576898632,0.7175925925925926,0.0,515.0,0.39737654320987653,1.0,0.39737654320987653,0.07519992364647386,0.5216049382716049,0.0
1005,61_01,61,train,bright,S.aureus,other,preprocessed_intensity_sigma040/local_flatfield/bright/1005.png,processed_plate_strategy_b_circle/counting_mask/bright/1005.png,336,611,36,36,330,605,48,48,auto_candidate,consensus,False,3,0.7921256359212564,0.9097729413530761,0.8911531491136702,550,0.4243827160493827,0.7834757834757835,False,0.87609316598791,0.37135419249534607,True,0.9190254064004416,0.2308347225189209,True,550.0,0.4243827160493827,1.0,0.4243827160493827,0.040889133428421966,0.5416666666666666,0.0,0.9342002516708764,0.19944947957992554,True,685.0,0.5285493827160493,1.0,0.5285493827160493,0.04026141172332576,0.6944444444444444,0.0,480.0,0.37037037037037035,1.0,0.37037037037037035,0.04049007482238186,0.48148148148148145,0.0
1005,62_01,62,train,bright,S.aureus,other,preprocessed_intensity_sigma040/local_flatfield/bright/1005.png,processed_plate_strategy_b_circle/counting_mask/bright/1005.png,326,366,34,32,320,360,46,44,auto_candidate,consensus,False,3,0.7564401338509343,0.8493279729068003,0.8544852360105472,488,0.4485294117647059,0.7229629629629629,False,0.8980626519745748,0.478515625,True,0.9415419890141361,0.3033209443092346,True,488.0,0.4485294117647059,1.0,0.4485294117647059,0.05462855573161863,0.6204044117647058,0.0,0.7083792777316898,0.2673974931240082,True,729.0,0.6700367647058824,0.9135802469135802,0.6121323529411765,0.04960248278055002,0.602436323366556,1.0,431.0,0.3961397058823529,1.0,0.3961397058823529,0.04385314362221244,0.5294117647058824,0.0
1005,63_01,63,train,bright,S.aureus,other,preprocessed_intensity_sigma040/local_flatfield/bright/1005.png,processed_plate_strategy_b_circle/counting_mask/bright/1005.png,569,529,30,30,563,523,42,42,auto_candidate,consensus,False,3,0.7223899470422791,0.7285842394540042,0.7942701772463994,552,0.6133333333333333,0.6563614744351962,False,0.6146695003766839,0.37568169832229614,True,0.9456266177101632,0.31251391768455505,True,422.0,0.4688888888888889,1.0,0.4688888888888889,0.03860418354989445,0.6644444444444444,0.0,0.6254566002751651,0.26781317591667175,True,727.0,0.8077777777777778,0.8583218707015131,0.6933333333333334,0.36038943778629423,0.6163522012578616,1.0,612.0,0.68,0.8300653594771242,0.5644444444444444,0.4671940706465934,0.5416666666666666,1.0
1005,64_01,64,train,bright,S.aureus,other,preprocessed_intensity_sigma040/local_flatfield/bright/1005.png,processed_plate_strategy_b_circle/counting_mask/bright/1005.png,578,506,34,33,572,500,46,45,auto_candidate,consensus,False,3,0.6884808138933551,0.7293101819042146,0.7826923576243601,606,0.5401069518716578,0.592375366568915,False,0.6449079672270798,0.3793351948261261,True,0.8911067237908569,0.29884061217308044,True,441.0,0.393048128342246,1.0,0.393048128342246,0.08174371597093207,0.5329768270944741,0.0,0.6519158546947069,0.2561001777648926,True,807.0,0.7192513368983957,0.8711276332094176,0.6265597147950089,0.31831537669974924,0.642570281124498,1.0,658.0,0.5864527629233511,0.8449848024316109,0.49554367201426025,0.4295938340248982,0.5413333333333333,1.0
1005,65_01,65,train,bright,S.aureus,other,preprocessed_intensity_sigma040/local_flatfield/bright/1005.png,processed_plate_strategy_b_circle/counting_mask/bright/1005.png,639,468,37,36,633,462,49,48,auto_candidate,consensus,False,3,0.7878122624857884,0.9145807118623095,0.8915665766149496,588,0.44144144144144143,0.7241379310344828,False,0.8795612516581055,0.3927849531173706,True,0.9336648579135333,0.2533413767814636,True,588.0,0.44144144144144143,1.0,0.44144144144144143,0.06882053784061334,0.6096096096096096,0.0,0.93051602601529,0.21878980100154877,True,722.0,0.5420420420420421,1.0,0.5420420420420421,0.05592637090317071,0.7214714714714715,0.0,502.0,0.3768768768768769,1.0,0.3768768768768769,0.06665154788976593,0.5075075075075075,0.0
1005,66_01,66,train,bright,S.aureus,other,preprocessed_intensity_sigma040/local_flatfield/bright/1005.png,processed_plate_strategy_b_circle/counting_mask/bright/1005.png,697,369,37,35,691,363,49,47,auto_candidate,consensus,False,3,0.7978213507625274,0.9217454597819917,0.8979356566796812,578,0.4463320463320463,0.7939560439560439,False,0.8977604166777047,0.3949984908103943,True,0.9365373662616202,0.2564498484134674,True,578.0,0.4463320463320463,1.0,0.4463320463320463,0.03768580844645658,0.5621621621621622,0.0,0.9309385964066506,0.22193574905395508,True,720.0,0.555984555984556,1.0,0.555984555984556,0.020059924850155595,0.7181467181467182,0.0,510.0,0.3938223938223938,1.0,0.3938223938223938,0.029093057821166647,0.522007722007722,0.0
1005,67_01,67,train,bright,S.aureus,other,preprocessed_intensity_sigma040/local_flatfield/bright/1005.png,processed_plate_strategy_b_circle/counting_mask/bright/1005.png,869,486,33,33,863,480,45,45,auto_candidate,consensus,False,3,0.797830122714548,0.9335710378547173,0.9026689580919787,567,0.5206611570247934,0.75,False,0.9431110200225422,0.3913756310939789,True,0.9385865687578945,0.2680668234825134,True,567.0,0.5206611570247934,1.0,0.5206611570247934,0.02692128324779102,0.6942148760330579,0.0,0.9190155247837148,0.23317964375019073,True,697.0,0.6400367309458218,1.0,0.6400367309458218,0.03029108286176007,0.8255280073461891,0.0,494.0,0.45362718089990817,1.0,0.45362718089990817,0.028059063014421563,0.5968778696051423,0.0
1005,68_01,68,train,bright,S.aureus,other,preprocessed_intensity_sigma040/local_flatfield/bright/1005.png,processed_plate_strategy_b_circle/counting_mask/bright/1005.png,1038,348,33,33,1032,342,45,45,auto_candidate,consensus,False,3,0.7974887766554434,0.926881371269969,0.8998736203373927,528,0.48484848484848486,0.7521367521367521,False,0.9165002107503434,0.3790288269519806,True,0.940051466291304,0.25417962670326233,True,528.0,0.48484848484848486,1.0,0.48484848484848486,0.04666652075814092,0.6446280991735537,0.0,0.9240924367682599,0.22004961967468262,True,648.0,0.5950413223140496,1.0,0.5950413223140496,0.05138707579158569,0.7988980716253443,0.0,459.0,0.4214876033057851,1.0,0.4214876033057851,0.051632703407304435,0.5509641873278237,0.0
1005,69_01,69,train,bright,S.aureus,other,preprocessed_intensity_sigma040/local_flatfield/bright/1005.png,processed_plate_strategy_b_circle/counting_mask/bright/1005.png,1116,330,37,36,1110,324,49,48,auto_candidate,consensus,False,3,0.7877508613801562,0.9137800598797933,0.891224825434972,579,0.4346846846846847,0.7658730158730159,False,0.8818582947071915,0.3935738503932953,True,0.9291185156833618,0.25230926275253296,True,579.0,0.4346846846846847,1.0,0.4346846846846847,0.037594073058737236,0.5675675675675675,0.0,0.9303633692488269,0.21812376379966736,True,727.0,0.5457957957957958,1.0,0.5457957957957958,0.0487128119620464,0.7214714714714715,0.0,505.0,0.3791291291291291,1.0,0.3791291291291291,0.04690969974760434,0.487987987987988,0.0
1005,70_01,70,train,bright,S.aureus,other,preprocessed_intensity_sigma040/local_flatfield/bright/1005.png,processed_plate_strategy_b_circle/counting_mask/bright/1005.png,1405,219,37,35,1399,213,49,47,auto_candidate,consensus,False,3,0.9065965898895493,0.6818229964348851,0.8400380050352962,801,0.6185328185328185,0.5920177383592018,False,0.6846837171022808,0.400390625,True,0.6863855270259863,0.33407750725746155,True,900.0,0.694980694980695,0.89,0.6185328185328185,0.11465861328143669,0.6001013684744044,1.0,0.674399745176388,0.29247769713401794,True,996.0,0.7691119691119691,0.8875502008032129,0.6826254826254826,0.10496742253448862,0.6001013684744044,1.0,868.0,0.6702702702702703,0.8894009216589862,0.5961389961389961,0.14931405305758502,0.5849056603773585,1.0
1005,71_01,71,train,bright,S.aureus,other,preprocessed_intensity_sigma040/local_flatfield/bright/1005.png,processed_plate_strategy_b_circle/counting_mask/bright/1005.png,1435,185,35,33,1429,179,47,45,auto_candidate,consensus,False,3,0.7716663847469473,0.7726596729069058,0.8291471038241939,559,0.48398268398268396,0.563508064516129,False,0.9108691510539259,0.42997854948043823,True,0.7185358759819425,0.2878987491130829,True,601.0,0.5203463203463203,0.9267886855241264,0.48225108225108226,0.24235219208146705,0.5796260477111541,1.0,0.6885739916848491,0.2538645267486572,True,774.0,0.6701298701298701,0.9056847545219638,0.606926406926407,0.1610865396664932,0.5843071786310517,1.0,473.0,0.4095238095238095,1.0,0.4095238095238095,0.025178994665011244,0.5402597402597402,0.0
1005,72_01,72,train,bright,S.aureus,other,preprocessed_intensity_sigma040/local_flatfield/bright/1005.png,processed_plate_strategy_b_circle/counting_mask/bright/1005.png,1516,368,33,23,1510,362,45,35,auto_candidate,consensus,False,3,0.899921591688719,0.5947157334260175,0.8028588504614587,538,0.7088274044795784,0.7472222222222222,False,0.5658127285589236,0.4197227656841278,True,0.613902048917595,0.3631173372268677,True,607.0,0.7997364953886693,0.8797364085667215,0.7035573122529645,0.5007564482292446,0.609297725024728,1.0,0.6044324228015338,0.31469202041625977,True,660.0,0.8695652173913043,0.8651515151515151,0.7523056653491436,0.48090453789691656,0.6273352999016716,1.0,600.0,0.7905138339920948,0.8166666666666667,0.6455862977602108,0.6324380423234904,0.5103042198233563,1.0
1005,73_01,73,train,bright,S.aureus,other,preprocessed_intensity_sigma040/local_flatfield/bright/1005.png,processed_plate_strategy_b_circle/counting_mask/bright/1005.png,1505,352,36,30,1499,346,48,42,auto_candidate,consensus,False,3,0.896874012515087,0.7345503694106613,0.8577260521445449,665,0.6157407407407407,0.7661290322580645,False,0.6701871597021991,0.4081878364086151,True,0.8526072268162957,0.3426879346370697,True,677.0,0.6268518518518519,0.9675036927621861,0.6064814814814815,0.3049621780899821,0.6190476190476191,0.0,0.6808567217134895,0.29901745915412903,True,768.0,0.7111111111111111,0.9375,0.6666666666666666,0.2964986706954609,0.6620689655172414,1.0,682.0,0.6314814814814815,0.9237536656891495,0.5833333333333334,0.3852283329274048,0.5642023346303502,1.0
1006,1_06,1,train,bright,E.coli,other,preprocessed_intensity_sigma040/local_flatfield/bright/1006.png,processed_plate_strategy_b_circle/counting_mask/bright/1006.png,1395,1206,152,147,1372,1183,198,193,auto_candidate,consensus,False,3,0.5363634187869578,0.7406437036602851,0.7339846780395493,7785,0.3484156820622986,0.7344339622641509,False,0.8335071745394018,0.22890624403953552,True,0.8640117826205205,0.16837336122989655,True,7746.0,0.3466702470461869,1.0,0.3466702470461869,0.005138952783573318,0.47440028643036164,0.0,0.524412153820933,0.1363804042339325,True,33849.0,1.5149033297529537,0.6046559721114361,0.9159953455066236,0.049698732901472496,0.5847071753807506,1.0,6942.0,0.310687432867884,1.0,0.310687432867884,0.005563722269522141,0.416219119226638,0.0
1006,2_05,2,train,bright,E.coli,other,preprocessed_intensity_sigma040/local_flatfield/bright/1006.png,processed_plate_strategy_b_circle/counting_mask/bright/1006.png,1324,1071,152,147,1301,1048,198,193,auto_candidate,consensus,False,3,0.8739058409685864,0.8408020545560975,0.8921878661614442,7171,0.32093626924453994,0.7469791666666666,False,0.8158341474364587,0.22402727603912354,True,0.8377402241045253,0.16232506930828094,True,7138.0,0.3194593626924454,1.0,0.3194593626924454,0.028266263658145826,0.4296455424274973,0.0,0.8688317921273083,0.1313747763633728,True,8022.0,0.35902255639097747,1.0,0.35902255639097747,0.0314117879466764,0.47408700322234154,0.0,6544.0,0.292875044754744,1.0,0.292875044754744,0.024255382637653845,0.3870390261367705,0.0
1006,3_04,3,train,bright,E.coli,other,preprocessed_intensity_sigma040/local_flatfield/bright/1006.png,processed_plate_strategy_b_circle/counting_mask/bright/1006.png,1555,1005,151,147,1532,982,197,193,auto_candidate,consensus,False,3,0.5045456284560397,0.7275978660146212,0.7176301163654624,7533,0.33937018516015677,0.704018691588785,False,0.8270030842245103,0.2235907018184662,True,0.8559932332707131,0.17014405131340027,True,7437.0,0.3350452763887012,1.0,0.3350452763887012,0.011166145808142486,0.48204712348515566,0.0,0.4997972805486403,0.13747794926166534,True,37432.0,1.6863540118033968,0.6092113699508442,1.0273460377528494,0.00825383901908248,0.5838089476868047,1.0,6738.0,0.30355453439654007,1.0,0.30355453439654007,0.016345791987022115,0.4147857818624138,0.0
1006,4_03,4,train,bright,E.coli,other,preprocessed_intensity_sigma040/local_flatfield/bright/1006.png,processed_plate_strategy_b_circle/counting_mask/bright/1006.png,1211,774,151,147,1188,751,197,193,auto_candidate,consensus,False,3,0.5526436384894694,0.7363144984435475,0.7379510728487333,7732,0.34833536063431997,0.7432471402480054,False,0.8383598230922085,0.23215381801128387,True,0.8595799116501315,0.16855496168136597,True,7708.0,0.34725413344145606,1.0,0.34725413344145606,0.036188136917840154,0.4686669369734649,0.0,0.5110037605883024,0.13653072714805603,True,34885.0,1.5716087759607154,0.5808227031675505,0.9128260575753481,0.010074874716878781,0.5838089476868047,1.0,7155.0,0.3223408568725503,1.0,0.3223408568725503,0.03379816002517865,0.42370590620354104,0.0
1007,1_07,1,train,bright,S.aureus,other,preprocessed_intensity_sigma040/local_flatfield/bright/1007.png,processed_plate_strategy_b_circle/counting_mask/bright/1007.png,1801,1194,38,38,1795,1188,50,50,auto_candidate,consensus,False,3,0.873140328814778,0.9223995380480616,0.924558930304397,633,0.43836565096952906,0.7526753864447087,False,0.9024074493649779,0.267049640417099,True,0.9269839979049106,0.18072785437107086,True,630.0,0.4362880886426593,1.0,0.4362880886426593,0.07198302543366587,0.582409972299169,0.0,0.9378071668742963,0.15459945797920227,True,706.0,0.4889196675900277,1.0,0.4889196675900277,0.05845951995325138,0.6440443213296398,0.0,578.0,0.4002770083102493,1.0,0.4002770083102493,0.042682164734118455,0.5429362880886427,0.0
1007,2_06,2,train,bright,S.aureus,other,preprocessed_intensity_sigma040/local_flatfield/bright/1007.png,processed_plate_strategy_b_circle/counting_mask/bright/1007.png,1167,1143,42,41,1161,1137,54,53,auto_candidate,consensus,False,3,0.8227310737934331,0.9234835556074295,0.9073492980706734,771,0.44773519163763065,0.7529296875,False,0.8950659667965313,0.28707873821258545,True,0.9400168531524061,0.18474672734737396,True,771.0,0.44773519163763065,1.0,0.44773519163763065,0.04301171044301849,0.59465737514518,0.0,0.9353678468733508,0.15838991105556488,True,912.0,0.5296167247386759,1.0,0.5296167247386759,0.041595859630782196,0.7113821138211383,0.0,678.0,0.39372822299651566,1.0,0.39372822299651566,0.048737036372402086,0.5226480836236934,0.0
1007,3_05,3,train,bright,S.aureus,other,preprocessed_intensity_sigma040/local_flatfield/bright/1007.png,processed_plate_strategy_b_circle/counting_mask/bright/1007.png,413,951,35,35,407,945,47,47,auto_candidate,consensus,False,3,0.8434487333547205,0.9308262504748309,0.9175375568640846,559,0.4563265306122449,0.766803840877915,False,0.9214027281095324,0.29043352603912354,True,0.9415943269797475,0.2234477549791336,True,553.0,0.4514285714285714,1.0,0.4514285714285714,0.04102162496495811,0.5951020408163266,0.0,0.9294816963352129,0.1901673525571823,True,658.0,0.5371428571428571,1.0,0.5371428571428571,0.04903322359423889,0.686530612244898,0.0,514.0,0.41959183673469386,1.0,0.41959183673469386,0.007060133989686526,0.5518367346938775,0.0
1007,4_04,4,train,bright,S.aureus,other,preprocessed_intensity_sigma040/local_flatfield/bright/1007.png,processed_plate_strategy_b_circle/counting_mask/bright/1007.png,436,931,38,38,430,925,50,50,auto_candidate,consensus,False,3,0.8363924812904404,0.9061601780821985,0.9052014396845336,585,0.4051246537396122,0.7461734693877551,False,0.872642244534519,0.2937193512916565,True,0.9035166266407707,0.2131984382867813,True,576.0,0.3988919667590028,1.0,0.3988919667590028,0.02768203046737154,0.5429362880886427,0.0,0.9423216630713055,0.18108630180358887,True,686.0,0.47506925207756234,1.0,0.47506925207756234,0.010137815963884533,0.6024930747922438,0.0,532.0,0.3684210526315789,1.0,0.3684210526315789,0.059328329406302574,0.48614958448753465,0.0
1007,5_02,5,train,bright,S.aureus,other,preprocessed_intensity_sigma040/local_flatfield/bright/1007.png,processed_plate_strategy_b_circle/counting_mask/bright/1007.png,389,869,37,38,383,863,49,50,auto_candidate,consensus,False,3,0.8493386093059616,0.9267304194367454,0.9179606810317846,641,0.45590327169274536,0.7621878715814506,False,0.9102151501406697,0.27725183963775635,True,0.9391012473279204,0.18117007613182068,True,641.0,0.45590327169274536,1.0,0.45590327169274536,0.05498582050445908,0.5981507823613087,0.0,0.9308748608416463,0.15562404692173004,True,755.0,0.5369843527738265,1.0,0.5369843527738265,0.053101952287588995,0.705547652916074,0.0,589.0,0.4189189189189189,1.0,0.4189189189189189,0.06096412455545704,0.5184921763869133,0.0
1007,6_02,6,train,bright,S.aureus,other,preprocessed_intensity_sigma040/local_flatfield/bright/1007.png,processed_plate_strategy_b_circle/counting_mask/bright/1007.png,659,654,38,37,653,648,50,49,auto_candidate,consensus,False,3,0.8142900895502514,0.9238944262975775,0.9045593018616189,646,0.4594594594594595,0.7681331747919143,False,0.9018294381716476,0.2872472405433655,True,0.9393500702026082,0.1815110146999359,True,646.0,0.4594594594594595,1.0,0.4594594594594595,0.04825356116123504,0.5981507823613087,0.0,0.9305037705184762,0.1558266133069992,True,775.0,0.5512091038406828,1.0,0.5512091038406828,0.040865229261112974,0.7283072546230441,0.0,567.0,0.40327169274537694,1.0,0.40327169274537694,0.04401869185236174,0.5184921763869133,0.0
1008,1_08,1,test,bright,P.aeruginosa,other,preprocessed_intensity_sigma040/local_flatfield/bright/1008.png,processed_plate_strategy_b_circle/counting_mask/bright/1008.png,1751,1558,49,48,1744,1551,63,62,auto_candidate,consensus,False,3,0.4872084623345387,0.5935593089799408,0.6579466854090649,1486,0.6318027210884354,0.5391872278664731,False,0.5481977141525122,0.15304842591285706,True,0.6254835968100165,0.16820275783538818,True,764.0,0.32482993197278914,0.8520942408376964,0.2767857142857143,0.22523469042962418,0.6586345381526104,1.0,0.6069966159772937,0.13798730075359344,True,2092.0,0.8894557823129252,0.8059273422562141,0.7168367346938775,0.28014001899116625,0.6021505376344086,1.0,2019.0,0.8584183673469388,0.7171867261020307,0.6156462585034014,0.5540706420882566,0.6549707602339181,1.0
1008,2_07,2,test,bright,P.aeruginosa,other,preprocessed_intensity_sigma040/local_flatfield/bright/1008.png,processed_plate_strategy_b_circle/counting_mask/bright/1008.png,1732,1584,49,48,1725,1577,63,62,auto_candidate,consensus,False,3,0.30153874788419416,0.5679732617296263,0.5827278664513185,1477,0.6279761904761905,0.7283037475345168,False,0.5427289838985978,0.15703892707824707,True,0.5476214691554973,0.177284836769104,True,84.0,0.03571428571428571,1.0,0.03571428571428571,0.5085802265612711,0.1292517006802721,0.0,0.6135693321347836,0.14572466909885406,True,2022.0,0.8596938775510204,0.8160237388724035,0.701530612244898,0.28278702189046256,0.6021505376344086,1.0,2173.0,0.9238945578231292,0.7330878969167051,0.6772959183673469,0.5200166081847829,0.5738194859533772,1.0
1008,3_06,3,test,bright,P.aeruginosa,other,preprocessed_intensity_sigma040/local_flatfield/bright/1008.png,processed_plate_strategy_b_circle/counting_mask/bright/1008.png,1868,949,116,115,1851,932,150,149,needs_review,consensus,False,3,0.1327903245711465,0.5598444982804591,0.5204144129120849,1073,0.08043478260869565,0.6293255131964809,False,0.4983076523216373,0.423828125,True,0.6529162260300625,0.15796028077602386,True,1301.0,0.09752623688155922,1.0,0.09752623688155922,0.0795085557899418,0.1706896551724138,0.0,0.5283096164896777,0.1316400021314621,True,2751.0,0.20622188905547226,0.9018538713195202,0.18598200899550224,0.29745219661423955,0.3618288927567278,1.0,8.0,0.0005997001499250374,1.0,0.0005997001499250374,0.5993222384975014,0.0008995502248875562,0.0
1008,4_05,4,test,bright,P.aeruginosa,other,preprocessed_intensity_sigma040/local_flatfield/bright/1008.png,processed_plate_strategy_b_circle/counting_mask/bright/1008.png,1446,983,328,325,1397,934,426,423,auto_candidate,consensus,False,2,0.4107456782888954,0.5755901639490959,0.5406637196474184,44860,0.42082551594746714,0.4107005529717655,False,0.0,0.349609375,False,0.6461856070353598,0.08033289760351181,True,55222.0,0.518030018761726,0.7615080945999783,0.39448405253283303,0.2524147191563916,0.6347845245964117,1.0,0.5049947208628321,0.06448489427566528,True,176756.0,1.6581238273921202,0.6178913304215982,1.0245403377110693,0.0350373389099189,0.591571493579285,1.0,,,,,,,
1008,5_03,5,test,bright,P.aeruginosa,other,preprocessed_intensity_sigma040/local_flatfield/bright/1008.png,processed_plate_strategy_b_circle/counting_mask/bright/1008.png,1212,1310,225,222,1178,1276,293,290,auto_candidate,consensus,False,3,0.4232911555217174,0.6225987129744687,0.6471913896223885,34239,0.6854654654654655,0.6615720524017468,False,0.8184617752013,0.090088851749897,True,0.5513998870862356,0.08650965988636017,True,49974.0,1.0004804804804805,0.6030936086765117,0.6033833833833834,0.09037416410770821,0.5878545368953748,1.0,0.4979344766358701,0.0693993866443634,True,84862.0,1.6989389389389389,0.6084466545685937,1.0337137137137138,0.006243411546714994,0.5878545368953748,1.0,14683.0,0.29395395395395396,1.0,0.29395395395395396,0.03930231784513442,0.42656656656656655,0.0
1008,6_03,6,test,bright,P.aeruginosa,other,preprocessed_intensity_sigma040/local_flatfield/bright/1008.png,processed_plate_strategy_b_circle/counting_mask/bright/1008.png,1093,1389,232,236,1058,1354,302,306,needs_review,consensus,False,3,0.1698907996468403,0.5475739065968352,0.5284913425151282,28837,0.5266839567504383,0.7432216494845361,False,0.5772297610389936,0.09396446496248245,True,0.5622879439557367,0.0944322720170021,True,8.0,0.0001461133839859731,1.0,0.0001461133839859731,0.13003943418804784,0.00021917007597895967,0.0,0.5032040147957755,0.0757589340209961,True,92154.0,1.6831165984804208,0.6132994769624759,1.0322545295149035,0.004158186748350368,0.5924771674674285,1.0,38147.0,0.6967234073641145,0.7552625370278134,0.5262090882524839,0.534735048460407,0.5459950881123702,1.0
1008,7_02,7,test,bright,P.aeruginosa,other,preprocessed_intensity_sigma040/local_flatfield/bright/1008.png,processed_plate_strategy_b_circle/counting_mask/bright/1008.png,1113,1713,169,167,1088,1688,219,217,needs_review,consensus,False,3,0.15116114986801657,0.5296518892309482,0.514767158146185,8907,0.3155936647415229,0.3842205159175222,False,0.5003127894590439,0.412109375,True,0.5723911513749377,0.10738710314035416,True,11321.0,0.40112674060163694,0.7509937284692165,0.3012436665131276,0.5627631514588444,0.5365519883953253,1.0,0.5162517268588628,0.08870912343263626,True,29131.0,1.0321723417071182,0.6710720538258212,0.6926620132516033,0.4928179097283736,0.5847894375184058,1.0,28.0,0.000992098642950785,1.0,0.000992098642950785,0.5871664995745537,0.0015944442475994756,0.0
1008,8_02,8,test,bright,P.aeruginosa,other,preprocessed_intensity_sigma040/local_flatfield/bright/1008.png,processed_plate_strategy_b_circle/counting_mask/bright/1008.png,1227,1848,86,86,1214,1835,112,112,needs_review,consensus,False,3,0.0941192635339379,0.5132171955473307,0.48822862045581056,684,0.09248242293131423,0.5368916797488226,False,0.25683215082660327,0.451171875,True,0.6654570869352887,0.15626001358032227,True,856.0,0.1157382368848026,1.0,0.1157382368848026,0.12258974534339252,0.23053001622498648,0.0,0.6173623488801,0.1304466277360916,True,2621.0,0.35438074634937805,0.8626478443342236,0.30570578691184425,0.3615397060491036,0.5277272727272727,1.0,398.0,0.053812871822606814,0.678391959798995,0.03650621957815035,0.856265207701361,0.2093121693121693,1.0
1008,9_02,9,test,bright,P.aeruginosa,other,preprocessed_intensity_sigma040/local_flatfield/bright/1008.png,processed_plate_strategy_b_circle/counting_mask/bright/1008.png,1181,1858,95,94,1167,1844,123,122,needs_review,consensus,False,3,0.0711688254013383,0.5798062896290411,0.5068316047420849,528,0.05912653975363942,0.4444444444444444,False,0.5313047042621734,0.392578125,True,0.6154727705348209,0.164052814245224,True,659.0,0.07379619260918253,1.0,0.07379619260918253,0.19741966873023598,0.12038073908174692,0.0,0.5926413940901292,0.13679969310760498,True,2732.0,0.3059350503919373,0.8587115666178624,0.26270996640537514,0.29010703258586357,0.5144404332129964,1.0,16.0,0.0017917133258678612,1.0,0.0017917133258678612,0.3662981423046523,0.003135498320268757,0.0
1008,10_02,10,test,bright,P.aeruginosa,other,preprocessed_intensity_sigma040/local_flatfield/bright/1008.png,processed_plate_strategy_b_circle/counting_mask/bright/1008.png,1048,1856,115,115,1031,1839,149,149,needs_review,consensus,False,3,0.12214053419810232,0.5449491956909798,0.5107288652457278,717,0.05421550094517959,0.36285425101214575,False,0.5152233587395313,0.345703125,True,0.633314270868636,0.14644809067249298,True,890.0,0.06729678638941398,1.0,0.06729678638941398,0.033122263959114426,0.11795841209829867,0.0,0.4863099574647721,0.12215739488601685,True,1923.0,0.14540642722117203,0.9053562142485699,0.13164461247637052,0.2811197448914447,0.3082262387464779,1.0,70.0,0.005293005671077505,1.0,0.005293005671077505,0.5053619519900494,0.009073724007561436,0.0
1008,11_02,11,test,bright,P.aeruginosa,other,preprocessed_intensity_sigma040/local_flatfield/bright/1008.png,processed_plate_strategy_b_circle/counting_mask/bright/1008.png,873,1753,224,223,839,1719,292,291,needs_review,otsu,True,3,0.0,0.5468437684985822,0.4687375073994329,51,0.0010209801409352978,0.8947368421052632,False,0.564775660760247,0.341796875,True,0.550886608332109,0.1296170949935913,True,16.0,0.00032030749519538755,1.0,0.00032030749519538755,0.2142340555670787,0.0004804612427930814,0.0,0.5248690364033907,0.10748986899852753,True,343.0,0.006866591928251121,1.0,0.006866591928251121,0.4470242342264398,0.01475416399743754,0.0,51.0,0.0010209801409352978,1.0,0.0010209801409352978,0.11693830290820116,0.0011410954516335682,0.0
1008,12_02,12,test,bright,P.aeruginosa,other,preprocessed_intensity_sigma040/local_flatfield/bright/1008.png,processed_plate_strategy_b_circle/counting_mask/bright/1008.png,761,1552,224,222,727,1518,292,290,auto_candidate,consensus,False,3,0.6078046942706478,0.5683927949814765,0.6900887609873173,36410,0.732183075933076,0.716112028951302,False,0.6311829394594736,0.0901501327753067,True,0.5728350808106687,0.08839854598045349,True,42258.0,0.8497828185328186,0.6714704907946424,0.5706040862290862,0.2745962345170437,0.6628461250066948,1.0,0.5011603646742875,0.07092851400375366,True,83726.0,1.683679214929215,0.6152927406062633,1.0359555984555984,0.019441466270623296,0.5872461029759093,1.0,37202.0,0.7481097168597168,0.7946615773345519,0.5944940476190477,0.28015186797726077,0.6911562126917072,1.0
1008,13_02,13,test,bright,P.aeruginosa,other,preprocessed_intensity_sigma040/local_flatfield/bright/1008.png,processed_plate_strategy_b_circle/counting_mask/bright/1008.png,691,1635,153,152,668,1612,199,198,auto_candidate,consensus,False,2,0.4697008990318119,0.5834599408138379,0.5644459576533359,10867,0.46727726178190576,0.574973544973545,False,0.0,0.369140625,False,0.6357551445325458,0.0924784392118454,True,12727.0,0.5472566219470244,0.8008957334800031,0.4382954936360509,0.41810638525452404,0.6114331401159304,1.0,0.53116473709513,0.07451700419187546,True,35063.0,1.5076969384244927,0.6581296523400736,0.9922600619195047,0.14700643704625935,0.5902238465052535,1.0,238.0,0.01023391812865497,0.09663865546218488,0.0009889920880632955,1.320456817054688,0.029191352454192333,1.0
1008,14_02,14,test,bright,P.aeruginosa,other,preprocessed_intensity_sigma040/local_flatfield/bright/1008.png,processed_plate_strategy_b_circle/counting_mask/bright/1008.png,761,1419,247,244,724,1382,321,318,auto_candidate,consensus,False,3,0.5258095812480581,0.5702223043522838,0.6621222751777338,44996,0.7465985265812703,0.7228505333504691,False,0.6102453462658122,0.08998928219079971,True,0.5992173473799159,0.08967836946249008,True,52549.0,0.8719220813698813,0.701916306685189,0.6120163270724099,0.08528008746111738,0.5904112541389918,1.0,0.5012042194111233,0.07194124162197113,True,101637.0,1.6864173358996482,0.6104273050168738,1.0294351894869582,0.005739724056309638,0.5904112541389918,1.0,34903.0,0.5791298865069356,0.7807351803569894,0.4521470763921152,0.4722030679406709,0.5563381196803326,1.0
1008,15_02,15,test,bright,P.aeruginosa,other,preprocessed_intensity_sigma040/local_flatfield/bright/1008.png,processed_plate_strategy_b_circle/counting_mask/bright/1008.png,453,1663,105,104,437,1647,137,136,needs_review,consensus,False,3,0.0002754820936639118,0.5379578891952808,0.4652795744108947,0,0.0,0.0,False,0.4957370671101531,0.357421875,True,0.5151022886310094,0.1292065531015396,True,53.0,0.004853479853479854,1.0,0.004853479853479854,0.5095877161491278,0.016666666666666666,0.0,0.6030343118446797,0.1085631251335144,True,2789.0,0.2554029304029304,0.8501254930082467,0.21712454212454213,0.046914110617585755,0.6480327576998398,1.0,26.0,0.002380952380952381,1.0,0.002380952380952381,0.6305066658070803,0.0057692307692307696,0.0
1008,16_02,16,test,bright,P.aeruginosa,other,preprocessed_intensity_sigma040/local_flatfield/bright/1008.png,processed_plate_strategy_b_circle/counting_mask/bright/1008.png,594,1568,95,95,580,1554,123,123,auto_candidate,consensus,False,3,0.5524671170121903,0.7212905149643745,0.7318796969400164,4293,0.4756786703601108,0.6973684210526315,False,0.8146417334922471,0.10614278167486191,True,0.8163062492438111,0.09433590620756149,True,4339.0,0.48077562326869805,0.8817699930859645,0.4239335180055402,0.4750266186111825,0.5270940402127852,0.0,0.532923562157065,0.0760117843747139,True,14058.0,1.5576731301939057,0.6552141129605918,1.0206094182825485,0.06293000841391658,0.5965364531694097,1.0,4473.0,0.49562326869806095,0.8940308517773307,0.44310249307479227,0.49123724763703047,0.5010678800260006,0.0
1008,17_02,17,test,bright,P.aeruginosa,other,preprocessed_intensity_sigma040/local_flatfield/bright/1008.png,processed_plate_strategy_b_circle/counting_mask/bright/1008.png,619,1602,96,94,605,1588,124,122,auto_candidate,consensus,False,3,0.5685062595620411,0.7575750211751812,0.752007199316787,4830,0.5352393617021277,0.7027498908773462,False,0.8613952856376927,0.10686275362968445,True,0.8637196212272349,0.09443935751914978,True,4650.0,0.5152925531914894,0.9382795698924731,0.483488475177305,0.34566702528732685,0.6141503237308811,0.0,0.5476101566606157,0.076148621737957,True,13613.0,1.5085328014184398,0.6769264673473885,1.021165780141844,0.07712045009002391,0.5965097831835008,1.0,4473.0,0.4956781914893617,0.9532752067963336,0.4725177304964539,0.3963037137298158,0.566582671060283,0.0
1008,18_02,18,test,bright,P.aeruginosa,other,preprocessed_intensity_sigma040/local_flatfield/bright/1008.png,processed_plate_strategy_b_circle/counting_mask/bright/1008.png,584,1483,87,86,571,1470,113,112,auto_candidate,consensus,False,3,0.47263551667875875,0.7099749397035171,0.6994124067189724,2184,0.29190056134723336,0.6867924528301886,False,0.7956299593373141,0.11357231438159943,True,0.8182584266434768,0.08678516000509262,True,2153.0,0.28775728414862334,1.0,0.28775728414862334,0.008731425587627975,0.42502004811547717,0.0,0.5160364331297604,0.06984627991914749,True,12221.0,1.6333867949746057,0.633581539972179,1.0348837209302326,0.026189576255879206,0.5911820480404552,1.0,1979.0,0.264501470195135,1.0,0.264501470195135,0.015176061235354036,0.36674685912857524,0.0
1008,19_02,19,test,bright,P.aeruginosa,other,preprocessed_intensity_sigma040/local_flatfield/bright/1008.png,processed_plate_strategy_b_circle/counting_mask/bright/1008.png,869,1302,224,222,835,1268,292,290,needs_review,consensus,False,2,0.2635984908033328,0.6477745117410866,0.5180359431442677,13414,0.269747425997426,0.5586373479926703,False,0.0,0.443359375,False,0.7883160783566803,0.09872758388519287,True,12414.0,0.24963803088803088,1.0,0.24963803088803088,0.07899765812868542,0.4828667953667954,0.0,0.5072329451254929,0.07931771129369736,True,81737.0,1.643681628056628,0.6153516767192336,1.0114422458172458,0.02854046055125188,0.5872461029759093,1.0,,,,,,,
1008,20_02,20,test,bright,P.aeruginosa,other,preprocessed_intensity_sigma040/local_flatfield/bright/1008.png,processed_plate_strategy_b_circle/counting_mask/bright/1008.png,983,1378,204,202,952,1347,266,264,auto_candidate,consensus,False,3,0.5548862850700741,0.5239260054246041,0.6537806019443676,29228,0.7092797515045622,0.6821321882001493,False,0.5331611803796936,0.09418658912181854,True,0.5372071495904314,0.09843828529119492,True,37956.0,0.9210832847990681,0.6072557698387606,0.5593331391962726,0.2599598667947615,0.5868079289131921,1.0,0.5014096863036874,0.07896966487169266,True,69551.0,1.6878033391574452,0.6127446046785812,1.034192389827218,0.005523578562675701,0.5868079289131921,1.0,31604.0,0.7669384585517375,0.6782369320339198,0.520165987186954,0.5872774007574324,0.557518215941709,1.0
1008,21_02,21,test,bright,P.aeruginosa,other,preprocessed_intensity_sigma040/local_flatfield/bright/1008.png,processed_plate_strategy_b_circle/counting_mask/bright/1008.png,759,1272,186,185,731,1244,242,241,needs_review,consensus,False,3,0.2730015082956259,0.542165941722128,0.5624169045923202,181,0.005260098808485905,0.2900641025641026,False,0.5145674590199926,0.494140625,True,0.5965204114517794,0.1069934293627739,True,11845.0,0.34423132810229584,0.8644997889404812,0.2975879104911363,0.48407944746899684,0.5456572182537877,1.0,0.5154099546946117,0.08802806586027145,True,221.0,0.0064225515838419065,1.0,0.0064225515838419065,0.5173259883350421,0.01961639058413252,0.0,181.0,0.005260098808485905,1.0,0.005260098808485905,0.516586967722728,0.018134263295553617,0.0
1008,22_02,22,test,bright,P.aeruginosa,other,preprocessed_intensity_sigma040/local_flatfield/bright/1008.png,processed_plate_strategy_b_circle/counting_mask/bright/1008.png,1015,1271,153,151,992,1248,199,197,auto_candidate,consensus,False,3,0.652970996250874,0.5506044715491444,0.6987816373074636,17451,0.7553564472146475,0.717115266077666,False,0.5619196834290373,0.09425552189350128,True,0.5839664466061636,0.10301793366670609,True,19311.0,0.8358654720166212,0.6645953083734659,0.555512271133619,0.13562865755844486,0.5893171440961151,1.0,0.5059272846122325,0.08264626562595367,True,38603.0,1.670908540016448,0.6173354402507577,1.0315110591698047,0.008203932107767176,0.5893171440961151,1.0,23048.0,0.99761935679349,0.7040090246442208,0.7023330303423798,0.2973062991737274,0.631152811878873,1.0
1008,23_02,23,test,bright,P.aeruginosa,other,preprocessed_intensity_sigma040/local_flatfield/bright/1008.png,processed_plate_strategy_b_circle/counting_mask/bright/1008.png,1069,1270,185,185,1041,1242,241,241,auto_candidate,consensus,False,3,0.6503701321034363,0.5387244975176337,0.6931193452432562,25426,0.7429072315558802,0.7117941826936536,False,0.5379023274562632,0.09005055576562881,True,0.5761812924480377,0.09638271480798721,True,26297.0,0.7683564645726808,0.6906871506255466,0.5306939371804237,0.3446240152802825,0.6147725027393077,1.0,0.5020898726486003,0.07731721550226212,True,57809.0,1.6890869247626004,0.6150426404193119,1.0388604821037253,0.0063520566733524545,0.5892632702604983,1.0,35939.0,1.0500803506208911,0.6856896407802109,0.7200292184075968,0.38220822255561154,0.6147725027393077,1.0
1008,24_02,24,test,bright,P.aeruginosa,other,preprocessed_intensity_sigma040/local_flatfield/bright/1008.png,processed_plate_strategy_b_circle/counting_mask/bright/1008.png,996,1179,169,168,971,1154,219,218,auto_candidate,consensus,False,3,0.6191563207238824,0.5512645643101637,0.6872105379774243,21772,0.7668357283741899,0.7316843661782497,False,0.5752772302001327,0.09001225978136063,True,0.5691756838142125,0.09321015328168869,True,27564.0,0.9708368554522401,0.6481642722391525,0.6292617638771485,0.09751396995623454,0.594696493653387,1.0,0.5093407789161458,0.07479361444711685,True,47324.0,1.6668075514229361,0.6247781252641366,1.041384897154128,0.011139741996820248,0.594696493653387,1.0,23320.0,0.8213581290504367,0.7195969125214409,0.5910467737390814,0.3540727883934109,0.5959821971447333,1.0
1008,25_02,25,test,bright,P.aeruginosa,other,preprocessed_intensity_sigma040/local_flatfield/bright/1008.png,processed_plate_strategy_b_circle/counting_mask/bright/1008.png,900,1173,169,168,875,1148,219,218,needs_review,consensus,False,3,0.15360440754248467,0.5238472806856328,0.5133004549141228,11877,0.4183220625528318,0.5610827664399093,False,0.43144835339955134,0.505859375,True,0.6152683296790331,0.10971193760633469,True,14516.0,0.5112707805015497,0.7633645632405621,0.39028599605522685,0.44382370699926516,0.5689102564102564,1.0,0.5248251589783139,0.09026719629764557,True,39468.0,1.39010989010989,0.6460423634336678,0.8980698788391096,0.21176441532184462,0.594696493653387,1.0,212.0,0.007466892082276698,1.0,0.007466892082276698,1.135850667947302,0.021114864864864864,0.0
1008,26_02,26,test,bright,P.aeruginosa,other,preprocessed_intensity_sigma040/local_flatfield/bright/1008.png,processed_plate_strategy_b_circle/counting_mask/bright/1008.png,997,1000,186,184,969,972,242,240,needs_review,consensus,False,3,0.09838132277208882,0.5814679698977429,0.5170206509293283,8272,0.24170172978027116,0.6042808094090145,False,0.4535447425706895,0.501953125,True,0.7691332340933297,0.11427794396877289,True,7879.0,0.23021856007480132,1.0,0.23021856007480132,0.06151853168261687,0.39998246844319774,0.0,0.5217259330292092,0.09464399516582489,True,42194.0,1.232877512856475,0.6616106555434422,0.815684899485741,0.3291987875324724,0.5892561983471074,1.0,161.0,0.004704301075268817,1.0,0.004704301075268817,0.9535158685155746,0.010928003740065452,0.0
1008,27_02,27,test,bright,P.aeruginosa,other,preprocessed_intensity_sigma040/local_flatfield/bright/1008.png,processed_plate_strategy_b_circle/counting_mask/bright/1008.png,778,1127,79,77,766,1115,103,101,auto_candidate,consensus,False,2,0.34595892237930115,0.6294068075762675,0.5395150125299291,1297,0.2132171625842512,0.6417615042058387,False,0.036078616516302564,0.513671875,False,0.7503856230571296,0.10068853199481964,True,1297.0,0.2132171625842512,1.0,0.2132171625842512,0.06397283681905123,0.33223738287029425,0.0,0.5084279920954053,0.08248446881771088,True,5852.0,0.9620253164556962,0.6368762816131237,0.6126911063619924,0.4919395468988037,0.5580341977126033,1.0,158.0,0.025974025974025976,0.35443037974683544,0.009205983889528193,1.3835385390599115,0.01561267938810913,1.0
1008,28_02,28,test,bright,P.aeruginosa,other,preprocessed_intensity_sigma040/local_flatfield/bright/1008.png,processed_plate_strategy_b_circle/counting_mask/bright/1008.png,835,1099,78,78,823,1087,102,102,needs_review,consensus,False,3,0.2753151687677918,0.5866193971021052,0.5810080679095693,2031,0.3338264299802761,0.6082659478885895,False,0.4081274268307314,0.525390625,True,0.757125120358936,0.14775350689888,True,2357.0,0.3874095989480605,0.8782350445481545,0.34023668639053256,0.593856401549504,0.4612952014299464,0.0,0.5946056441166482,0.1235051229596138,True,3013.0,0.49523339907955294,0.8038499834052439,0.3980933596318212,0.6501951938307504,0.43191377497371186,1.0,187.0,0.030736357659434582,0.8181818181818182,0.02514792899408284,0.9952467933827879,0.06740491092922485,0.0
1008,29_02,29,test,bright,P.aeruginosa,other,preprocessed_intensity_sigma040/local_flatfield/bright/1008.png,processed_plate_strategy_b_circle/counting_mask/bright/1008.png,861,1068,83,86,848,1055,109,112,auto_candidate,consensus,False,2,0.711038961038961,0.7476204659025003,0.7145784893913031,2628,0.36817035584197255,0.5775824175824176,False,0.052623377057929216,0.494140625,False,0.851761494616011,0.11644598096609116,True,2754.0,0.3858223592042589,0.9680464778503994,0.37349397590361444,0.2859769787339291,0.6073023377987917,0.0,0.6434794371889895,0.09562432765960693,True,4613.0,0.6462594564303726,0.7942770431389551,0.5133090501541048,0.25073955314544694,0.5854942871336314,1.0,168.0,0.023536004483048472,0.2976190476190476,0.0070047632390025216,1.109432944732057,0.014421151021498197,1.0
1008,30_02,30,test,bright,P.aeruginosa,other,preprocessed_intensity_sigma040/local_flatfield/bright/1008.png,processed_plate_strategy_b_circle/counting_mask/bright/1008.png,895,1012,95,95,881,998,123,123,needs_review,consensus,False,3,0.21756412552484428,0.6707605336396575,0.5944516573895585,1571,0.1740720221606648,0.4514367816091954,False,0.5186889505135457,0.490234375,True,0.6977515764816747,0.1404237300157547,True,1477.0,0.16365650969529086,1.0,0.16365650969529086,0.15206778241935726,0.2659279778393352,0.0,0.7958410739237524,0.11698330193758011,True,2393.0,0.2651523545706371,1.0,0.2651523545706371,0.05995718418234439,0.42581717451523543,0.0,109.0,0.012077562326869806,1.0,0.012077562326869806,0.5231713599281932,0.021717451523545706,0.0
1008,31_02,31,test,bright,P.aeruginosa,other,preprocessed_intensity_sigma040/local_flatfield/bright/1008.png,processed_plate_strategy_b_circle/counting_mask/bright/1008.png,855,984,65,65,845,974,85,85,auto_candidate,consensus,False,3,0.5482098170479935,0.7045233168038317,0.7236827626883304,1173,0.27763313609467455,0.7152439024390244,False,0.785414215404336,0.10601257532835007,True,0.799326225371834,0.0929490476846695,True,1154.0,0.27313609467455624,1.0,0.27313609467455624,0.039859247251044484,0.37846153846153846,0.0,0.5288295096353254,0.07478711754083633,True,5245.0,1.2414201183431952,0.5721639656816015,0.7102958579881656,0.048718280076826,0.5847750865051903,1.0,1083.0,0.2563313609467456,1.0,0.2563313609467456,0.023779071190851837,0.3323076923076923,0.0
1008,32_02,32,test,bright,P.aeruginosa,other,preprocessed_intensity_sigma040/local_flatfield/bright/1008.png,processed_plate_strategy_b_circle/counting_mask/bright/1008.png,816,993,54,53,808,985,70,69,auto_candidate,consensus,False,3,0.5046088167411112,0.6557561930794761,0.6889155630911794,1324,0.46261355695317957,0.5874001774622892,False,0.6070273098918036,0.10206036269664764,True,0.8072347976801566,0.09899403899908066,True,819.0,0.2861635220125786,1.0,0.2861635220125786,0.07443005447667093,0.41579315164220826,0.0,0.5530064716664679,0.07972921431064606,True,3548.0,1.2396925227113906,0.6505073280721533,0.806429070580014,0.07305758095634222,0.5925465838509317,1.0,1642.0,0.5737246680642907,0.7892813641900122,0.4528301886792453,0.5272449527554646,0.554306088864509,1.0
1008,33_02,33,test,bright,P.aeruginosa,other,preprocessed_intensity_sigma040/local_flatfield/bright/1008.png,processed_plate_strategy_b_circle/counting_mask/bright/1008.png,742,1001,65,65,732,991,85,85,auto_candidate,consensus,False,3,0.45484727194541547,0.6848490403245203,0.6831361613107035,1068,0.2527810650887574,0.739612188365651,False,0.7493208801386704,0.11007966846227646,True,0.7759756205496138,0.08183350414037704,True,1063.0,0.2515976331360947,1.0,0.2515976331360947,0.07588070349020867,0.3417751479289941,0.0,0.5292506202852768,0.065888911485672,True,6352.0,1.503431952662722,0.6102015113350125,0.917396449704142,0.04406824175995111,0.5847750865051903,1.0,924.0,0.218698224852071,1.0,0.218698224852071,0.07429034432088061,0.2982248520710059,0.0
1008,34_02,34,test,bright,P.aeruginosa,other,preprocessed_intensity_sigma040/local_flatfield/bright/1008.png,processed_plate_strategy_b_circle/counting_mask/bright/1008.png,822,957,53,54,814,949,69,70,auto_candidate,consensus,False,3,0.6072824286758253,0.6026335066492708,0.7036022526962472,1580,0.5520614954577219,0.7097933513027853,False,0.5973100230027929,0.10955117642879486,True,0.6421103921292494,0.10779767483472824,True,1285.0,0.44898672257162825,0.8334630350194553,0.3742138364779874,0.5252819929260438,0.5141065830721003,1.0,0.5684801048157702,0.08696859329938889,True,3435.0,1.20020964360587,0.6730713245997089,0.8078266946191475,0.033583254662290694,0.5925465838509317,1.0,1992.0,0.6960167714884696,0.7796184738955824,0.5426275331935709,0.47512594856663776,0.5809264305177112,1.0
1008,35_02,35,test,bright,P.aeruginosa,other,preprocessed_intensity_sigma040/local_flatfield/bright/1008.png,processed_plate_strategy_b_circle/counting_mask/bright/1008.png,793,951,59,59,784,942,77,77,auto_candidate,consensus,False,3,0.6533571703648308,0.7028214751556572,0.7598035996899536,2428,0.6975007181844297,0.6117409926933737,False,0.6291911998687472,0.10955117642879486,True,0.8487144942068265,0.1133054792881012,True,1373.0,0.3944268888250503,0.9613983976693372,0.37920137891410516,0.2798109679820864,0.5390394419103837,0.0,0.6305587313913977,0.09184059500694275,True,3333.0,0.9574834817581155,0.7947794779477948,0.7609882217753519,0.028727322078238738,0.6027705627705627,1.0,3112.0,0.8939959781671933,0.7747429305912596,0.6926170640620511,0.03769825674760498,0.6027705627705627,1.0
1008,36_02,36,test,bright,P.aeruginosa,other,preprocessed_intensity_sigma040/local_flatfield/bright/1008.png,processed_plate_strategy_b_circle/counting_mask/bright/1008.png,760,933,65,64,750,923,85,84,auto_candidate,consensus,False,3,0.4360993610940343,0.6578492705574521,0.6657744846058928,1851,0.44495192307692305,0.6236522911051213,False,0.6597618933540073,0.10954351723194122,True,0.773926136384393,0.09384522587060928,True,1041.0,0.2502403846153846,1.0,0.2502403846153846,0.10792707711166391,0.37451923076923077,0.0,0.5398597819339562,0.07585111260414124,True,5692.0,1.3682692307692308,0.6519676739283204,0.8920673076923077,0.11556606968082953,0.5826330532212886,1.0,2080.0,0.5,0.8706730769230769,0.43533653846153847,0.470314377805164,0.537525354969574,1.0
1008,37_02,37,test,bright,P.aeruginosa,other,preprocessed_intensity_sigma040/local_flatfield/bright/1008.png,processed_plate_strategy_b_circle/counting_mask/bright/1008.png,643,970,53,54,635,962,69,70,auto_candidate,consensus,False,3,0.4433480317545588,0.7045595022328164,0.6869956120072221,816,0.2851153039832285,0.6126126126126126,False,0.7730153807680189,0.09828431904315948,True,0.8124097995029452,0.07901352643966675,True,816.0,0.2851153039832285,1.0,0.2851153039832285,0.06764236235756704,0.46540880503144655,0.0,0.5282533264274848,0.06370224058628082,True,4697.0,1.6411600279524807,0.6751117734724292,1.1079664570230607,0.030658467633765195,0.5925465838509317,1.0,707.0,0.24703004891684138,1.0,0.24703004891684138,0.08532983099270067,0.35639412997903563,0.0
1008,38_02,38,test,bright,P.aeruginosa,other,preprocessed_intensity_sigma040/local_flatfield/bright/1008.png,processed_plate_strategy_b_circle/counting_mask/bright/1008.png,698,910,54,53,690,902,70,69,auto_candidate,consensus,False,3,0.47543628640697905,0.6446506629726623,0.6742629654315075,1712,0.5981830887491265,0.670846394984326,False,0.5673799573693424,0.1136489063501358,True,0.7970901479596055,0.10984776169061661,True,774.0,0.27044025157232704,1.0,0.27044025157232704,0.05209642724248144,0.3913347309573725,0.0,0.5694818835890387,0.08873184770345688,True,3570.0,1.2473794549266248,0.6753501400560225,0.8424178895877009,0.011251646286589857,0.5925465838509317,1.0,2226.0,0.7777777777777778,0.743486073674753,0.5782669461914745,0.46882039804263476,0.5317577548005908,1.0
1008,39_02,39,test,bright,P.aeruginosa,other,preprocessed_intensity_sigma040/local_flatfield/bright/1008.png,processed_plate_strategy_b_circle/counting_mask/bright/1008.png,656,892,65,65,646,882,85,85,auto_candidate,consensus,False,3,0.4978812821847977,0.6593089140932643,0.6879820144019849,1634,0.3867455621301775,0.6304012345679012,False,0.6414347428885853,0.10623469203710556,True,0.8113192780296365,0.09365086257457733,True,1181.0,0.2795266272189349,1.0,0.2795266272189349,0.025896098248452813,0.43550295857988164,0.0,0.5251727213615709,0.07550187408924103,True,5621.0,1.330414201183432,0.615015121864437,0.8182248520710059,0.1462564982243376,0.5847750865051903,1.0,1997.0,0.4726627218934911,0.7946920380570857,0.3756213017751479,0.4171327377679907,0.5788649706457926,1.0
1008,40_02,40,test,bright,P.aeruginosa,other,preprocessed_intensity_sigma040/local_flatfield/bright/1008.png,processed_plate_strategy_b_circle/counting_mask/bright/1008.png,708,869,72,72,697,858,94,94,auto_candidate,consensus,False,3,0.4815433513068014,0.6541801132769098,0.6802122182681445,2163,0.41724537037037035,0.590983606557377,False,0.6383523866306525,0.10989584773778915,True,0.7854176334381301,0.09886205196380615,True,1290.0,0.2488425925925926,1.0,0.2488425925925926,0.04170248423242741,0.408179012345679,0.0,0.5387703197619468,0.07968787848949432,True,6483.0,1.2505787037037037,0.5921641215486657,0.7405478395061729,0.023342409185994496,0.5866908103214125,1.0,2509.0,0.4839891975308642,0.8314069350338781,0.40239197530864196,0.49151038204452396,0.5055252918287938,1.0
1008,41_02,41,test,bright,P.aeruginosa,other,preprocessed_intensity_sigma040/local_flatfield/bright/1008.png,processed_plate_strategy_b_circle/counting_mask/bright/1008.png,714,819,72,71,703,808,94,93,auto_candidate,consensus,False,3,0.5476592072768187,0.7063739108273192,0.7242302868778142,1465,0.28658059467918623,0.6776133209990749,False,0.7956371328965077,0.10966606438159943,True,0.8038266289652329,0.08899879455566406,True,1433.0,0.280320813771518,1.0,0.280320813771518,0.07532320425190862,0.4229264475743349,0.0,0.5196579706202171,0.07162923365831375,True,6923.0,1.354264475743349,0.5682507583417593,0.7695618153364632,0.061835862317739194,0.5847632120796157,1.0,1385.0,0.27093114241001565,1.0,0.27093114241001565,0.06221670524424869,0.3873239436619718,0.0
1008,42_02,42,test,bright,P.aeruginosa,other,preprocessed_intensity_sigma040/local_flatfield/bright/1008.png,processed_plate_strategy_b_circle/counting_mask/bright/1008.png,254,940,153,151,231,917,199,197,auto_candidate,consensus,False,3,0.43071185736967976,0.6370633443332138,0.6555744878126735,10197,0.44137125048694975,0.513961693548387,False,0.8212675192552137,0.09784774482250214,True,0.5877494844374225,0.08101502060890198,True,12565.0,0.5438687616326884,0.724233983286908,0.39388823962255987,0.4770011320985202,0.5691295243793,1.0,0.5021730293070049,0.0650661438703537,True,39199.0,1.696706055490629,0.6205005229725248,1.0528069947625849,0.009237883904444274,0.5893171440961151,1.0,6859.0,0.2968878500627624,1.0,0.2968878500627624,0.030646571406613175,0.4226723802103623,0.0
1008,43_02,43,test,bright,P.aeruginosa,other,preprocessed_intensity_sigma040/local_flatfield/bright/1008.png,processed_plate_strategy_b_circle/counting_mask/bright/1008.png,191,722,127,126,172,703,165,164,needs_review,consensus,False,3,0.10659792186905799,0.5936912104580668,0.524785756837397,3404,0.21272340957380328,0.43979328165374676,False,0.5160692393766149,0.365234375,True,0.7410645897683937,0.08401243388652802,True,3296.0,0.2059742532183477,1.0,0.2059742532183477,0.15701248697463385,0.4161979752530934,0.0,0.523939802229192,0.06874460726976395,True,15836.0,0.9896262967129109,0.671002778479414,0.6640419947506562,0.49684850817835247,0.6299466146936701,1.0,83.0,0.005186851643544557,1.0,0.005186851643544557,0.5035765348791091,0.015810523684539432,0.0
1008,44_02,44,test,bright,P.aeruginosa,other,preprocessed_intensity_sigma040/local_flatfield/bright/1008.png,processed_plate_strategy_b_circle/counting_mask/bright/1008.png,532,595,139,138,511,574,181,180,auto_candidate,consensus,False,3,0.430290877350256,0.647801992811151,0.65972260419705,6847,0.3569492232301116,0.5658677685950413,False,0.7971412508651056,0.10434283316135406,True,0.6423165453563813,0.08181887120008469,True,7642.0,0.3983943280158482,0.8360376864695106,0.33307267229694504,0.3132191350457546,0.5401791191264875,1.0,0.5039481822119664,0.06574153900146484,True,32149.0,1.6759983317693672,0.6178419235435005,1.0355020331560838,0.016729058685345407,0.5887661141804789,1.0,5111.0,0.2664477113961005,1.0,0.2664477113961005,0.05047834396763631,0.4169533938066938,0.0
1008,45_02,45,test,bright,P.aeruginosa,other,preprocessed_intensity_sigma040/local_flatfield/bright/1008.png,processed_plate_strategy_b_circle/counting_mask/bright/1008.png,428,437,139,138,407,416,181,180,needs_review,consensus,False,2,0.27992975413948823,0.5796204015908375,0.4964902412518225,5579,0.29084558440204356,0.49003074220465526,False,0.0,0.318359375,False,0.6362524377482865,0.0864318385720253,True,5934.0,0.30935251798561153,0.9135490394337715,0.2826086956521739,0.19370630055311658,0.568951048951049,1.0,0.5229883654333886,0.06968910992145538,True,30614.0,1.5959753935981649,0.6512053308943621,1.0393076842873528,0.0677658064742158,0.5887661141804789,1.0,158.0,0.00823688874986967,0.08860759493670886,0.0007298509018871859,1.4238298537631968,0.01866221392790492,1.0
1008,46_02,46,test,bright,P.aeruginosa,other,preprocessed_intensity_sigma040/local_flatfield/bright/1008.png,processed_plate_strategy_b_circle/counting_mask/bright/1008.png,397,394,116,115,380,377,150,149,needs_review,consensus,False,3,0.08225762685583596,0.5856614833235178,0.5130547627289497,2122,0.1590704647676162,0.3982732732732733,False,0.5083878680985742,0.451171875,True,0.7213796637074257,0.1146833524107933,True,2059.0,0.15434782608695652,1.0,0.15434782608695652,0.03064598800430652,0.39940029985007497,0.0,0.5272169181645533,0.09506671875715256,True,12942.0,0.9701649175412294,0.6643486323597589,0.644527736131934,0.4456385988181973,0.5968680089485459,1.0,11.0,0.0008245877061469265,1.0,0.0008245877061469265,0.5276536028218209,0.0018740629685157421,0.0
1008,47_02,47,test,bright,P.aeruginosa,other,preprocessed_intensity_sigma040/local_flatfield/bright/1008.png,processed_plate_strategy_b_circle/counting_mask/bright/1008.png,311,371,65,65,301,361,85,85,auto_candidate,consensus,False,3,0.4171526591198484,0.4785593077995382,0.5874271538117622,1181,0.2795266272189349,0.2517050298380222,False,0.25231541787826517,0.478515625,True,0.5938767518415655,0.2238398790359497,True,1592.0,0.37680473372781065,0.753140703517588,0.2837869822485207,0.3372121833665667,0.5847750865051903,1.0,0.589485753678784,0.1909427046775818,True,2369.0,0.5607100591715977,0.718024482904179,0.402603550295858,0.4393644446451442,0.5847750865051903,1.0,680.0,0.16094674556213018,0.586764705882353,0.09443786982248521,1.0650464866637208,0.14681960375391032,1.0
1008,48_02,48,test,bright,P.aeruginosa,other,preprocessed_intensity_sigma040/local_flatfield/bright/1008.png,processed_plate_strategy_b_circle/counting_mask/bright/1008.png,761,768,60,59,752,759,78,77,auto_candidate,consensus,False,3,0.6562367949067075,0.6206633942441465,0.7279482359150062,1744,0.49265536723163844,0.6705113417916186,False,0.6299108550819431,0.10206802934408188,True,0.6767854073709747,0.09791254252195358,True,1759.0,0.49689265536723165,0.8942581011938602,0.4443502824858757,0.44660289607756354,0.5621634277686725,1.0,0.555293920279522,0.07904014736413956,True,4509.0,1.273728813559322,0.6411621202040364,0.8166666666666667,0.0167777032911241,0.5894105894105894,1.0,1984.0,0.56045197740113,0.8452620967741935,0.47372881355932206,0.5357715800785451,0.517193947730399,1.0
1008,49_02,49,test,bright,P.aeruginosa,other,preprocessed_intensity_sigma040/local_flatfield/bright/1008.png,processed_plate_strategy_b_circle/counting_mask/bright/1008.png,740,742,65,65,730,732,85,85,auto_candidate,consensus,False,3,0.5920831682421087,0.7017038826006473,0.737910661924997,2054,0.48615384615384616,0.643483709273183,False,0.6968920753124996,0.10202206671237946,True,0.8665146929706262,0.09197476506233215,True,2015.0,0.47692307692307695,0.9344913151364764,0.44568047337278105,0.33482848051876835,0.590339892665474,0.0,0.541704879518816,0.07434065639972687,True,5964.0,1.4115976331360947,0.6715291750503019,0.9479289940828403,0.1374486015031756,0.5847750865051903,1.0,2075.0,0.4911242603550296,0.9209638554216868,0.4523076923076923,0.3859981455595972,0.5489439480097482,1.0
1008,50_02,50,test,bright,P.aeruginosa,other,preprocessed_intensity_sigma040/local_flatfield/bright/1008.png,processed_plate_strategy_b_circle/counting_mask/bright/1008.png,699,643,116,115,682,626,150,149,auto_candidate,consensus,False,3,0.4936704706979575,0.7015427678983035,0.7034017719036065,3580,0.2683658170914543,0.7220653489310206,False,0.7874559837701424,0.10194547474384308,True,0.7957019551882947,0.08189920336008072,True,3519.0,0.2637931034482759,1.0,0.2637931034482759,0.014701354363212625,0.37166416791604195,0.0,0.5214703647364735,0.06585581600666046,True,20916.0,1.5679160419790106,0.6185695161598777,0.9698650674662669,0.04188113167383172,0.5968680089485459,1.0,3430.0,0.2571214392803598,1.0,0.2571214392803598,0.026336155879498183,0.35082458770614694,0.0
1008,51_02,51,test,bright,P.aeruginosa,other,preprocessed_intensity_sigma040/local_flatfield/bright/1008.png,processed_plate_strategy_b_circle/counting_mask/bright/1008.png,804,782,72,71,793,771,94,93,auto_candidate,consensus,False,3,0.5315648195264961,0.7004690619884236,0.7162353116296432,1355,0.2650625978090767,0.7161733615221987,False,0.7893382484271733,0.10194547474384308,True,0.7875125011210922,0.08414595574140549,True,1322.0,0.25860719874804383,1.0,0.25860719874804383,0.047401039378694824,0.3701095461658842,0.0,0.5245564364170054,0.06772755831480026,True,7102.0,1.3892801251956182,0.5941988172345818,0.8255086071987481,0.07823399988524221,0.5847632120796157,1.0,1338.0,0.26173708920187794,1.0,0.26173708920187794,0.04357532622357065,0.361697965571205,0.0
1008,52_02,52,test,bright,P.aeruginosa,other,preprocessed_intensity_sigma040/local_flatfield/bright/1008.png,processed_plate_strategy_b_circle/counting_mask/bright/1008.png,876,822,65,65,866,812,85,85,auto_candidate,consensus,False,3,0.671192593505122,0.6057140591389837,0.7272030313823862,1621,0.38366863905325443,0.6731727574750831,False,0.6314246453338692,0.1176164299249649,True,0.6466269377803466,0.10181857645511627,True,1737.0,0.4111242603550296,0.8664363845710996,0.3562130177514793,0.4087438410499715,0.49881847475832436,1.0,0.5390905943027351,0.08228189498186111,True,3838.0,0.9084023668639053,0.6737884314747264,0.6120710059171598,0.40905753404779527,0.570268074735987,1.0,1769.0,0.41869822485207103,0.8541548897682306,0.35763313609467456,0.46533922129412497,0.4290988056460369,1.0
1008,53_02,53,test,bright,P.aeruginosa,other,preprocessed_intensity_sigma040/local_flatfield/bright/1008.png,processed_plate_strategy_b_circle/counting_mask/bright/1008.png,876,790,65,65,866,780,85,85,auto_candidate,consensus,False,3,0.5951048939682398,0.6165407242614123,0.7049030025934488,1678,0.39715976331360947,0.7226528854435831,False,0.6537389839919159,0.11357231438159943,True,0.6697033639326617,0.093117855489254,True,1722.0,0.4075739644970414,0.908246225319396,0.3701775147928994,0.3435929006601161,0.480343716433942,1.0,0.5261798248596593,0.07525505870580673,True,5687.0,1.34603550295858,0.6073500967117988,0.8175147928994083,0.11418558665053621,0.5847750865051903,1.0,1798.0,0.4255621301775148,0.8754171301446051,0.3725443786982249,0.3976649412014242,0.4208469055374593,1.0
1008,54_02,54,test,bright,P.aeruginosa,other,preprocessed_intensity_sigma040/local_flatfield/bright/1008.png,processed_plate_strategy_b_circle/counting_mask/bright/1008.png,901,858,73,72,890,847,95,94,auto_candidate,consensus,False,3,0.5221838424776087,0.696701810911854,0.7114450692319046,1399,0.2661719939117199,0.7072800808897877,False,0.7726313602117862,0.10952819138765335,True,0.7955011254652582,0.08721955120563507,True,1387.0,0.2638888888888889,1.0,0.2638888888888889,0.02004726800191328,0.3763318112633181,0.0,0.5219729470585176,0.07037799060344696,True,6262.0,1.1914003044140031,0.620887895241137,0.7397260273972602,0.24447558818885337,0.5885778275475924,1.0,1256.0,0.2389649923896499,1.0,0.2389649923896499,0.03217405319387266,0.334855403348554,0.0
1008,55_02,55,test,bright,P.aeruginosa,other,preprocessed_intensity_sigma040/local_flatfield/bright/1008.png,processed_plate_strategy_b_circle/counting_mask/bright/1008.png,1021,887,72,71,1010,876,94,93,auto_candidate,consensus,False,3,0.6299799517942019,0.6606446010275939,0.7347508235390082,862,0.16862284820031298,0.37316017316017314,False,0.6634419551943327,0.478515625,True,0.6802805485676243,0.2591012418270111,True,862.0,0.16862284820031298,1.0,0.16862284820031298,0.431207872571105,0.440046565774156,0.0,0.6382112993208248,0.2221621572971344,True,1896.0,0.37089201877934275,0.8154008438818565,0.3024256651017214,0.3190006309263628,0.7730061349693251,1.0,732.0,0.1431924882629108,1.0,0.1431924882629108,0.3988066129213384,0.4012813046010483,0.0
1008,56_02,56,test,bright,P.aeruginosa,other,preprocessed_intensity_sigma040/local_flatfield/bright/1008.png,processed_plate_strategy_b_circle/counting_mask/bright/1008.png,1018,911,79,78,1006,899,103,102,needs_review,consensus,False,3,0.28499613302397525,0.6149348711770437,0.5957225950292089,737,0.1196040246673158,0.3499525166191833,False,0.6164100464402322,0.478515625,True,0.6357185530201318,0.24422980844974518,True,862.0,0.13988964621876016,1.0,0.13988964621876016,0.5652205912256925,0.3748782862706913,0.0,0.5926760140707673,0.20928072929382324,True,567.0,0.09201557935735151,0.9911816578483245,0.09120415449529373,0.5870660074331232,0.3340134986658295,0.0,732.0,0.11879259980525804,1.0,0.11879259980525804,0.5765820063460786,0.34177215189873417,0.0
1008,57_02,57,test,bright,P.aeruginosa,other,preprocessed_intensity_sigma040/local_flatfield/bright/1008.png,processed_plate_strategy_b_circle/counting_mask/bright/1008.png,975,873,87,86,962,860,113,112,needs_review,consensus,False,3,0.2135699030721209,0.5946432520484474,0.5626067668946213,1299,0.17361668003207698,0.672360248447205,False,0.4604693245212505,0.439453125,True,0.7102565224483142,0.16105450689792633,True,1342.0,0.1793638064688586,1.0,0.1793638064688586,0.14232992576671571,0.27011494252873564,0.0,0.6132039091757772,0.13479724526405334,True,2259.0,0.3019246190858059,0.8813634351482957,0.2661053194333066,0.2011711313881708,0.5307552870090635,1.0,43.0,0.005747126436781609,1.0,0.005747126436781609,0.9050356098110192,0.006549051055867415,0.0
1008,58_02,58,test,bright,P.aeruginosa,other,preprocessed_intensity_sigma040/local_flatfield/bright/1008.png,processed_plate_strategy_b_circle/counting_mask/bright/1008.png,1147,1071,127,126,1128,1052,165,164,auto_candidate,consensus,False,3,0.602281351093228,0.5484935601769138,0.6801958969533953,11233,0.7019747531558556,0.6596007046388725,False,0.5691352913256038,0.09380362182855606,True,0.5635120678646273,0.09246671199798584,True,14417.0,0.9009498812648419,0.6497190816397309,0.5853643294588177,0.19266219432757672,0.5913525498891352,1.0,0.51283332134051,0.07419335842132568,True,26470.0,1.6541682289713786,0.6309406875708349,1.043682039745032,0.01534561979743828,0.5913525498891352,1.0,11662.0,0.7287839020122485,0.7617904304578974,0.5551806024246969,0.5584586124775046,0.5322175732217573,1.0
1008,59_02,59,test,bright,P.aeruginosa,other,preprocessed_intensity_sigma040/local_flatfield/bright/1008.png,processed_plate_strategy_b_circle/counting_mask/bright/1008.png,1144,982,128,137,1123,961,170,179,auto_candidate,consensus,False,2,0.5566414156016886,0.5461773189487145,0.5799620897067435,9626,0.5489279197080292,0.615040572487381,False,0.0,0.490234375,False,0.5734349997898615,0.11030897498130798,True,13063.0,0.7449247262773723,0.7042792620378168,0.5246350364963503,0.416673146162317,0.6030622009569377,1.0,0.5189196381075675,0.08934804797172546,True,27009.0,1.540203010948905,0.6363064163797253,0.9800410583941606,0.12727814633414994,0.5762734143936904,1.0,322.0,0.018362226277372263,0.15838509316770186,0.002908302919708029,1.43957925411974,0.013942807151839903,1.0
1008,60_02,60,test,bright,P.aeruginosa,other,preprocessed_intensity_sigma040/local_flatfield/bright/1008.png,processed_plate_strategy_b_circle/counting_mask/bright/1008.png,1214,1022,122,126,1195,1003,160,164,auto_candidate,consensus,False,3,0.6936827231110207,0.5265543865856847,0.7034107077231311,12630,0.8216237314597971,0.7710622710622711,False,0.5126632529258848,0.09397978335618973,True,0.5638202914855471,0.10390767455101013,True,13717.0,0.8923367161072079,0.6699715681271415,0.59784022898777,0.24889656165236917,0.5930555555555556,1.0,0.503179615345622,0.08337761461734772,True,26147.0,1.7009497788186312,0.6259991586032815,1.064793130366901,0.007375986983139713,0.5858231707317073,1.0,19115.0,1.2434946656258132,0.6407533350771645,0.7967733541504033,0.3365240200882595,0.5858231707317073,1.0
1008,61_02,61,test,bright,P.aeruginosa,other,preprocessed_intensity_sigma040/local_flatfield/bright/1008.png,processed_plate_strategy_b_circle/counting_mask/bright/1008.png,1482,324,115,115,1465,307,149,149,needs_review,consensus,False,3,0.29696969696969694,0.5755893782411249,0.5841751452358439,294,0.02223062381852552,0.328125,False,0.5756258816302469,0.408203125,True,0.5736681303711526,0.18347133696079254,True,294.0,0.02223062381852552,1.0,0.02223062381852552,0.20651854895693256,0.06775047258979205,0.0,0.5774741227219752,0.15435445308685303,True,330.0,0.02495274102079395,1.0,0.02495274102079395,0.19389569594201428,0.06986767485822307,0.0,183.0,0.01383742911153119,1.0,0.01383742911153119,0.25643567591471567,0.21323251417769376,0.0
1008,62_02,62,test,bright,P.aeruginosa,other,preprocessed_intensity_sigma040/local_flatfield/bright/1008.png,processed_plate_strategy_b_circle/counting_mask/bright/1008.png,1511,314,186,185,1483,286,242,241,needs_review,adaptive,True,3,0.0,0.5141766354530087,0.4556706541812035,1976,0.05742516710258646,0.29925791306981675,False,0.5291824239452665,0.380859375,True,0.5419300521994715,0.1577441394329071,True,1938.0,0.05632083696599826,1.0,0.05632083696599826,0.6985972361488495,0.1918918918918919,0.0,0.4714174302142881,0.13150662183761597,True,330.0,0.00959023539668701,1.0,0.00959023539668701,0.8591903471299248,0.026852659110723626,0.0,308.0,0.008950886370241209,1.0,0.008950886370241209,0.5775822818331383,0.22267323861988983,0.0
1008,63_02,63,test,bright,P.aeruginosa,other,preprocessed_intensity_sigma040/local_flatfield/bright/1008.png,processed_plate_strategy_b_circle/counting_mask/bright/1008.png,1462,278,105,104,1446,262,137,136,needs_review,consensus,False,3,0.05430327868852459,0.5216751780499408,0.47767621876095995,318,0.02912087912087912,0.09306409130816505,False,0.5475499793760936,0.419921875,True,0.49577491360850134,0.19045981764793396,True,102.0,0.00934065934065934,1.0,0.00934065934065934,0.6727772948240512,0.016483516483516484,0.0,0.5217006411652274,0.16222257912158966,True,2372.0,0.21721611721611722,0.8199831365935919,0.17811355311355312,0.34715378837368693,0.6122828784119106,1.0,335.0,0.030677655677655676,0.9552238805970149,0.029304029304029304,0.49878388565571136,0.30511026481268266,0.0
1008,64_02,64,test,bright,P.aeruginosa,other,preprocessed_intensity_sigma040/local_flatfield/bright/1008.png,processed_plate_strategy_b_circle/counting_mask/bright/1008.png,1338,333,96,94,1324,319,124,122,needs_review,consensus,False,3,0.224,0.5611637927918464,0.5528655171167386,503,0.055740248226950354,0.5821759259259259,False,0.4692242164283274,0.517578125,True,0.6130376828223323,0.2948491871356964,True,673.0,0.07457890070921985,1.0,0.07457890070921985,0.2302071131215706,0.1356382978723404,0.0,0.6012294791248792,0.2570957839488983,True,581.0,0.06438386524822695,1.0,0.06438386524822695,0.24070208820404643,0.10172872340425532,0.0,48.0,0.005319148936170213,1.0,0.005319148936170213,0.8388115522944314,0.0062056737588652485,0.0
1008,65_02,65,test,bright,P.aeruginosa,other,preprocessed_intensity_sigma040/local_flatfield/bright/1008.png,processed_plate_strategy_b_circle/counting_mask/bright/1008.png,1285,411,95,94,1271,397,123,122,auto_candidate,consensus,False,3,0.84499469937907,0.5533710673833142,0.7670965717360001,124,0.013885778275475923,0.5610859728506787,False,0.5514083971542657,0.513671875,True,0.5534030080666805,0.3593882620334625,True,124.0,0.013885778275475923,1.0,0.013885778275475923,0.2812821649320617,0.02474804031354983,0.0,0.5553017969289962,0.3136093020439148,True,142.0,0.015901455767077268,1.0,0.015901455767077268,0.2774965532552071,0.02474804031354983,0.0,110.0,0.012318029115341545,1.0,0.012318029115341545,0.28563401876972244,0.021500559910414333,0.0
1008,66_02,66,test,bright,P.aeruginosa,other,preprocessed_intensity_sigma040/local_flatfield/bright/1008.png,processed_plate_strategy_b_circle/counting_mask/bright/1008.png,1286,214,96,94,1272,200,124,122,needs_review,consensus,False,3,0.22441518052205076,0.5524293848925925,0.5495170671397548,1386,0.1535904255319149,0.25666666666666665,False,0.4778646020430503,0.474609375,True,0.5590847464391403,0.14823804795742035,True,1473.0,0.16323138297872342,0.9416157501697217,0.15370124113475178,0.09327279760700626,0.5229151014274981,1.0,0.620338806195587,0.1251356601715088,True,2190.0,0.24268617021276595,0.958904109589041,0.2327127659574468,0.10730533420212283,0.5531598513011152,1.0,10.0,0.0011081560283687944,1.0,0.0011081560283687944,0.7518838570820071,0.002216312056737589,0.0
1008,67_02,67,test,bright,P.aeruginosa,other,preprocessed_intensity_sigma040/local_flatfield/bright/1008.png,processed_plate_strategy_b_circle/counting_mask/bright/1008.png,1184,501,78,78,1172,489,102,102,needs_review,consensus,False,3,0.14154242591570035,0.6746879037707179,0.5694150105787823,769,0.12639710716633792,0.3627358490566038,False,0.5552626351356095,0.439453125,True,0.628491060817569,0.15930373966693878,True,625.0,0.1027284681130835,1.0,0.1027284681130835,0.3221063353238379,0.2235371466140697,0.0,0.8403100153589751,0.13306383788585663,True,1811.0,0.2976660092044707,1.0,0.2976660092044707,0.06749127853919461,0.6583011583011583,0.0,144.0,0.023668639053254437,1.0,0.023668639053254437,0.34536196287473053,0.06426692965154504,0.0
1008,68_02,68,test,bright,P.aeruginosa,other,preprocessed_intensity_sigma040/local_flatfield/bright/1008.png,processed_plate_strategy_b_circle/counting_mask/bright/1008.png,1253,462,127,125,1234,443,165,163,auto_candidate,consensus,False,3,0.9627201093173988,0.8088650944285994,0.9104980760325294,4133,0.2603464566929134,0.34295909053190604,False,0.8054289439875142,0.478515625,True,0.8067678470628696,0.29085633158683777,True,4061.0,0.2558110236220472,1.0,0.2558110236220472,0.1766945680682972,0.7591181102362204,0.0,0.8143984922354144,0.2507210075855255,True,4243.0,0.2672755905511811,1.0,0.2672755905511811,0.18300209939527676,0.7656062992125984,0.0,4049.0,0.25505511811023623,1.0,0.25505511811023623,0.17795390343020867,0.7526299212598425,0.0
1008,69_02,69,test,bright,P.aeruginosa,other,preprocessed_intensity_sigma040/local_flatfield/bright/1008.png,processed_plate_strategy_b_circle/counting_mask/bright/1008.png,1277,511,126,125,1258,492,164,163,auto_candidate,consensus,False,3,0.651857933467129,0.5526265188065961,0.6992008842361336,189,0.012,0.45652173913043476,False,0.5504385583731467,0.470703125,True,0.5512242567632534,0.26740163564682007,True,189.0,0.012,1.0,0.012,0.2888786833234993,0.026285714285714287,0.0,0.5562167412833882,0.2304122895002365,True,348.0,0.022095238095238095,1.0,0.022095238095238095,0.33470971826541834,0.06996825396825397,0.0,173.0,0.010984126984126983,1.0,0.010984126984126983,0.2887044419036237,0.025142857142857144,0.0
1008,70_02,70,test,bright,P.aeruginosa,other,preprocessed_intensity_sigma040/local_flatfield/bright/1008.png,processed_plate_strategy_b_circle/counting_mask/bright/1008.png,1101,671,95,94,1087,657,123,122,needs_review,consensus,False,3,0.21363142464686224,0.646861864515448,0.583515744432581,71,0.007950727883538634,0.7888888888888889,False,0.5618021981362818,0.458984375,True,0.5638013587572804,0.16734744608402252,True,71.0,0.007950727883538634,1.0,0.007950727883538634,0.1651439381498794,0.010078387458006719,0.0,0.8149820366527817,0.14188598096370697,True,2302.0,0.2577827547592385,0.9956559513466551,0.2566629339305711,0.04030971150803078,0.6581798483206934,0.0,42.0,0.0047032474804031355,1.0,0.0047032474804031355,0.16073759578757135,0.006270996640537514,0.0
1008,71_02,71,test,bright,P.aeruginosa,other,preprocessed_intensity_sigma040/local_flatfield/bright/1008.png,processed_plate_strategy_b_circle/counting_mask/bright/1008.png,1028,712,79,78,1016,700,103,102,needs_review,consensus,False,3,0.115343955451008,0.5576733927894457,0.5134397415236311,887,0.143946770529049,0.5156976744186047,False,0.5236095314882901,0.466796875,True,0.6567147099229291,0.14265014231204987,True,851.0,0.13810451152223305,1.0,0.13810451152223305,0.29482163152857754,0.22622525154170725,0.0,0.4926959369571179,0.12004661560058594,True,4545.0,0.737585199610516,0.5606160616061606,0.41350210970464135,0.49456480968025646,0.586521987435751,1.0,48.0,0.007789678675754625,1.0,0.007789678675754625,0.4585767273405253,0.011684518013631937,0.0
1008,72_02,72,test,bright,P.aeruginosa,other,preprocessed_intensity_sigma040/local_flatfield/bright/1008.png,processed_plate_strategy_b_circle/counting_mask/bright/1008.png,1327,423,169,167,1302,398,219,217,needs_review,consensus,False,3,0.08038490026078565,0.5511950814145647,0.49861274765710084,2025,0.0717499911419764,0.4005142405063291,False,0.543399306662589,0.482421875,True,0.6020134944013963,0.23831622302532196,True,2049.0,0.07260036140736278,1.0,0.07260036140736278,0.34119921027886635,0.1911561492399816,0.0,0.5081724431797091,0.20446577668190002,True,12320.0,0.43652340289834535,0.6723214285714286,0.2934840378414768,0.8042577217343875,0.35434788933174294,1.0,41.0,0.0014527158700350779,1.0,0.0014527158700350779,0.275576994383563,0.00198419728590157,0.0
1008,73_02,73,test,bright,P.aeruginosa,other,preprocessed_intensity_sigma040/local_flatfield/bright/1008.png,processed_plate_strategy_b_circle/counting_mask/bright/1008.png,1398,450,224,222,1364,416,292,290,needs_review,consensus,False,3,0.0894394205741253,0.5937131535998205,0.5187890586408721,10935,0.21989623552123552,0.46178209459459457,False,0.4915645332505868,0.482421875,True,0.7514920295092478,0.13230650126934052,True,10027.0,0.20163690476190477,0.99700807818889,0.20103362290862292,0.08392004573234245,0.46153846153846156,0.0,0.5380828980396267,0.10978735238313675,True,58314.0,1.1726592664092663,0.6972596632026614,0.8176480051480052,0.3241775427762568,0.5872461029759093,1.0,48.0,0.0009652509652509653,1.0,0.0009652509652509653,0.6505977008035599,0.001287001287001287,0.0
1008,74_01,74,test,bright,P.aeruginosa,other,preprocessed_intensity_sigma040/local_flatfield/bright/1008.png,processed_plate_strategy_b_circle/counting_mask/bright/1008.png,1341,728,153,152,1318,705,199,198,auto_candidate,consensus,False,2,0.6508914905059364,0.5407788129413278,0.6107902135202755,15734,0.6765565875472996,0.6424138494202188,False,0.0,0.478515625,False,0.5652063246622874,0.10955768823623657,True,22445.0,0.9651272789817682,0.660013366005792,0.6369969040247678,0.15657070362051684,0.5902238465052535,1.0,0.5163513012203683,0.08815823495388031,True,37731.0,1.622420020639835,0.6407198324984761,1.039516683866529,0.05560268892574724,0.5902238465052535,1.0,,,,,,,
1008,75_01,75,test,bright,P.aeruginosa,other,preprocessed_intensity_sigma040/local_flatfield/bright/1008.png,processed_plate_strategy_b_circle/counting_mask/bright/1008.png,1358,815,169,167,1333,790,219,217,needs_review,consensus,False,3,0.7473750531909147,0.5401419577416627,0.7276380517134853,26919,0.9537965489140063,0.9099482811073928,True,0.5446027531646981,0.09767156839370728,True,0.569292358838389,0.10518714040517807,True,29196.0,1.0344754278425399,0.6439923277161255,0.666194238741452,0.04414181681073574,0.5938808576899607,1.0,0.5065307612219013,0.08438466489315033,True,47449.0,1.6812174467632781,0.6232165061434383,1.047762463239202,0.008027794403845143,0.5938808576899607,1.0,38176.0,1.3526556354746129,0.672883487007544,0.9101796407185628,0.14657343625881156,0.5938808576899607,1.0
1008,76_01,76,test,bright,P.aeruginosa,other,preprocessed_intensity_sigma040/local_flatfield/bright/1008.png,processed_plate_strategy_b_circle/counting_mask/bright/1008.png,1416,758,204,202,1385,727,266,264,needs_review,consensus,False,3,0.0005447131696081179,0.5252317127602949,0.4602833347134808,70,0.001698699281692875,0.0707070707070707,False,0.5179160050431414,0.09380362182855606,True,0.5604001410943161,0.09709490090608597,True,62.0,0.0015045622209279752,1.0,0.0015045622209279752,0.15307873545455508,0.0036400698893418754,0.0,0.497378992143427,0.07787643373012543,True,70217.0,1.703965249466123,0.6100516968825214,1.0395068918656571,0.00687289764753556,0.5868079289131921,1.0,8.0,0.00019413706076490002,1.0,0.00019413706076490002,0.453947800845823,0.00038827412152980003,0.0
1008,77_01,77,test,bright,P.aeruginosa,other,preprocessed_intensity_sigma040/local_flatfield/bright/1008.png,processed_plate_strategy_b_circle/counting_mask/bright/1008.png,1343,640,169,168,1318,615,219,218,needs_review,consensus,False,3,0.21001600671757328,0.5155290933348188,0.5297172396850782,16007,0.563785573400958,0.5816497093023256,False,0.4215567966546153,0.501953125,True,0.5979481178751016,0.12066015601158142,True,20767.0,0.7314384333615103,0.7278855877112727,0.5324034939419555,0.30659888641455785,0.594696493653387,1.0,0.5270823654747396,0.09891028702259064,True,38308.0,1.3492533107917724,0.6625509032055967,0.8939489997182305,0.25052818870969884,0.594696493653387,1.0,108.0,0.0038038884192730348,1.0,0.0038038884192730348,1.1800520395150602,0.007889546351084813,0.0
1008,78_01,78,test,bright,P.aeruginosa,other,preprocessed_intensity_sigma040/local_flatfield/bright/1008.png,processed_plate_strategy_b_circle/counting_mask/bright/1008.png,1388,597,231,231,1353,562,301,301,needs_review,consensus,False,3,0.21260793814301884,0.5040925004039392,0.5260497785116323,33436,0.6265999512752759,0.6159344201897393,False,0.409888542223334,0.458984375,True,0.5814054683593082,0.1101335808634758,True,44180.0,0.8279455032701786,0.707922136713445,0.5861209497573134,0.32005943037158446,0.6590299991354716,1.0,0.5209834906291753,0.0893215611577034,True,82147.0,1.5394576563407731,0.6375521930198303,0.9814846048612282,0.12559498140262323,0.588967009194159,1.0,227.0,0.004254043215082176,1.0,0.004254043215082176,1.270040912500357,0.01153925406964764,0.0
1008,79_01,79,test,bright,P.aeruginosa,other,preprocessed_intensity_sigma040/local_flatfield/bright/1008.png,processed_plate_strategy_b_circle/counting_mask/bright/1008.png,1483,563,247,245,1446,526,321,319,auto_candidate,consensus,False,2,0.4501703646945663,0.5620982935340478,0.549065611723384,27613,0.45630009088655704,0.5239260777170613,False,0.0,0.462890625,False,0.6042146688480514,0.0964682474732399,True,35007.0,0.5784846732215153,0.7444511097780444,0.43065355696934643,0.44741366385310916,0.6352514181328719,1.0,0.5199819182200442,0.07783360034227371,True,95280.0,1.5744856647112286,0.6432724601175482,1.0128232669586053,0.10074640079479401,0.5909725680914852,1.0,287.0,0.004742625795257374,0.11498257839721254,0.0005453193423118235,1.3578797078543081,0.03317882410343986,1.0
1008,80_01,80,test,bright,P.aeruginosa,other,preprocessed_intensity_sigma040/local_flatfield/bright/1008.png,processed_plate_strategy_b_circle/counting_mask/bright/1008.png,1276,960,186,184,1248,932,242,240,auto_candidate,consensus,False,3,0.6457036817102096,0.5317814197994387,0.6887088565183488,26082,0.7620967741935484,0.7844210526315789,False,0.5246833471940425,0.09070925414562225,True,0.5685804394131717,0.09717077761888504,True,27595.0,0.8063055165965405,0.6825149483602102,0.5503155680224404,0.3209826952394237,0.5892561983471074,1.0,0.5020804727911019,0.07795807719230652,True,57940.0,1.6929640018700327,0.6162927166033828,1.0433613838242168,0.004384272454616446,0.5892561983471074,1.0,36171.0,1.0568899018232818,0.6672195958087971,0.7051776531089294,0.44086451632868623,0.6313459268004723,1.0
1008,81_01,81,test,bright,P.aeruginosa,other,preprocessed_intensity_sigma040/local_flatfield/bright/1008.png,processed_plate_strategy_b_circle/counting_mask/bright/1008.png,1343,895,204,203,1312,864,266,265,auto_candidate,consensus,False,3,0.6494186252744818,0.5386517891572046,0.6927572345089504,31830,0.768617791944364,0.7392697881828316,False,0.540692696367947,0.09070925414562225,True,0.5772106328913864,0.09617957472801208,True,33452.0,0.8077851830387327,0.7104209015903384,0.573867478025693,0.3244572350343261,0.5874875868917577,1.0,0.49805203821228006,0.0771525502204895,True,70479.0,1.701898000579542,0.610735112586728,1.0394088669950738,0.006884017098623368,0.5874875868917577,1.0,40686.0,0.9824688496088091,0.695030231529273,0.6828455520139091,0.4934189480564919,0.7044534412955465,1.0
1008,82_01,82,test,bright,P.aeruginosa,other,preprocessed_intensity_sigma040/local_flatfield/bright/1008.png,processed_plate_strategy_b_circle/counting_mask/bright/1008.png,1192,904,186,184,1164,876,242,240,auto_candidate,consensus,False,2,0.6269343611574527,0.5515101984115198,0.606697772436383,21796,0.6368630201028518,0.6101903695408735,False,0.0,0.482421875,False,0.5789416406734311,0.10915756225585938,True,29930.0,0.8745324918186068,0.6867357166722352,0.6005726975222067,0.19962102475764637,0.5991596638655462,1.0,0.5240787561496085,0.08815822005271912,True,53470.0,1.5623539036933147,0.6502337759491303,1.015895278167368,0.10338597610598019,0.5892561983471074,1.0,,,,,,,
1008,83_01,83,test,bright,P.aeruginosa,other,preprocessed_intensity_sigma040/local_flatfield/bright/1008.png,processed_plate_strategy_b_circle/counting_mask/bright/1008.png,1218,775,224,222,1184,741,292,290,needs_review,consensus,False,3,0.20907831065270235,0.5155505223783977,0.529397617679805,27604,0.5550997425997426,0.55018735549709,False,0.4618391053468692,0.498046875,True,0.5666945703202472,0.12011860311031342,True,38316.0,0.770511583011583,0.6773932560810105,0.5219393500643501,0.3613331196920568,0.5912960760998811,1.0,0.5181178914680767,0.09837545454502106,True,68476.0,1.3770109395109396,0.6412757754541737,0.883043758043758,0.24791258600928082,0.5872461029759093,1.0,165.0,0.003318050193050193,1.0,0.003318050193050193,0.8839559729618619,0.007963320463320463,0.0
1008,84_01,84,test,bright,P.aeruginosa,other,preprocessed_intensity_sigma040/local_flatfield/bright/1008.png,processed_plate_strategy_b_circle/counting_mask/bright/1008.png,923,640,72,71,912,629,94,93,auto_candidate,consensus,False,3,0.5352131034519904,0.7129669449249079,0.7225113641781598,1470,0.2875586854460094,0.6657608695652174,False,0.7988089534956199,0.11369486153125763,True,0.8143492096375784,0.08967795968055725,True,1465.0,0.28658059467918623,1.0,0.28658059467918623,0.03639835601417302,0.431924882629108,0.0,0.5257426716415253,0.07225608825683594,True,7081.0,1.385172143974961,0.5869227510238667,0.8129890453834115,0.05294667773789325,0.5847632120796157,1.0,1374.0,0.2687793427230047,1.0,0.2687793427230047,0.03476849300245384,0.3961267605633803,0.0
1008,85_01,85,test,bright,P.aeruginosa,other,preprocessed_intensity_sigma040/local_flatfield/bright/1008.png,processed_plate_strategy_b_circle/counting_mask/bright/1008.png,878,595,72,72,867,584,94,94,auto_candidate,consensus,False,3,0.49051310349330235,0.673335240708748,0.691013682506155,1173,0.22627314814814814,0.6994633273703041,False,0.7433462376526497,0.1136489063501358,True,0.7605039628187378,0.09062658250331879,True,1171.0,0.22588734567901234,1.0,0.22588734567901234,0.0470524909064659,0.32349537037037035,0.0,0.5161555216548565,0.07293713837862015,True,6358.0,1.226466049382716,0.6173324944951243,0.7571373456790124,0.2609554356790399,0.5866908103214125,1.0,1080.0,0.20833333333333334,1.0,0.20833333333333334,0.056281291807454094,0.2847222222222222,0.0
1008,86_01,86,test,bright,P.aeruginosa,other,preprocessed_intensity_sigma040/local_flatfield/bright/1008.png,processed_plate_strategy_b_circle/counting_mask/bright/1008.png,922,558,59,59,913,549,77,77,auto_candidate,consensus,False,3,0.7028243465171288,0.6602979780074515,0.7601077124839757,2271,0.6523987359954037,0.7509920634920635,False,0.5607991357810369,0.11344976723194122,True,0.842228640869664,0.11539757251739502,True,1538.0,0.4418270611893134,0.9356306892067621,0.4133869577707555,0.47802254700200514,0.5409113179813817,0.0,0.5778661573716536,0.09353220462799072,True,2998.0,0.8612467681700661,0.8095396931287525,0.6972134444125251,0.4893878540914976,0.552390438247012,1.0,2893.0,0.8310830221200805,0.7856895955755271,0.6529732835392129,0.5607527182831917,0.522754732178816,1.0
1008,87_01,87,test,bright,P.aeruginosa,other,preprocessed_intensity_sigma040/local_flatfield/bright/1008.png,processed_plate_strategy_b_circle/counting_mask/bright/1008.png,933,529,72,72,922,518,94,94,auto_candidate,consensus,False,3,0.7127528761238088,0.7110519865748021,0.7838843012732539,2474,0.47723765432098764,0.6541512427287149,False,0.6584138146569551,0.10621171444654465,True,0.8228125116992595,0.09708233922719955,True,1730.0,0.33371913580246915,0.9988439306358381,0.3333333333333333,0.3328193206121203,0.6052975191195672,0.0,0.6519296333681917,0.07842198759317398,True,3214.0,0.6199845679012346,0.8761667703795893,0.5432098765432098,0.448454141944849,0.6037031021601429,1.0,2766.0,0.5335648148148148,0.8705712219812003,0.4645061728395062,0.47823938552409,0.5784844384303113,1.0
1008,88_01,88,test,bright,P.aeruginosa,other,preprocessed_intensity_sigma040/local_flatfield/bright/1008.png,processed_plate_strategy_b_circle/counting_mask/bright/1008.png,895,525,73,72,884,514,95,94,auto_candidate,consensus,False,3,0.38920104878806355,0.641894532328554,0.6429781800072438,2559,0.4868721461187215,0.6991803278688524,False,0.6478589747338678,0.10580576956272125,True,0.7346373710859186,0.09639023244380951,True,1078.0,0.20509893455098935,1.0,0.20509893455098935,0.12188443778234756,0.3097412480974125,0.0,0.5431872511658756,0.0779067650437355,True,7258.0,1.3808980213089803,0.662165885918986,0.9143835616438356,0.11653477598064521,0.5885778275475924,1.0,2953.0,0.561834094368341,0.8625126989502201,0.4845890410958904,0.4757221540124578,0.5335554497858163,1.0
1008,89_01,89,test,bright,P.aeruginosa,other,preprocessed_intensity_sigma040/local_flatfield/bright/1008.png,processed_plate_strategy_b_circle/counting_mask/bright/1008.png,700,400,161,150,676,376,209,198,auto_candidate,consensus,False,3,0.5181984755915814,0.6806408277379224,0.7036257975522224,10084,0.4175569358178054,0.5428509905254091,False,0.8767299835412408,0.09761796146631241,True,0.6638538160541883,0.08914504200220108,True,11164.0,0.46227743271221533,0.8228233608025797,0.3803726708074534,0.36253072607650955,0.5783464819447117,1.0,0.5013386836183383,0.07161476463079453,True,40276.0,1.667743271221532,0.6115304399642467,1.0198757763975155,0.027300164067472196,0.5835870668406553,1.0,8799.0,0.36434782608695654,1.0,0.36434782608695654,0.0736405688845724,0.5745341614906833,0.0
1008,90_01,90,test,bright,P.aeruginosa,other,preprocessed_intensity_sigma040/local_flatfield/bright/1008.png,processed_plate_strategy_b_circle/counting_mask/bright/1008.png,809,382,140,139,788,361,182,181,auto_candidate,consensus,False,3,0.5054650765430652,0.7043544645896335,0.7086545626259262,5453,0.2802158273381295,0.6307692307692307,False,0.7978973999852068,0.0977175235748291,True,0.8001724777261666,0.08903754502534866,True,5274.0,0.2710174717368962,1.0,0.2710174717368962,0.07108197821073067,0.4442446043165468,0.0,0.5149935160575271,0.07153210043907166,True,31189.0,1.6027235354573484,0.6060790663374908,0.971377183967112,0.006509801342366,0.5907352316192095,1.0,5237.0,0.26911613566289827,1.0,0.26911613566289827,0.0677278746415733,0.42990750256937305,0.0
1008,91_01,91,test,bright,P.aeruginosa,other,preprocessed_intensity_sigma040/local_flatfield/bright/1008.png,processed_plate_strategy_b_circle/counting_mask/bright/1008.png,964,425,87,85,951,412,113,111,auto_candidate,consensus,False,3,0.5783606348384202,0.754705431995168,0.7543083949915143,3153,0.42636916835699795,0.7221713238662392,False,0.8692221608996834,0.10965074598789215,True,0.8623518680537987,0.0915336012840271,True,2981.0,0.4031102096010818,0.9671251257967125,0.3898580121703854,0.24204252009123933,0.5399771196135758,0.0,0.5325422670320222,0.07382640242576599,True,10771.0,1.456524678837052,0.6260328660291523,0.9118323191345503,0.0806240659349516,0.5895718727577135,1.0,3117.0,0.42150101419878294,0.9692011549566891,0.40851926977687625,0.27841345100898934,0.5249777551798652,0.0
1008,92_01,92,test,bright,P.aeruginosa,other,preprocessed_intensity_sigma040/local_flatfield/bright/1008.png,processed_plate_strategy_b_circle/counting_mask/bright/1008.png,1008,422,65,65,998,412,85,85,auto_candidate,consensus,False,3,0.6312566486355794,0.5975313289534357,0.7099523586038271,2133,0.5048520710059171,0.7181818181818181,False,0.6222728098081204,0.11698070168495178,True,0.6245404645765585,0.10474741458892822,True,2307.0,0.5460355029585798,0.8274815778066753,0.4518343195266272,0.5430876473293632,0.5441263573543929,1.0,0.5457807124756284,0.08459410071372986,True,5760.0,1.3633136094674556,0.6454861111111111,0.88,0.059629054863207284,0.5847750865051903,1.0,2414.0,0.5713609467455621,0.8384424192212097,0.47905325443786984,0.5585942229733386,0.5131817267055746,1.0
1008,93_01,93,test,bright,P.aeruginosa,other,preprocessed_intensity_sigma040/local_flatfield/bright/1008.png,processed_plate_strategy_b_circle/counting_mask/bright/1008.png,1072,228,116,115,1055,211,150,149,auto_candidate,consensus,False,3,0.457985357715516,0.687923388169625,0.6854642304682805,3321,0.24895052473763118,0.6587978575679428,False,0.7665669276166788,0.09832262247800827,True,0.778713006435092,0.07991104573011398,True,3243.0,0.24310344827586206,1.0,0.24310344827586206,0.03985919481075463,0.37788605697151423,0.0,0.5184902304571037,0.06422948837280273,True,21525.0,1.613568215892054,0.6256445993031359,1.00952023988006,0.01937764282219372,0.5968680089485459,1.0,3105.0,0.23275862068965517,1.0,0.23275862068965517,0.05761028073108232,0.35157421289355323,0.0
1008,94_01,94,test,bright,P.aeruginosa,other,preprocessed_intensity_sigma040/local_flatfield/bright/1008.png,processed_plate_strategy_b_circle/counting_mask/bright/1008.png,1046,331,87,86,1033,318,113,112,auto_candidate,consensus,False,3,0.5737329948912414,0.7757727287979517,0.7611156397311152,3388,0.45282010157711844,0.6915697081036947,False,0.8835018030667862,0.11310508847236633,True,0.9088383967000837,0.09439466893672943,True,3323.0,0.4441325848703555,0.9837496238338851,0.43691526329858327,0.20551381025775833,0.6029635258358662,0.0,0.5349779866269853,0.07611310482025146,True,11353.0,1.5173750334135259,0.6486391262221439,0.9842288158246458,0.08300995943511771,0.5911820480404552,1.0,3111.0,0.4157979149959904,0.9916425586628094,0.4123229083132852,0.2237193133498648,0.5326826762552973,0.0
1008,95_01,95,test,bright,P.aeruginosa,other,preprocessed_intensity_sigma040/local_flatfield/bright/1008.png,processed_plate_strategy_b_circle/counting_mask/bright/1008.png,1049,379,59,59,1040,370,77,77,auto_candidate,consensus,False,3,0.6630256663317176,0.5850021249105354,0.7160598331803153,1843,0.529445561620224,0.7559474979491386,False,0.5762206541571683,0.11413909494876862,True,0.6304061190147503,0.10818476974964142,True,2035.0,0.5846021258259121,0.8496314496314497,0.49669635162309683,0.5438819251491264,0.5296296296296297,1.0,0.5483796015596876,0.0872589722275734,True,4933.0,1.4171215168055156,0.645651733225218,0.914966963516231,0.024517697373413534,0.5871141845167819,1.0,2251.0,0.6466532605573111,0.7827632163482896,0.5061763860959494,0.6286110383751992,0.47112531385528417,1.0
1008,96_01,96,test,bright,P.aeruginosa,other,preprocessed_intensity_sigma040/local_flatfield/bright/1008.png,processed_plate_strategy_b_circle/counting_mask/bright/1008.png,1007,96,116,114,990,79,150,148,needs_review,consensus,False,3,0.11333424083279175,0.5800913176452992,0.5217035113495968,1025,0.07751058681185723,0.27116402116402116,False,0.573018494488739,0.333984375,True,0.5791824231967918,0.13291415572166443,True,772.0,0.05837870538415003,1.0,0.05837870538415003,0.38553791301934864,0.12099213551119177,0.0,0.5880730352503666,0.11092546582221985,True,3223.0,0.24372353297035693,0.8910952528699969,0.21718088324258925,0.040681118345793126,0.4023479188900747,1.0,545.0,0.0412129461584997,0.9486238532110092,0.03909558378705384,0.18183983446228388,0.07724613769311535,0.0
1008,97_01,97,test,bright,P.aeruginosa,other,preprocessed_intensity_sigma040/local_flatfield/bright/1008.png,processed_plate_strategy_b_circle/counting_mask/bright/1008.png,931,81,95,94,917,67,123,122,needs_review,consensus,False,3,0.20454545454545456,0.5934251172998372,0.558960956010844,645,0.07222844344904815,0.5193236714975845,False,0.46686392915426317,0.373046875,True,0.6694557780943001,0.15856769680976868,True,995.0,0.11142217245240761,1.0,0.11142217245240761,0.024236523292373975,0.16517357222844345,0.0,0.6439556446509479,0.13221542537212372,True,691.0,0.07737961926091826,1.0,0.07737961926091826,0.03448003343680347,0.15722284434490483,0.0,20.0,0.0022396416573348264,1.0,0.0022396416573348264,0.8380876738975864,0.0026875699888017916,0.0
1008,98_01,98,test,bright,P.aeruginosa,other,preprocessed_intensity_sigma040/local_flatfield/bright/1008.png,processed_plate_strategy_b_circle/counting_mask/bright/1008.png,887,117,87,86,874,104,113,112,needs_review,consensus,False,3,0.004338394793926247,0.5215780422231909,0.46014965506715055,23,0.003074044373162256,0.6388888888888888,False,0.4685179539627068,0.326171875,True,0.5178458315747163,0.14713475108146667,True,103.0,0.013766372627639668,1.0,0.013766372627639668,0.5409158176220495,0.026062550120288693,0.0,0.5783703411321496,0.12251182645559311,True,2151.0,0.28748997594226144,0.8210134821013482,0.2360331462175889,0.13632150375911062,0.435,1.0,16.0,0.0021384656508954825,1.0,0.0021384656508954825,0.825901393474196,0.0032076984763432237,0.0
1008,99_01,99,test,bright,P.aeruginosa,other,preprocessed_intensity_sigma040/local_flatfield/bright/1008.png,processed_plate_strategy_b_circle/counting_mask/bright/1008.png,830,137,95,94,816,123,123,122,needs_review,sauvola,True,3,0.0,0.4885759683996902,0.44543038735987606,1807,0.20235162374020157,0.39679402722880985,False,0.5021728393988174,0.326171875,True,0.437732649495025,0.13294029235839844,True,90.0,0.010078387458006719,0.9555555555555556,0.009630459126539754,0.9883701061875907,0.016010673782521682,0.0,0.5258224163052281,0.11042798310518265,True,2236.0,0.2503919372900336,0.8076923076923077,0.20223964165733482,0.3193836673357209,0.4518540089303048,1.0,47.0,0.005263157894736842,1.0,0.005263157894736842,0.6002890574143972,0.008958566629339306,0.0
1008,100_01,100,test,bright,P.aeruginosa,other,preprocessed_intensity_sigma040/local_flatfield/bright/1008.png,processed_plate_strategy_b_circle/counting_mask/bright/1008.png,775,102,105,105,759,86,137,137,needs_review,consensus,False,3,0.26940278873980533,0.5981507702806138,0.5835512841711774,1024,0.09287981859410431,0.6117084826762246,False,0.4921825654346578,0.361328125,True,0.6571429422615477,0.15722651779651642,True,1215.0,0.11020408163265306,1.0,0.11020408163265306,0.1351184269619301,0.20244897959183675,0.0,0.6451268031456361,0.1310844123363495,True,1076.0,0.09759637188208617,1.0,0.09759637188208617,0.12290953541110022,0.15183673469387754,0.0,65.0,0.0058956916099773245,1.0,0.0058956916099773245,0.6870212334469484,0.0236734693877551,0.0
1008,101_01,101,test,bright,P.aeruginosa,other,preprocessed_intensity_sigma040/local_flatfield/bright/1008.png,processed_plate_strategy_b_circle/counting_mask/bright/1008.png,789,298,95,95,775,284,123,123,auto_candidate,consensus,False,3,0.6137960859434736,0.594312392402899,0.7025535870413754,5582,0.6185041551246537,0.6960967701708443,False,0.6087544149904189,0.09766390919685364,True,0.6490681526398451,0.09459743648767471,True,5438.0,0.6025484764542937,0.8396469290180213,0.5059279778393352,0.4424369504812703,0.6489968868903494,1.0,0.5251146095784329,0.07607555389404297,True,14717.0,1.6306925207756233,0.6588299245770197,1.0743490304709142,0.030104428769858516,0.5965364531694097,1.0,6563.0,0.7272022160664819,0.8202041749200061,0.5964542936288089,0.5114250533100553,0.6626128945721184,1.0
1008,102_01,102,test,bright,P.aeruginosa,other,preprocessed_intensity_sigma040/local_flatfield/bright/1008.png,processed_plate_strategy_b_circle/counting_mask/bright/1008.png,813,262,169,168,788,237,219,218,auto_candidate,consensus,False,3,0.5078212732753422,0.7372139190955381,0.722623013284585,11076,0.3901098901098901,0.6608197601575085,False,0.8668656626713379,0.09466145932674408,True,0.834936955582234,0.08555175364017487,True,9304.0,0.32769794308255845,0.9879621668099742,0.3237531699070161,0.15166759932523494,0.5648565573770492,0.0,0.5098391390330426,0.06869927793741226,True,46846.0,1.6499718230487461,0.620607949451394,1.0239856297548606,0.019598729203102155,0.594696493653387,1.0,10687.0,0.3764088475626937,0.9948535604004866,0.37447168216398985,0.15349375943970964,0.525,0.0
