image_id, annotation_id, instance_id, split     , background, class_name  , object_type, source_image                                                   , source_counting_mask                                           , x   , y   , width, height, crop_x, crop_y, crop_width, crop_height, review_status , selected_method, used_single_method_fallback, n_methods_nonempty, mean_pairwise_iou , mean_component_score, confidence        , mask_area, mask_area_ratio_to_box, mask_rectangularity, full_box_like, otsu_component_score, otsu_threshold    , otsu_nonempty, adaptive_component_score, adaptive_threshold, adaptive_nonempty, adaptive_component_area, adaptive_component_area_ratio, adaptive_component_overlap_inside, adaptive_component_box_coverage, adaptive_component_center_distance, adaptive_component_bbox_iou, adaptive_component_touches_crop, sauvola_component_score, sauvola_threshold , sauvola_nonempty, sauvola_component_area, sauvola_component_area_ratio, sauvola_component_overlap_inside, sauvola_component_box_coverage, sauvola_component_center_distance, sauvola_component_bbox_iou, sauvola_component_touches_crop, otsu_component_area, otsu_component_area_ratio, otsu_component_overlap_inside, otsu_component_box_coverage, otsu_component_center_distance, otsu_component_bbox_iou, otsu_component_touches_crop
    1008, 15_02        ,          15, test      , bright    , P.aeruginosa, other      , preprocessed_intensity_sigma040/local_flatfield/bright/1008.png, processed_plate_strategy_b_circle/counting_mask/bright/1008.png,  453, 1663,   105,    104,    437,   1647,        137,         136, needs_review  , consensus      , False                      ,                  3, 0.0002754820936639,   0.5379578891952808, 0.4652795744108947,         0,     0.0               ,  0.0               , False        ,   0.4957370671101531, 0.357421875       , True         ,       0.5151022886310094, 0.1292065531015396, True             ,                    53.0,            0.0048534798534798,                1.0               ,              0.0048534798534798,                 0.5095877161491278,          0.0166666666666666,                             0.0,      0.6030343118446797, 0.1085631251335144, True            ,                 2789.0,           0.2554029304029304,               0.8501254930082467,             0.2171245421245421,                0.0469141106175857,         0.6480327576998398,                            1.0,                26.0,        0.0023809523809523,            1.0               ,          0.0023809523809523,             0.6305066658070803,      0.0057692307692307,                         0.0
    1008, 98_01        ,          98, test      , bright    , P.aeruginosa, other      , preprocessed_intensity_sigma040/local_flatfield/bright/1008.png, processed_plate_strategy_b_circle/counting_mask/bright/1008.png,  887,  117,    87,     86,    874,    104,        113,         112, needs_review  , consensus      , False                      ,                  3, 0.0043383947939262,   0.5215780422231909, 0.4601496550671505,        23,     0.0030740443731622,  0.6388888888888888, False        ,   0.4685179539627068, 0.326171875       , True         ,       0.5178458315747163, 0.1471347510814666, True             ,                   103.0,            0.0137663726276396,                1.0               ,              0.0137663726276396,                 0.5409158176220495,          0.0260625501202886,                             0.0,      0.5783703411321496, 0.1225118264555931, True            ,                 2151.0,           0.2874899759422614,               0.8210134821013482,             0.2360331462175889,                0.1363215037591106,         0.435             ,                            1.0,                16.0,        0.0021384656508954,            1.0               ,          0.0021384656508954,             0.825901393474196 ,      0.0032076984763432,                         0.0
    1008, 11_02        ,          11, test      , bright    , P.aeruginosa, other      , preprocessed_intensity_sigma040/local_flatfield/bright/1008.png, processed_plate_strategy_b_circle/counting_mask/bright/1008.png,  873, 1753,   224,    223,    839,   1719,        292,         291, needs_review  , otsu           , True                       ,                  3, 0.0               ,   0.5468437684985822, 0.4687375073994329,        51,     0.0010209801409352,  0.8947368421052632, False        ,   0.564775660760247 , 0.341796875       , True         ,       0.550886608332109 , 0.1296170949935913, True             ,                    16.0,            0.0003203074951953,                1.0               ,              0.0003203074951953,                 0.2142340555670787,          0.000480461242793 ,                             0.0,      0.5248690364033907, 0.1074898689985275, True            ,                  343.0,           0.0068665919282511,               1.0               ,             0.0068665919282511,                0.4470242342264398,         0.0147541639974375,                            0.0,                51.0,        0.0010209801409352,            1.0               ,          0.0010209801409352,             0.1169383029082011,      0.0011410954516335,                         0.0
    1002, 41           ,          41, train     , bright    , E.coli      , other      , preprocessed_intensity_sigma040/local_flatfield/bright/1002.png, processed_plate_strategy_b_circle/counting_mask/bright/1002.png,  847,  962,    83,     82,    835,    950,        107,         106, needs_review  , consensus      , False                      ,                  3, 0.3046053675728922,   0.5850779703965091, 0.5906430668091159,        67,     0.0098442550690567,  0.8271604938271605, False        ,   0.5554280952843801, 0.349609375       , True         ,       0.5563415908567186, 0.1963055878877639, True             ,                    67.0,            0.0098442550690567,                1.0               ,              0.0098442550690567,                 0.2303173628735444,          0.0119012635909491,                             0.0,      0.6434642250484286, 0.1641861051321029, True            ,                 4454.0,           0.6544225683220688,               0.837449483610238 ,             0.5480458419042021,                0.4115784252882308,         0.6765062231523296,                            1.0,                59.0,        0.0086688216279753,            1.0               ,          0.0086688216279753,             0.2311119845260799,      0.0119012635909491,                         0.0
    1008, 76_01        ,          76, test      , bright    , P.aeruginosa, other      , preprocessed_intensity_sigma040/local_flatfield/bright/1008.png, processed_plate_strategy_b_circle/counting_mask/bright/1008.png, 1416,  758,   204,    202,   1385,    727,        266,         264, needs_review  , consensus      , False                      ,                  3, 0.0005447131696081,   0.5252317127602949, 0.4602833347134808,        70,     0.0016986992816928,  0.0707070707070707, False        ,   0.5179160050431414, 0.093803621828556 , True         ,       0.5604001410943161, 0.0970949009060859, True             ,                    62.0,            0.0015045622209279,                1.0               ,              0.0015045622209279,                 0.153078735454555 ,          0.0036400698893418,                             0.0,      0.497378992143427 , 0.0778764337301254, True            ,                70217.0,           1.703965249466123 ,               0.6100516968825214,             1.0395068918656571,                0.0068728976475355,         0.5868079289131921,                            1.0,                 8.0,        0.0001941370607649,            1.0               ,          0.0001941370607649,             0.453947800845823 ,      0.0003882741215298,                         0.0
    1008, 70_02        ,          70, test      , bright    , P.aeruginosa, other      , preprocessed_intensity_sigma040/local_flatfield/bright/1008.png, processed_plate_strategy_b_circle/counting_mask/bright/1008.png, 1101,  671,    95,     94,   1087,    657,        123,         122, needs_review  , consensus      , False                      ,                  3, 0.2136314246468622,   0.646861864515448 , 0.583515744432581 ,        71,     0.0079507278835386,  0.7888888888888889, False        ,   0.5618021981362818, 0.458984375       , True         ,       0.5638013587572804, 0.1673474460840225, True             ,                    71.0,            0.0079507278835386,                1.0               ,              0.0079507278835386,                 0.1651439381498794,          0.0100783874580067,                             0.0,      0.8149820366527817, 0.1418859809637069, True            ,                 2302.0,           0.2577827547592385,               0.9956559513466552,             0.2566629339305711,                0.0403097115080307,         0.6581798483206934,                            0.0,                42.0,        0.0047032474804031,            1.0               ,          0.0047032474804031,             0.1607375957875713,      0.0062709966405375,                         0.0
    1002, 73           ,          73, train     , bright    , E.coli      , other      , preprocessed_intensity_sigma040/local_flatfield/bright/1002.png, processed_plate_strategy_b_circle/counting_mask/bright/1002.png, 1769, 1128,   160,    160,   1745,   1104,        208,         208, needs_review  , consensus      , False                      ,                  3, 0.0032804445337082,   0.6258594479709881, 0.5014919347751932,        98,     0.003828125       ,  0.4454545454545454, False        ,   0.5781629255744377, 0.501953125       , True         ,       0.5591878443400762, 0.2247247397899627, True             ,                    76.0,            0.00296875        ,                1.0               ,              0.00296875        ,                 0.1694198705526852,          0.00390625        ,                             0.0,      0.7402275739984503, 0.1893774569034576, True            ,                10866.0,           0.424453125       ,               0.917540953432726 ,             0.389453125       ,                0.0061669427958505,         0.5699481865284974,                            1.0,                22.0,        0.000859375       ,            1.0               ,          0.000859375       ,             0.0193932365521318,      0.00234375        ,                         0.0
    1008, 21_02        ,          21, test      , bright    , P.aeruginosa, other      , preprocessed_intensity_sigma040/local_flatfield/bright/1008.png, processed_plate_strategy_b_circle/counting_mask/bright/1008.png,  759, 1272,   186,    185,    731,   1244,        242,         241, needs_review  , consensus      , False                      ,                  3, 0.2730015082956259,   0.542165941722128 , 0.5624169045923202,       181,     0.0052600988084859,  0.2900641025641026, False        ,   0.5145674590199926, 0.494140625       , True         ,       0.5965204114517794, 0.1069934293627739, True             ,                 11845.0,            0.3442313281022958,                0.8644997889404812,              0.2975879104911363,                 0.4840794474689968,          0.5456572182537877,                             1.0,      0.5154099546946117, 0.0880280658602714, True            ,                  221.0,           0.0064225515838419,               1.0               ,             0.0064225515838419,                0.5173259883350421,         0.0196163905841325,                            0.0,               181.0,        0.0052600988084859,            1.0               ,          0.0052600988084859,             0.516586967722728 ,      0.0181342632955536,                         0.0
    1008, 61_02        ,          61, test      , bright    , P.aeruginosa, other      , preprocessed_intensity_sigma040/local_flatfield/bright/1008.png, processed_plate_strategy_b_circle/counting_mask/bright/1008.png, 1482,  324,   115,    115,   1465,    307,        149,         149, needs_review  , consensus      , False                      ,                  3, 0.2969696969696969,   0.5755893782411249, 0.5841751452358439,       294,     0.0222306238185255,  0.328125          , False        ,   0.5756258816302469, 0.408203125       , True         ,       0.5736681303711526, 0.1834713369607925, True             ,                   294.0,            0.0222306238185255,                1.0               ,              0.0222306238185255,                 0.2065185489569325,          0.067750472589792 ,                             0.0,      0.5774741227219752, 0.154354453086853 , True            ,                  330.0,           0.0249527410207939,               1.0               ,             0.0249527410207939,                0.1938956959420142,         0.069867674858223 ,                            0.0,               183.0,        0.0138374291115311,            1.0               ,          0.0138374291115311,             0.2564356759147156,      0.2132325141776937,                         0.0
    1008, 63_02        ,          63, test      , bright    , P.aeruginosa, other      , preprocessed_intensity_sigma040/local_flatfield/bright/1008.png, processed_plate_strategy_b_circle/counting_mask/bright/1008.png, 1462,  278,   105,    104,   1446,    262,        137,         136, needs_review  , consensus      , False                      ,                  3, 0.0543032786885245,   0.5216751780499408, 0.4776762187609599,       318,     0.0291208791208791,  0.093064091308165 , False        ,   0.5475499793760936, 0.419921875       , True         ,       0.4957749136085013, 0.1904598176479339, True             ,                   102.0,            0.0093406593406593,                1.0               ,              0.0093406593406593,                 0.6727772948240512,          0.0164835164835164,                             0.0,      0.5217006411652274, 0.1622225791215896, True            ,                 2372.0,           0.2172161172161172,               0.8199831365935919,             0.1781135531135531,                0.3471537883736869,         0.6122828784119106,                            1.0,               335.0,        0.0306776556776556,            0.9552238805970148,          0.0293040293040293,             0.4987838856557113,      0.3051102648126826,                         0.0
    1002, 85           ,          85, train     , bright    , E.coli      , other      , preprocessed_intensity_sigma040/local_flatfield/bright/1002.png, processed_plate_strategy_b_circle/counting_mask/bright/1002.png, 1184, 1108,    42,     42,   1178,   1102,         54,          54, needs_review  , consensus      , False                      ,                  3, 0.1408003375642545,   0.5535046861207804, 0.5206819925958013,       421,     0.2386621315192743,  0.369298245614035 , False        ,   0.4042375075957251, 0.3053615093231201, True         ,       0.6217436569103277, 0.1602490842342376, True             ,                   176.0,            0.0997732426303854,                1.0               ,              0.0997732426303854,                 0.3130225340294484,          0.1638321995464852,                             0.0,      0.6345328938562883, 0.132474809885025 , True            ,                 1155.0,           0.6547619047619048,               0.8562770562770563,             0.5606575963718821,                0.4516542580663356,         0.578853046594982 ,                            1.0,               296.0,        0.1678004535147392,            0.8851351351351351,          0.1485260770975056,             0.8499082405464978,      0.1962616822429906,                         1.0
    1002, 19           ,          19, train     , bright    , E.coli      , other      , preprocessed_intensity_sigma040/local_flatfield/bright/1002.png, processed_plate_strategy_b_circle/counting_mask/bright/1002.png,  235, 1291,    56,     56,    227,   1283,         72,          72, needs_review  , consensus      , False                      ,                  3, 0.0517448856799037,   0.5731171327860259, 0.4973575631023766,       430,     0.1371173469387755,  0.4761904761904761, False        ,   0.4955516161837371, 0.384765625       , True         ,       0.6383449871707371, 0.1664964705705642, True             ,                   404.0,            0.1288265306122449,                1.0               ,              0.1288265306122449,                 0.349343554194857 ,          0.1808035714285714,                             0.0,      0.5854547950036036, 0.1363863795995712, True            ,                 3526.0,           1.124362244897959 ,               0.7838910947249007,             0.8813775510204082,                0.2784448707580158,         0.6707317073170732,                            1.0,                26.0,        0.0082908163265306,            1.0               ,          0.0082908163265306,             0.6710976729988745,      0.0191326530612244,                         0.0
    1002, 9            ,           9, train     , bright    , E.coli      , other      , preprocessed_intensity_sigma040/local_flatfield/bright/1002.png, processed_plate_strategy_b_circle/counting_mask/bright/1002.png,  134, 1059,    75,     74,    123,   1048,         97,          96, auto_candidate, consensus      , False                      ,                  3, 0.3709075117790898,   0.4912387558972635, 0.5763131314815868,       486,     0.0875675675675675,  0.5192307692307693, False        ,   0.4339291585583321, 0.3267692923545837, True         ,       0.4507102486976829, 0.1999339014291763, True             ,                   599.0,            0.1079279279279279,                0.8163606010016694,              0.0881081081081081,                 0.0353195250421321,          0.1887755102040816,                             1.0,      0.5890768604357756, 0.1648208051919937, True            ,                 4817.0,           0.867927927927928 ,               0.7664521486402325,             0.6652252252252252,                0.3504588537429672,         0.6285081240768094,                            1.0,               534.0,        0.0962162162162162,            0.8014981273408239,          0.0771171171171171,             0.0549521321267972,      0.1768521679754182,                         1.0
    1002, 18           ,          18, train     , bright    , E.coli      , other      , preprocessed_intensity_sigma040/local_flatfield/bright/1002.png, processed_plate_strategy_b_circle/counting_mask/bright/1002.png,  233, 1266,    56,     56,    225,   1258,         72,          72, needs_review  , consensus      , False                      ,                  3, 0.0605947955390334,   0.566312250545557 , 0.4977330786568845,       489,     0.1559311224489795,  0.4366071428571428, False        ,   0.4619468238753397, 0.373046875       , True         ,       0.6710512251315836, 0.1590550243854522, True             ,                   462.0,            0.1473214285714285,                1.0               ,              0.1473214285714285,                 0.205256443732997 ,          0.1836734693877551,                             0.0,      0.5659387026297474, 0.1294851303100586, True            ,                 3723.0,           1.1871811224489797,               0.7241471931238249,             0.8596938775510204,                0.2345371138388311,         0.6608391608391608,                            1.0,                27.0,        0.008609693877551 ,            1.0               ,          0.008609693877551 ,             0.920514230670886 ,      0.0229591836734693,                         0.0
    1008, 64_02        ,          64, test      , bright    , P.aeruginosa, other      , preprocessed_intensity_sigma040/local_flatfield/bright/1008.png, processed_plate_strategy_b_circle/counting_mask/bright/1008.png, 1338,  333,    96,     94,   1324,    319,        124,         122, needs_review  , consensus      , False                      ,                  3, 0.224             ,   0.5611637927918464, 0.5528655171167386,       503,     0.0557402482269503,  0.5821759259259259, False        ,   0.4692242164283274, 0.517578125       , True         ,       0.6130376828223323, 0.2948491871356964, True             ,                   673.0,            0.0745789007092198,                1.0               ,              0.0745789007092198,                 0.2302071131215706,          0.1356382978723404,                             0.0,      0.6012294791248792, 0.2570957839488983, True            ,                  581.0,           0.0643838652482269,               1.0               ,             0.0643838652482269,                0.2407020882040464,         0.1017287234042553,                            0.0,                48.0,        0.0053191489361702,            1.0               ,          0.0053191489361702,             0.8388115522944314,      0.0062056737588652,                         0.0
    1001, 3_01         ,           3, train     , bright    , P.aeruginosa, other      , preprocessed_intensity_sigma040/local_flatfield/bright/1001.png, processed_plate_strategy_b_circle/counting_mask/bright/1001.png, 1846,  851,    52,     49,   1838,    843,         68,          65, needs_review  , consensus      , False                      ,                  3, 0.1259680733364943,   0.5860722450455013, 0.5285177236859735,       523,     0.2052590266875981,  0.2902330743618202, False        ,   0.5202212462410447, 0.3137944340705871, True         ,       0.5462882530576721, 0.1976231038570404, True             ,                   141.0,            0.0553375196232339,                1.0               ,              0.0553375196232339,                 0.6021182402578926,          0.1098901098901098,                             0.0,      0.6917072358377866, 0.1646179407835006, True            ,                 1576.0,           0.6185243328100472,               0.866751269035533 ,             0.5361067503924647,                0.2062352296329176,         0.6978787878787879,                            1.0,               520.0,        0.2040816326530612,            0.8365384615384616,          0.1707221350078493,             0.1571915813140055,      0.3567961165048544,                         1.0
    1008, 9_02         ,           9, test      , bright    , P.aeruginosa, other      , preprocessed_intensity_sigma040/local_flatfield/bright/1008.png, processed_plate_strategy_b_circle/counting_mask/bright/1008.png, 1181, 1858,    95,     94,   1167,   1844,        123,         122, needs_review  , consensus      , False                      ,                  3, 0.0711688254013383,   0.5798062896290411, 0.5068316047420849,       528,     0.0591265397536394,  0.4444444444444444, False        ,   0.5313047042621734, 0.392578125       , True         ,       0.6154727705348209, 0.164052814245224 , True             ,                   659.0,            0.0737961926091825,                1.0               ,              0.0737961926091825,                 0.1974196687302359,          0.1203807390817469,                             0.0,      0.5926413940901292, 0.1367996931076049, True            ,                 2732.0,           0.3059350503919373,               0.8587115666178624,             0.2627099664053751,                0.2901070325858635,         0.5144404332129964,                            1.0,                16.0,        0.0017917133258678,            1.0               ,          0.0017917133258678,             0.3662981423046523,      0.0031354983202687,                         0.0
    1002, 102          ,         102, train     , bright    , E.coli      , other      , preprocessed_intensity_sigma040/local_flatfield/bright/1002.png, processed_plate_strategy_b_circle/counting_mask/bright/1002.png, 1011, 1056,    42,     42,   1005,   1050,         54,          54, auto_candidate, consensus      , False                      ,                  2, 0.3650137741046832,   0.6962365369140817, 0.5729161023689384,       530,     0.300453514739229 ,  0.5824175824175825, False        ,   0.0499323442669615, 0.301845908164978 , False        ,       0.8005131143664646, 0.1365838348865509, True             ,                   530.0,            0.300453514739229 ,                1.0               ,              0.300453514739229 ,                 0.236084629709324 ,          0.4724669603524229,                             0.0,      0.5919599594616989, 0.1109396815299987, True            ,                 1795.0,           1.0175736961451247,               0.8122562674094708,             0.826530612244898 ,                0.3146112161300824,         0.6049382716049383,                            1.0,                61.0,        0.0345804988662131,            0.3770491803278688,          0.0130385487528344,             1.3658092653802556,      0.0054824561403508,                         1.0
    1002, 106          ,         106, train     , bright    , E.coli      , other      , preprocessed_intensity_sigma040/local_flatfield/bright/1002.png, processed_plate_strategy_b_circle/counting_mask/bright/1002.png, 1073, 1052,    42,     43,   1067,   1046,         54,          55, needs_review  , consensus      , False                      ,                  3, 0.2394179894179894,   0.5127953275257252, 0.5389144273065863,       543,     0.3006644518272425,  0.6040044493882091, False        ,   0.2714324522551883, 0.3312653303146362, True         ,       0.5967285791594816, 0.1473017781972885, True             ,                   637.0,            0.3527131782945736,                0.8681318681318682,              0.3062015503875969,                 0.4556758441624566,          0.4380664652567976,                             1.0,      0.6702249511625055, 0.1212858334183693, True            ,                  853.0,           0.4723145071982281,               0.88042203985932  ,             0.4158361018826135,                0.4532851028338996,         0.5269461077844312,                            1.0,               245.0,        0.1356589147286821,            0.6979591836734694,          0.0946843853820598,             1.1108202734538573,      0.1345029239766081,                         1.0
    1002, 140          ,         140, train     , bright    , E.coli      , other      , preprocessed_intensity_sigma040/local_flatfield/bright/1002.png, processed_plate_strategy_b_circle/counting_mask/bright/1002.png, 1266,  166,   109,    110,   1250,    150,        141,         142, needs_review  , consensus      , False                      ,                  3, 0.0265156876621844,   0.5408292736683872, 0.4756122001491194,       562,     0.0468723936613844,  0.1773989898989899, False        ,   0.4955152760201096, 0.451171875       , True         ,       0.5506555956785888, 0.2040569335222244, True             ,                   524.0,            0.0437030859049207,                1.0               ,              0.0437030859049207,                 0.4967870861932056,          0.0887406171809841,                             0.0,      0.576316949306463 , 0.1685505658388137, True            ,                10059.0,           0.8389491242702252,               0.7046426086092057,             0.5911592994161802,                0.346603575240568 ,         0.6699560166911018,                            1.0,                38.0,        0.0031693077564637,            1.0               ,          0.0031693077564637,             0.636960062713235 ,      0.0070058381984987,                         0.0
    1002, 10           ,          10, train     , bright    , E.coli      , other      , preprocessed_intensity_sigma040/local_flatfield/bright/1002.png, processed_plate_strategy_b_circle/counting_mask/bright/1002.png,  118, 1122,   114,    109,    101,   1105,        148,         143, needs_review  , consensus      , False                      ,                  3, 0.0339604780499349,   0.5659155074741128, 0.4882523703071223,       574,     0.0461934653146628,  0.1456113647894469, False        ,   0.5059531824122154, 0.376953125       , True         ,       0.5530041766779884, 0.1899100095033645, True             ,                   542.0,            0.0436182198615805,                1.0               ,              0.0436182198615805,                 0.4905819892444467,          0.104297440849831 ,                             0.0,      0.6387891633321346, 0.1584570854902267, True            ,                 7052.0,           0.5675197167230002,               0.800482132728304 ,             0.4542893932077901,                0.3837264835204498,         0.6163633150733345,                            1.0,                32.0,        0.0025752454530822,            1.0               ,          0.0025752454530822,             0.5565913409866614,      0.0052309673265733,                         0.0
    1002, 26           ,          26, train     , bright    , E.coli      , other      , preprocessed_intensity_sigma040/local_flatfield/bright/1002.png, processed_plate_strategy_b_circle/counting_mask/bright/1002.png,  211, 1421,    68,     69,    201,   1411,         88,          89, needs_review  , consensus      , False                      ,                  3, 0.0565833645835619,   0.5639207870397464, 0.4953724924201452,       603,     0.1285166240409207,  0.3516034985422741, False        ,   0.4484506520256712, 0.542356014251709 , True         ,       0.6791934864547096, 0.2578236162662506, True             ,                   631.0,            0.1344842284739983,                1.0               ,              0.1344842284739983,                 0.1786685319854351,          0.3164961636828644,                             0.0,      0.5641182226388582, 0.2135916501283645, True            ,                 5058.0,           1.078005115089514 ,               0.697508896797153 ,             0.7519181585677749,                0.1927217848995162,         0.5990806945863125,                            1.0,                11.0,        0.0023444160272804,            1.0               ,          0.0023444160272804,             0.974022495535636 ,      0.0042625745950554,                         0.0
    1002, 25           ,          25, train     , bright    , E.coli      , other      , preprocessed_intensity_sigma040/local_flatfield/bright/1002.png, processed_plate_strategy_b_circle/counting_mask/bright/1002.png,  229, 1389,   100,     90,    214,   1374,        130,         120, needs_review  , consensus      , False                      ,                  3, 0.0384892086330935,   0.5347338372014547, 0.4773647579021646,       642,     0.0713333333333333,  0.1621212121212121, False        ,   0.5296176759253959, 0.369140625       , True         ,       0.4922044444688006, 0.1981340050697326, True             ,                   676.0,            0.0751111111111111,                0.9363905325443788,              0.0703333333333333,                 0.9464540020136204,          0.1336835334476843,                             0.0,      0.5823793912101678, 0.1642562448978424, True            ,                 8422.0,           0.9357777777777778,               0.6631441462835431,             0.6205555555555555,                0.078324957708875 ,         0.6147540983606558,                            1.0,                10.0,        0.0011111111111111,            1.0               ,          0.0011111111111111,             0.3745367509040705,      0.0022222222222222,                         0.0
    1008, 97_01        ,          97, test      , bright    , P.aeruginosa, other      , preprocessed_intensity_sigma040/local_flatfield/bright/1008.png, processed_plate_strategy_b_circle/counting_mask/bright/1008.png,  931,   81,    95,     94,    917,     67,        123,         122, needs_review  , consensus      , False                      ,                  3, 0.2045454545454545,   0.5934251172998372, 0.558960956010844 ,       645,     0.0722284434490481,  0.5193236714975845, False        ,   0.4668639291542631, 0.373046875       , True         ,       0.6694557780943001, 0.1585676968097686, True             ,                   995.0,            0.1114221724524076,                1.0               ,              0.1114221724524076,                 0.0242365232923739,          0.1651735722284434,                             0.0,      0.6439556446509479, 0.1322154253721237, True            ,                  691.0,           0.0773796192609182,               1.0               ,             0.0773796192609182,                0.0344800334368034,         0.1572228443449048,                            0.0,                20.0,        0.0022396416573348,            1.0               ,          0.0022396416573348,             0.8380876738975864,      0.0026875699888017,                         0.0
    1002, 104          ,         104, train     , bright    , E.coli      , other      , preprocessed_intensity_sigma040/local_flatfield/bright/1002.png, processed_plate_strategy_b_circle/counting_mask/bright/1002.png, 1033, 1061,    56,     56,   1025,   1053,         72,          72, auto_candidate, consensus      , False                      ,                  2, 0.3016317016317016,   0.6628782452414541, 0.5373890603343439,       647,     0.206313775510204 ,  0.6846560846560846, False        ,   0.0               , 0.1871936321258545, False        ,       0.7316492101297978, 0.1092585101723671, True             ,                   647.0,            0.206313775510204 ,                1.0               ,              0.206313775510204 ,                 0.1436096367850397,          0.3013392857142857,                             0.0,      0.5941072803531104, 0.0881608203053474, True            ,                 2539.0,           0.8096301020408163,               0.8235525797558094,             0.6667729591836735,                0.4762544697033291,         0.5825242718446602,                            1.0,                    ,                          ,                              ,                            ,                               ,                        ,                          
    1002, 72           ,          72, train     , bright    , E.coli      , other      , preprocessed_intensity_sigma040/local_flatfield/bright/1002.png, processed_plate_strategy_b_circle/counting_mask/bright/1002.png, 1611, 1497,   145,    145,   1589,   1475,        189,         189, needs_review  , consensus      , False                      ,                  3, 0.021473085989215 ,   0.5637474361494427, 0.4830145545560023,       665,     0.031629013079667 ,  0.2805907172995781, False        ,   0.4705916212378714, 0.478515625       , True         ,       0.5247648575373254, 0.1855652332305908, True             ,                   646.0,            0.0307253269916765,                1.0               ,              0.0307253269916765,                 0.5977155107868569,          0.0570749108204518,                             0.0,      0.6958858296731313, 0.1544253975152969, True            ,                12337.0,           0.5867776456599286,               0.8381292048309962,             0.49179548156956  ,                0.0681626914789925,         0.5885893452031018,                            1.0,                11.0,        0.0005231866825208,            1.0               ,          0.0005231866825208,             0.8012475409501834,      0.0011890606420927,                         0.0
    1002, 86           ,          86, train     , bright    , E.coli      , other      , preprocessed_intensity_sigma040/local_flatfield/bright/1002.png, processed_plate_strategy_b_circle/counting_mask/bright/1002.png, 1157, 1103,    47,     47,   1150,   1096,         61,          61, needs_review  , consensus      , False                      ,                  3, 0.1905160390516038,   0.5845529937625028, 0.5505018111730625,       683,     0.3091896785875962,  0.3891737891737892, False        ,   0.3412301444788389, 0.2953125238418579, True         ,       0.7136140358929615, 0.1432083994150161, True             ,                   409.0,            0.1851516523313716,                1.0               ,              0.1851516523313716,                 0.207244325973094 ,          0.3531009506564056,                             0.0,      0.6988148009157082, 0.1183815822005271, True            ,                 1278.0,           0.5785423268447262,               0.931924882629108 ,             0.5391579900407424,                0.3109355337263987,         0.5903954802259888,                            1.0,               352.0,        0.1593481213218651,            0.7897727272727273,          0.1258488003621548,             0.9722089319048892,      0.150138285262742 ,                         1.0
    1008, 8_02         ,           8, test      , bright    , P.aeruginosa, other      , preprocessed_intensity_sigma040/local_flatfield/bright/1008.png, processed_plate_strategy_b_circle/counting_mask/bright/1008.png, 1227, 1848,    86,     86,   1214,   1835,        112,         112, needs_review  , consensus      , False                      ,                  3, 0.0941192635339379,   0.5132171955473307, 0.4882286204558105,       684,     0.0924824229313142,  0.5368916797488226, False        ,   0.2568321508266032, 0.451171875       , True         ,       0.6654570869352887, 0.1562600135803222, True             ,                   856.0,            0.1157382368848026,                1.0               ,              0.1157382368848026,                 0.1225897453433925,          0.2305300162249864,                             0.0,      0.6173623488801   , 0.1304466277360916, True            ,                 2621.0,           0.354380746349378 ,               0.8626478443342236,             0.3057057869118442,                0.3615397060491036,         0.5277272727272727,                            1.0,               398.0,        0.0538128718226068,            0.678391959798995 ,          0.0365062195781503,             0.856265207701361 ,      0.2093121693121693,                         1.0
    1002, 79           ,          79, train     , bright    , E.coli      , other      , preprocessed_intensity_sigma040/local_flatfield/bright/1002.png, processed_plate_strategy_b_circle/counting_mask/bright/1002.png, 1357, 1061,   132,    132,   1337,   1041,        172,         172, needs_review  , consensus      , False                      ,                  3, 0.0394766023508538,   0.6442570803536317, 0.5215196429642515,       712,     0.0408631772268135,  0.1842650103519668, False        ,   0.5068224917930606, 0.474609375       , True         ,       0.5701820573475219, 0.2257982790470123, True             ,                   428.0,            0.0245638200183654,                1.0               ,              0.0245638200183654,                 0.2644861484753432,          0.0964187327823691,                             0.0,      0.8557666919203125, 0.1926228553056717, True            ,                 6012.0,           0.3450413223140496,               1.0               ,             0.3450413223140496,                0.0562531159047458,         0.4731978879706152,                            0.0,               284.0,        0.0162993572084481,            1.0               ,          0.0162993572084481,             0.6360234612064981,      0.0289256198347107,                         0.0
    1008, 10_02        ,          10, test      , bright    , P.aeruginosa, other      , preprocessed_intensity_sigma040/local_flatfield/bright/1008.png, processed_plate_strategy_b_circle/counting_mask/bright/1008.png, 1048, 1856,   115,    115,   1031,   1839,        149,         149, needs_review  , consensus      , False                      ,                  3, 0.1221405341981023,   0.5449491956909798, 0.5107288652457278,       717,     0.0542155009451795,  0.3628542510121457, False        ,   0.5152233587395313, 0.345703125       , True         ,       0.633314270868636 , 0.1464480906724929, True             ,                   890.0,            0.0672967863894139,                1.0               ,              0.0672967863894139,                 0.0331222639591144,          0.1179584120982986,                             0.0,      0.4863099574647721, 0.1221573948860168, True            ,                 1923.0,           0.145406427221172 ,               0.90535621424857  ,             0.1316446124763705,                0.2811197448914447,         0.3082262387464779,                            1.0,                70.0,        0.0052930056710775,            1.0               ,          0.0052930056710775,             0.5053619519900494,      0.0090737240075614,                         0.0
    1008, 56_02        ,          56, test      , bright    , P.aeruginosa, other      , preprocessed_intensity_sigma040/local_flatfield/bright/1008.png, processed_plate_strategy_b_circle/counting_mask/bright/1008.png, 1018,  911,    79,     78,   1006,    899,        103,         102, needs_review  , consensus      , False                      ,                  3, 0.2849961330239752,   0.6149348711770437, 0.5957225950292089,       737,     0.1196040246673158,  0.3499525166191833, False        ,   0.6164100464402322, 0.478515625       , True         ,       0.6357185530201318, 0.2442298084497451, True             ,                   862.0,            0.1398896462187601,                1.0               ,              0.1398896462187601,                 0.5652205912256925,          0.3748782862706913,                             0.0,      0.5926760140707673, 0.2092807292938232, True            ,                  567.0,           0.0920155793573515,               0.9911816578483243,             0.0912041544952937,                0.5870660074331232,         0.3340134986658295,                            0.0,               732.0,        0.118792599805258 ,            1.0               ,          0.118792599805258 ,             0.5765820063460786,      0.3417721518987341,                         0.0
    1002, 150          ,         150, train     , bright    , E.coli      , other      , preprocessed_intensity_sigma040/local_flatfield/bright/1002.png, processed_plate_strategy_b_circle/counting_mask/bright/1002.png, 1497,  288,   103,     90,   1482,    273,        133,         120, needs_review  , consensus      , False                      ,                  3, 0.0323569333158194,   0.57805642489709  , 0.4925474966193728,       739,     0.0797195253505933,  0.1821992110453648, False        ,   0.4782647348629596, 0.541015625       , True         ,       0.643379852295123 , 0.2317723333835601, True             ,                   728.0,            0.0785329018338727,                1.0               ,              0.0785329018338727,                 0.1833884251908444,          0.3477885652642934,                             0.0,      0.6125246875331872, 0.1912027150392532, True            ,                 9791.0,           1.056202804746494 ,               0.7761209273822899,             0.8197411003236246,                0.0339065600447432,         0.5808270676691729,                            1.0,                11.0,        0.0011866235167206,            1.0               ,          0.0011866235167206,             0.7497082408491524,      0.0026968716289104,                         0.0
    1002, 115          ,         115, train     , bright    , E.coli      , other      , preprocessed_intensity_sigma040/local_flatfield/bright/1002.png, processed_plate_strategy_b_circle/counting_mask/bright/1002.png, 1194, 1014,    82,     82,   1182,   1002,        106,         106, auto_candidate, consensus      , False                      ,                  3, 0.3596725599716875,   0.6086782680452296, 0.6193567032081825,       747,     0.1110945865556216,  0.3406292749658002, False        ,   0.5574927989959841, 0.388671875       , True         ,       0.6298641087032677, 0.283153235912323 , True             ,                   747.0,            0.1110945865556216,                1.0               ,              0.1110945865556216,                 0.4286659930154725,          0.3261451516954194,                             0.0,      0.638677896436437 , 0.2417117059230804, True            ,                 2513.0,           0.3737358715050565,               0.8670911261440509,             0.3240630577037477,                0.3921738836885926,         0.6377079482439926,                            1.0,               409.0,        0.0608268887566924,            1.0               ,          0.0608268887566924,             0.5405595288799857,      0.0999405116002379,                         0.0
    1002, 16           ,          16, train     , bright    , E.coli      , other      , preprocessed_intensity_sigma040/local_flatfield/bright/1002.png, processed_plate_strategy_b_circle/counting_mask/bright/1002.png,  230, 1222,    46,     46,    223,   1215,         60,          60, auto_candidate, consensus      , False                      ,                  2, 0.3592785951589938,   0.6843934848727702, 0.5661715689214226,       757,     0.357750472589792 ,  0.6571180555555556, False        ,   0.0               , 0.3595741391181946, False        ,       0.8057522922425941, 0.1468475013971328, True             ,                   786.0,            0.3714555765595463,                0.9631043256997456,              0.357750472589792 ,                 0.4352613621037519,          0.470383275261324 ,                             0.0,      0.5630346775029462, 0.1187093555927276, True            ,                 2931.0,           1.3851606805293006,               0.7209143636983965,             0.9985822306238186,                0.1154153830954732,         0.5877777777777777,                            1.0,                    ,                          ,                              ,                            ,                               ,                        ,                          
    1008, 67_02        ,          67, test      , bright    , P.aeruginosa, other      , preprocessed_intensity_sigma040/local_flatfield/bright/1008.png, processed_plate_strategy_b_circle/counting_mask/bright/1008.png, 1184,  501,    78,     78,   1172,    489,        102,         102, needs_review  , consensus      , False                      ,                  3, 0.1415424259157003,   0.6746879037707179, 0.5694150105787823,       769,     0.1263971071663379,  0.3627358490566038, False        ,   0.5552626351356095, 0.439453125       , True         ,       0.628491060817569 , 0.1593037396669387, True             ,                   625.0,            0.1027284681130835,                1.0               ,              0.1027284681130835,                 0.3221063353238379,          0.2235371466140697,                             0.0,      0.8403100153589751, 0.1330638378858566, True            ,                 1811.0,           0.2976660092044707,               1.0               ,             0.2976660092044707,                0.0674912785391946,         0.6583011583011583,                            0.0,               144.0,        0.0236686390532544,            1.0               ,          0.0236686390532544,             0.3453619628747305,      0.064266929651545 ,                         0.0
    1002, 14           ,          14, train     , bright    , E.coli      , other      , preprocessed_intensity_sigma040/local_flatfield/bright/1002.png, processed_plate_strategy_b_circle/counting_mask/bright/1002.png,  221, 1181,    62,     61,    212,   1172,         80,          79, needs_review  , consensus      , False                      ,                  2, 0.2833104395604395,   0.641805903345084 , 0.5225476818508541,       825,     0.2181385510312004,  0.6490952006294256, False        ,   0.0               , 0.470703125       , False        ,       0.7441810994149395, 0.1321053653955459, True             ,                   864.0,            0.2284505552617662,                1.0               ,              0.2284505552617662,                 0.2059617855656438,          0.360655737704918 ,                             0.0,      0.5394307072752286, 0.1070512384176254, True            ,                 4029.0,           1.065309360126917 ,               0.7148175725986597,             0.7615018508725542,                0.3915557303831338,         0.556093023255814 ,                            1.0,                    ,                          ,                              ,                            ,                               ,                        ,                          
    1008, 71_02        ,          71, test      , bright    , P.aeruginosa, other      , preprocessed_intensity_sigma040/local_flatfield/bright/1008.png, processed_plate_strategy_b_circle/counting_mask/bright/1008.png, 1028,  712,    79,     78,   1016,    700,        103,         102, needs_review  , consensus      , False                      ,                  3, 0.115343955451008 ,   0.5576733927894457, 0.5134397415236311,       887,     0.143946770529049 ,  0.5156976744186047, False        ,   0.5236095314882901, 0.466796875       , True         ,       0.6567147099229291, 0.1426501423120498, True             ,                   851.0,            0.138104511522233 ,                1.0               ,              0.138104511522233 ,                 0.2948216315285775,          0.2262252515417072,                             0.0,      0.4926959369571179, 0.1200466156005859, True            ,                 4545.0,           0.737585199610516 ,               0.5606160616061606,             0.4135021097046413,                0.4945648096802564,         0.586521987435751 ,                            1.0,                48.0,        0.0077896786757546,            1.0               ,          0.0077896786757546,             0.4585767273405253,      0.0116845180136319,                         0.0
    1002, 27           ,          27, train     , bright    , E.coli      , other      , preprocessed_intensity_sigma040/local_flatfield/bright/1002.png, processed_plate_strategy_b_circle/counting_mask/bright/1002.png,  218, 1439,    99,    100,    203,   1424,        129,         130, needs_review  , consensus      , False                      ,                  3, 0.0501203196085335,   0.5803490587729861, 0.4996817353721812,       959,     0.0968686868686868,  0.3289879931389365, False        ,   0.4941549083099314, 0.521484375       , True         ,       0.6194119676380094, 0.2332250773906707, True             ,                   912.0,            0.0921212121212121,                1.0               ,              0.0921212121212121,                 0.3177655698673478,          0.1993939393939394,                             0.0,      0.6274803003710175, 0.1941083073616027, True            ,                 7806.0,           0.7884848484848485,               0.819369715603382 ,             0.6460606060606061,                0.249975535462777 ,         0.590339892665474 ,                            1.0,                14.0,        0.0014141414141414,            1.0               ,          0.0014141414141414,             0.6356629218936563,      0.0036363636363636,                         0.0
    1002, 17           ,          17, train     , bright    , E.coli      , other      , preprocessed_intensity_sigma040/local_flatfield/bright/1002.png, processed_plate_strategy_b_circle/counting_mask/bright/1002.png,  213, 1231,    61,     62,    204,   1222,         79,          80, needs_review  , consensus      , False                      ,                  3, 0.1311067452521283,   0.6035823728233052, 0.537320309967567 ,      1001,     0.2646747752511898,  0.4010416666666667, False        ,   0.5211168388191197, 0.435546875       , True         ,       0.724532099044835 , 0.1616977006196975, True             ,                   898.0,            0.2374405076679006,                1.0               ,              0.2374405076679006,                 0.3983438512649874,          0.3664727657324167,                             0.0,      0.565098180605961 , 0.1334523111581802, True            ,                 3505.0,           0.926758328926494 ,               0.729243937232525 ,             0.6758328926493918,                0.4192210202189574,         0.6753571428571429,                            1.0,               103.0,        0.0272342675832892,            1.0               ,          0.0272342675832892,             0.6310200879018675,      0.0901639344262295,                         0.0
    1008, 100_01       ,         100, test      , bright    , P.aeruginosa, other      , preprocessed_intensity_sigma040/local_flatfield/bright/1008.png, processed_plate_strategy_b_circle/counting_mask/bright/1008.png,  775,  102,   105,    105,    759,     86,        137,         137, needs_review  , consensus      , False                      ,                  3, 0.2694027887398053,   0.5981507702806138, 0.5835512841711774,      1024,     0.0928798185941043,  0.6117084826762246, False        ,   0.4921825654346578, 0.361328125       , True         ,       0.6571429422615477, 0.1572265177965164, True             ,                  1215.0,            0.110204081632653 ,                1.0               ,              0.110204081632653 ,                 0.1351184269619301,          0.2024489795918367,                             0.0,      0.6451268031456361, 0.1310844123363495, True            ,                 1076.0,           0.0975963718820861,               1.0               ,             0.0975963718820861,                0.1229095354111002,         0.1518367346938775,                            0.0,                65.0,        0.0058956916099773,            1.0               ,          0.0058956916099773,             0.6870212334469484,      0.0236734693877551,                         0.0
    1008, 96_01        ,          96, test      , bright    , P.aeruginosa, other      , preprocessed_intensity_sigma040/local_flatfield/bright/1008.png, processed_plate_strategy_b_circle/counting_mask/bright/1008.png, 1007,   96,   116,    114,    990,     79,        150,         148, needs_review  , consensus      , False                      ,                  3, 0.1133342408327917,   0.5800913176452992, 0.5217035113495968,      1025,     0.0775105868118572,  0.2711640211640211, False        ,   0.573018494488739 , 0.333984375       , True         ,       0.5791824231967918, 0.1329141557216644, True             ,                   772.0,            0.05837870538415  ,                1.0               ,              0.05837870538415  ,                 0.3855379130193486,          0.1209921355111917,                             0.0,      0.5880730352503666, 0.1109254658222198, True            ,                 3223.0,           0.2437235329703569,               0.8910952528699969,             0.2171808832425892,                0.0406811183457931,         0.4023479188900747,                            1.0,               545.0,        0.0412129461584997,            0.9486238532110092,          0.0390955837870538,             0.1818398344622838,      0.0772461376931153,                         0.0
    1002, 21           ,          21, train     , bright    , E.coli      , other      , preprocessed_intensity_sigma040/local_flatfield/bright/1002.png, processed_plate_strategy_b_circle/counting_mask/bright/1002.png,  260, 1235,    61,     62,    251,   1226,         79,          80, needs_review  , consensus      , False                      ,                  3, 0.2831228956228956,   0.5888079057571374, 0.5846161757708684,      1056,     0.2792173453199365,  0.7058823529411765, False        ,   0.5244807940901307, 0.1408701241016388, True         ,       0.6962499784803403, 0.1399137526750564, True             ,                   579.0,            0.1530936012691697,                1.0               ,              0.1530936012691697,                 0.0868288942812451,          0.2337387625594923,                             0.0,      0.545692944700941 , 0.1125098764896392, True            ,                 5554.0,           1.4685351665785298,               0.6510622974432841,             0.9561078794288737,                0.0495510205929529,         0.5984177215189873,                            1.0,              1089.0,        0.2879428873611845,            0.8558310376492194,          0.2464304600740349,             0.5599240231327488,      0.3316989458200539,                         1.0
    1008, 3_06         ,           3, test      , bright    , P.aeruginosa, other      , preprocessed_intensity_sigma040/local_flatfield/bright/1008.png, processed_plate_strategy_b_circle/counting_mask/bright/1008.png, 1868,  949,   116,    115,   1851,    932,        150,         149, needs_review  , consensus      , False                      ,                  3, 0.1327903245711465,   0.5598444982804591, 0.5204144129120849,      1073,     0.0804347826086956,  0.6293255131964809, False        ,   0.4983076523216373, 0.423828125       , True         ,       0.6529162260300625, 0.1579602807760238, True             ,                  1301.0,            0.0975262368815592,                1.0               ,              0.0975262368815592,                 0.0795085557899418,          0.1706896551724138,                             0.0,      0.5283096164896777, 0.1316400021314621, True            ,                 2751.0,           0.2062218890554722,               0.9018538713195202,             0.1859820089955022,                0.2974521966142395,         0.3618288927567278,                            1.0,                 8.0,        0.000599700149925 ,            1.0               ,          0.000599700149925 ,             0.5993222384975014,      0.0008995502248875,                         0.0
    1004, 1_04         ,           1, train     , bright    , P.aeruginosa, other      , preprocessed_intensity_sigma040/local_flatfield/bright/1004.png, processed_plate_strategy_b_circle/counting_mask/bright/1004.png, 1587, 1596,    63,     63,   1578,   1587,         81,          81, needs_review  , consensus      , False                      ,                  3, 0.1769557358594556,   0.6214047592518502, 0.5604964112515496,      1091,     0.2748803224993701,  0.2430385386500334, False        ,   0.5220342321500097, 0.384765625       , True         ,       0.6299012192134062, 0.1994548887014389, True             ,                  1267.0,            0.3192239858906525,                0.8642462509865825,              0.2758881330309902,                 0.1642580061534663,          0.6049382716049383,                             1.0,      0.7122788263921349, 0.1677058190107345, True            ,                 2449.0,           0.6170319979843789,               0.8999591670069416,             0.5553036029226506,                0.0733589212314452,         0.6049382716049383,                            1.0,                26.0,        0.0065507684555303,            1.0               ,          0.0065507684555303,             0.4656483100973099,      0.0141093474426807,                         0.0
    1002, 80           ,          80, train     , bright    , E.coli      , other      , preprocessed_intensity_sigma040/local_flatfield/bright/1002.png, processed_plate_strategy_b_circle/counting_mask/bright/1002.png, 1245, 1078,   102,    105,   1229,   1062,        134,         137, needs_review  , consensus      , False                      ,                  3, 0.1696833581768967,   0.6411821435500894, 0.5658620327819497,      1178,     0.1099906629318394,  0.5021312872975278, False        ,   0.54701093360041  , 0.431640625       , True         ,       0.629725862382015 , 0.2318852394819259, True             ,                  1161.0,            0.1084033613445378,                1.0               ,              0.1084033613445378,                 0.318951534510225 ,          0.1927170868347339,                             0.0,      0.7468096346678434, 0.1975552439689636, True            ,                 2292.0,           0.2140056022408963,               1.0               ,             0.2140056022408963,                0.0960072708156751,         0.3350140056022408,                            0.0,                43.0,        0.0040149393090569,            1.0               ,          0.0040149393090569,             0.2649400954866015,      0.0059757236227824,                         0.0
    1002, 8            ,           8, train     , bright    , E.coli      , other      , preprocessed_intensity_sigma040/local_flatfield/bright/1002.png, processed_plate_strategy_b_circle/counting_mask/bright/1002.png,  174, 1032,    75,     74,    163,   1021,         97,          96, needs_review  , consensus      , False                      ,                  3, 0.0986306476323213,   0.5895648796472758, 0.5203466785302228,      1180,     0.2126126126126126,  0.4737053392211963, False        ,   0.502593579670795 , 0.3738510906696319, True         ,       0.7300042225906352, 0.1732422113418579, True             ,                  1167.0,            0.2102702702702702,                1.0               ,              0.2102702702702702,                 0.1854096507170591,          0.3151351351351351,                             0.0,      0.5360968366803969, 0.1431183367967605, True            ,                 6366.0,           1.147027027027027 ,               0.6288092994030788,             0.7212612612612612,                0.1878519566759685,         0.5960051546391752,                            1.0,                17.0,        0.003063063063063 ,            1.0               ,          0.003063063063063 ,             0.5833874471994183,      0.005045045045045 ,                         0.0
    1002, 11           ,          11, train     , bright    , E.coli      , other      , preprocessed_intensity_sigma040/local_flatfield/bright/1002.png, processed_plate_strategy_b_circle/counting_mask/bright/1002.png,  169, 1097,    82,     82,    157,   1085,        106,         106, needs_review  , consensus      , False                      ,                  3, 0.0825039558559571,   0.5324281701875347, 0.4918476526245989,      1184,     0.1760856632956573,  0.3299888517279821, False        ,   0.3707896441649126, 0.2819546461105346, True         ,       0.6651800538801175, 0.1899311989545822, True             ,                   956.0,            0.1421772754312909,                1.0               ,              0.1421772754312909,                 0.2810590555895632,          0.264128494943486 ,                             0.0,      0.5613148125175741, 0.15512315928936  , True            ,                 6955.0,           1.0343545508625818,               0.688569374550683 ,             0.7122248661511006,                0.2162192015165728,         0.598433606265575 ,                            1.0,               269.0,        0.0400059488399762,            0.8810408921933085,          0.0352468768590124,             0.4407237955932762,      0.1543818920487522,                         1.0
    1002, 135          ,         135, train     , bright    , E.coli      , other      , preprocessed_intensity_sigma040/local_flatfield/bright/1002.png, processed_plate_strategy_b_circle/counting_mask/bright/1002.png, 1174,  169,    86,     92,   1160,    155,        114,         120, needs_review  , consensus      , False                      ,                  3, 0.0797016861219195,   0.557129489673451 , 0.5007473860120523,      1229,     0.1553336703741152,  0.2508675239844866, False        ,   0.5005895378145944, 0.4790058135986328, True         ,       0.5489007426904959, 0.1998561024665832, True             ,                  1512.0,            0.1911021233569262,                0.8082010582010583,              0.1544489383215369,                 0.834131184308698 ,          0.265054945054945 ,                             0.0,      0.6218981885152626, 0.1649965941905975, True            ,                 6269.0,           0.7923407482305359,               0.8181528154410592,             0.6482558139534884,                0.33661325873965  ,         0.663028413028413 ,                            1.0,                 8.0,        0.0010111223458038,            1.0               ,          0.0010111223458038,             0.5851867846527151,      0.0015166835187057,                         0.0
    1002, 149          ,         149, train     , bright    , E.coli      , other      , preprocessed_intensity_sigma040/local_flatfield/bright/1002.png, processed_plate_strategy_b_circle/counting_mask/bright/1002.png, 1459,  315,   121,    113,   1441,    297,        157,         149, needs_review  , consensus      , False                      ,                  3, 0.0551748846791168,   0.5554025804353683, 0.4914722418118382,      1232,     0.0901045856798069,  0.25              , False        ,   0.4722671901790313, 0.525390625       , True         ,       0.6002934806352388, 0.2033802717924118, True             ,                  1210.0,            0.0884955752212389,                1.0               ,              0.0884955752212389,                 0.4250876971163592,          0.1802091713596138,                             0.0,      0.5936470704918348, 0.1682486534118652, True            ,                 9686.0,           0.7084034228040664,               0.770183770390254 ,             0.5456008191325971,                0.4887387892806448,         0.6176537019469667,                            1.0,                17.0,        0.0012433262634388,            1.0               ,          0.0012433262634388,             0.7933567256685639,      0.0021941051707745,                         0.0
    1002, 29           ,          29, train     , bright    , E.coli      , other      , preprocessed_intensity_sigma040/local_flatfield/bright/1002.png, processed_plate_strategy_b_circle/counting_mask/bright/1002.png,  354, 1574,   132,    132,    334,   1554,        172,         172, needs_review  , consensus      , False                      ,                  3, 0.0434357833383251,   0.5705652145207756, 0.493428609976724 ,      1248,     0.071625344352617 ,  0.2363636363636363, False        ,   0.4825763844561301, 0.509765625       , True         ,       0.5887985475685245, 0.2150600850582122, True             ,                  1259.0,            0.0722566574839302,                1.0               ,              0.0722566574839302,                 0.4446015337472205,          0.2031680440771349,                             0.0,      0.6403207115376721, 0.1801180094480514, True            ,                12070.0,           0.692722681359045 ,               0.7899751449875725,             0.5472337006427915,                0.1975287681979715,         0.588967009194159 ,                            1.0,                40.0,        0.0022956841138659,            1.0               ,          0.0022956841138659,             0.7276964714079222,      0.0080348943985307,                         0.0
    1008, 27_02        ,          27, test      , bright    , P.aeruginosa, other      , preprocessed_intensity_sigma040/local_flatfield/bright/1008.png, processed_plate_strategy_b_circle/counting_mask/bright/1008.png,  778, 1127,    79,     77,    766,   1115,        103,         101, auto_candidate, consensus      , False                      ,                  2, 0.3459589223793011,   0.6294068075762675, 0.5395150125299291,      1297,     0.2132171625842512,  0.6417615042058387, False        ,   0.0360786165163025, 0.513671875       , False        ,       0.7503856230571296, 0.1006885319948196, True             ,                  1297.0,            0.2132171625842512,                1.0               ,              0.2132171625842512,                 0.0639728368190512,          0.3322373828702942,                             0.0,      0.5084279920954053, 0.0824844688177108, True            ,                 5852.0,           0.9620253164556962,               0.6368762816131237,             0.6126911063619924,                0.4919395468988037,         0.5580341977126033,                            1.0,               158.0,        0.0259740259740259,            0.3544303797468354,          0.0092059838895281,             1.3835385390599115,      0.0156126793881091,                         1.0
    1008, 57_02        ,          57, test      , bright    , P.aeruginosa, other      , preprocessed_intensity_sigma040/local_flatfield/bright/1008.png, processed_plate_strategy_b_circle/counting_mask/bright/1008.png,  975,  873,    87,     86,    962,    860,        113,         112, needs_review  , consensus      , False                      ,                  3, 0.2135699030721209,   0.5946432520484474, 0.5626067668946213,      1299,     0.1736166800320769,  0.672360248447205 , False        ,   0.4604693245212505, 0.439453125       , True         ,       0.7102565224483142, 0.1610545068979263, True             ,                  1342.0,            0.1793638064688586,                1.0               ,              0.1793638064688586,                 0.1423299257667157,          0.2701149425287356,                             0.0,      0.6132039091757772, 0.1347972452640533, True            ,                 2259.0,           0.3019246190858059,               0.8813634351482957,             0.2661053194333066,                0.2011711313881708,         0.5307552870090635,                            1.0,                43.0,        0.0057471264367816,            1.0               ,          0.0057471264367816,             0.9050356098110192,      0.0065490510558674,                         0.0
    1008, 66_02        ,          66, test      , bright    , P.aeruginosa, other      , preprocessed_intensity_sigma040/local_flatfield/bright/1008.png, processed_plate_strategy_b_circle/counting_mask/bright/1008.png, 1286,  214,    96,     94,   1272,    200,        124,         122, needs_review  , consensus      , False                      ,                  3, 0.2244151805220507,   0.5524293848925925, 0.5495170671397548,      1386,     0.1535904255319149,  0.2566666666666666, False        ,   0.4778646020430503, 0.474609375       , True         ,       0.5590847464391403, 0.1482380479574203, True             ,                  1473.0,            0.1632313829787234,                0.9416157501697217,              0.1537012411347517,                 0.0932727976070062,          0.5229151014274981,                             1.0,      0.620338806195587 , 0.1251356601715088, True            ,                 2190.0,           0.2426861702127659,               0.958904109589041 ,             0.2327127659574468,                0.1073053342021228,         0.5531598513011152,                            1.0,                10.0,        0.0011081560283687,            1.0               ,          0.0011081560283687,             0.7518838570820071,      0.0022163120567375,                         0.0
    1002, 28           ,          28, train     , bright    , E.coli      , other      , preprocessed_intensity_sigma040/local_flatfield/bright/1002.png, processed_plate_strategy_b_circle/counting_mask/bright/1002.png,  300, 1552,    99,    100,    285,   1537,        129,         130, needs_review  , consensus      , False                      ,                  3, 0.0952091934094582,   0.6056736461522375, 0.5255926761542054,      1396,     0.141010101010101 ,  0.3945732052006783, False        ,   0.5044311141336562, 0.521484375       , True         ,       0.6910436570198785, 0.2382101714611053, True             ,                  1420.0,            0.1434343434343434,                1.0               ,              0.1434343434343434,                 0.1527411980534726,          0.3381818181818182,                             0.0,      0.6215461673031778, 0.1996641457080841, True            ,                 6534.0,           0.66              ,               0.7411998775635139,             0.4891919191919192,                0.2425607720131552,         0.590339892665474 ,                            1.0,                14.0,        0.0014141414141414,            1.0               ,          0.0014141414141414,             0.5607322544289964,      0.0036363636363636,                         0.0
    1002, 15           ,          15, train     , bright    , E.coli      , other      , preprocessed_intensity_sigma040/local_flatfield/bright/1002.png, processed_plate_strategy_b_circle/counting_mask/bright/1002.png,  141, 1313,    90,     91,    127,   1299,        118,         119, needs_review  , consensus      , False                      ,                  3, 0.1568898294676457,   0.6445776179025856, 0.5627424874747102,      1453,     0.1774114774114774,  0.3731381612737545, False        ,   0.5182487379289218, 0.462890625       , True         ,       0.7084241182374003, 0.2274663597345352, True             ,                  1288.0,            0.1572649572649572,                1.0               ,              0.1572649572649572,                 0.1027162714388681,          0.3487179487179487,                             0.0,      0.7070599975414348, 0.1910843402147293, True            ,                 3227.0,           0.394017094017094 ,               0.9451502943910752,             0.3724053724053724,                0.2049386095144797,         0.5931876606683805,                            1.0,               202.0,        0.0246642246642246,            1.0               ,          0.0246642246642246,             0.6219734812499196,      0.0666666666666666,                         0.0
    1003, 2_03         ,           2, test      , bright    , B.subtilis  , other      , preprocessed_intensity_sigma040/local_flatfield/bright/1003.png, processed_plate_strategy_b_circle/counting_mask/bright/1003.png, 1628,  732,   113,    112,   1611,    715,        147,         146, auto_candidate, consensus      , False                      ,                  3, 0.396924728616938 ,   0.6512358652823106, 0.6494180011288526,      1462,     0.1155183312262958,  0.3495934959349593, False        ,   0.6173655533196211, 0.462890625       , True         ,       0.6522990589243752, 0.2623714208602905, True             ,                  1462.0,            0.1155183312262958,                1.0               ,              0.1155183312262958,                 0.2902844349366742,          0.3304361567635904,                             0.0,      0.6840429836029357, 0.2241992503404617, True            ,                 4514.0,           0.3566687737041719,               0.9499335400974744,             0.3388116308470291,                0.2208861786182717,         0.6152429522595269,                            1.0,               933.0,        0.0737199747155499,            1.0               ,          0.0737199747155499,             0.3213082041929062,      0.3097345132743362,                         0.0
    1008, 2_07         ,           2, test      , bright    , P.aeruginosa, other      , preprocessed_intensity_sigma040/local_flatfield/bright/1008.png, processed_plate_strategy_b_circle/counting_mask/bright/1008.png, 1732, 1584,    49,     48,   1725,   1577,         63,          62, auto_candidate, consensus      , False                      ,                  3, 0.3015387478841941,   0.5679732617296263, 0.5827278664513185,      1477,     0.6279761904761905,  0.7283037475345168, False        ,   0.5427289838985978, 0.157038927078247 , True         ,       0.5476214691554973, 0.177284836769104 , True             ,                    84.0,            0.0357142857142857,                1.0               ,              0.0357142857142857,                 0.5085802265612711,          0.1292517006802721,                             0.0,      0.6135693321347836, 0.145724669098854 , True            ,                 2022.0,           0.8596938775510204,               0.8160237388724035,             0.701530612244898 ,                0.2827870218904625,         0.6021505376344086,                            1.0,              2173.0,        0.9238945578231292,            0.7330878969167051,          0.6772959183673469,             0.5200166081847829,      0.5738194859533772,                         1.0
    1002, 136          ,         136, train     , bright    , E.coli      , other      , preprocessed_intensity_sigma040/local_flatfield/bright/1002.png, processed_plate_strategy_b_circle/counting_mask/bright/1002.png, 1206,  185,   100,    104,   1190,    169,        132,         136, needs_review  , consensus      , False                      ,                  3, 0.0762336354481369,   0.5783342791755977, 0.508015484077087 ,      1514,     0.145576923076923 ,  0.2691555555555555, False        ,   0.4728787888987438, 0.2927006781101227, True         ,       0.6244718988813046, 0.186237171292305 , True             ,                  1614.0,            0.1551923076923076,                0.929368029739777 ,              0.1442307692307692,                 0.4767253204278227,          0.3027649769585253,                             0.0,      0.6376521497467446, 0.1525311321020126, True            ,                 8081.0,           0.7770192307692307,               0.8198242791733696,             0.6370192307692307,                0.2165214634637966,         0.6277901785714286,                            1.0,                15.0,        0.0014423076923076,            1.0               ,          0.0014423076923076,             0.7903937134252917,      0.0028846153846153,                         0.0
    1008, 30_02        ,          30, test      , bright    , P.aeruginosa, other      , preprocessed_intensity_sigma040/local_flatfield/bright/1008.png, processed_plate_strategy_b_circle/counting_mask/bright/1008.png,  895, 1012,    95,     95,    881,    998,        123,         123, needs_review  , consensus      , False                      ,                  3, 0.2175641255248442,   0.6707605336396575, 0.5944516573895585,      1571,     0.1740720221606648,  0.4514367816091954, False        ,   0.5186889505135457, 0.490234375       , True         ,       0.6977515764816747, 0.1404237300157547, True             ,                  1477.0,            0.1636565096952908,                1.0               ,              0.1636565096952908,                 0.1520677824193572,          0.2659279778393352,                             0.0,      0.7958410739237524, 0.1169833019375801, True            ,                 2393.0,           0.2651523545706371,               1.0               ,             0.2651523545706371,                0.0599571841823443,         0.4258171745152354,                            0.0,               109.0,        0.0120775623268698,            1.0               ,          0.0120775623268698,             0.5231713599281932,      0.0217174515235457,                         0.0
    1002, 71           ,          71, train     , bright    , E.coli      , other      , preprocessed_intensity_sigma040/local_flatfield/bright/1002.png, processed_plate_strategy_b_circle/counting_mask/bright/1002.png, 1512, 1623,   132,    132,   1492,   1603,        172,         172, needs_review  , consensus      , False                      ,                  3, 0.0774530454625241,   0.605924515780493 , 0.5194783722240807,      1765,     0.1012970615243342,  0.4244829244829244, False        ,   0.5548125438331362, 0.416015625       , True         ,       0.6299795107071511, 0.1957076787948608, True             ,                  1741.0,            0.0999196510560146,                1.0               ,              0.0999196510560146,                 0.3082448229043902,          0.2386363636363636,                             0.0,      0.632981492801192 , 0.1626311987638473, True            ,                10058.0,           0.5772497704315886,               0.7564128057267846,             0.4366391184573003,                0.2464631645370177,         0.588967009194159 ,                            1.0,                16.0,        0.0009182736455463,            1.0               ,          0.0009182736455463,             0.1899990333937038,      0.0024104683195592,                         0.0
    1008, 99_01        ,          99, test      , bright    , P.aeruginosa, other      , preprocessed_intensity_sigma040/local_flatfield/bright/1008.png, processed_plate_strategy_b_circle/counting_mask/bright/1008.png,  830,  137,    95,     94,    816,    123,        123,         122, needs_review  , sauvola        , True                       ,                  3, 0.0               ,   0.4885759683996902, 0.445430387359876 ,      1807,     0.2023516237402015,  0.3967940272288098, False        ,   0.5021728393988174, 0.326171875       , True         ,       0.437732649495025 , 0.1329402923583984, True             ,                    90.0,            0.0100783874580067,                0.9555555555555556,              0.0096304591265397,                 0.9883701061875908,          0.0160106737825216,                             0.0,      0.5258224163052281, 0.1104279831051826, True            ,                 2236.0,           0.2503919372900336,               0.8076923076923077,             0.2022396416573348,                0.3193836673357209,         0.4518540089303048,                            1.0,                47.0,        0.0052631578947368,            1.0               ,          0.0052631578947368,             0.6002890574143972,      0.0089585666293393,                         0.0
    1002, 65           ,          65, train     , bright    , E.coli      , other      , preprocessed_intensity_sigma040/local_flatfield/bright/1002.png, processed_plate_strategy_b_circle/counting_mask/bright/1002.png, 1132, 1822,   120,    120,   1114,   1804,        156,         156, needs_review  , consensus      , False                      ,                  3, 0.0917676236225698,   0.6073829419660489, 0.525071845054319 ,      1877,     0.1303472222222222,  0.4015832263585793, False        ,   0.4906009764481494, 0.498046875       , True         ,       0.6549562838612029, 0.2045553475618362, True             ,                  1808.0,            0.1255555555555555,                1.0               ,              0.1255555555555555,                 0.2600720106828442,          0.246875          ,                             0.0,      0.6765915655887943, 0.1701530516147613, True            ,                 8426.0,           0.5851388888888889,               0.808687396154759 ,             0.4731944444444444,                0.1806108274524993,         0.6903103229892337,                            1.0,                17.0,        0.0011805555555555,            1.0               ,          0.0011805555555555,             0.6591269142733965,      0.001875          ,                         0.0
    1002, 23           ,          23, train     , bright    , E.coli      , other      , preprocessed_intensity_sigma040/local_flatfield/bright/1002.png, processed_plate_strategy_b_circle/counting_mask/bright/1002.png,  219, 1308,   110,    109,    203,   1292,        142,         141, needs_review  , consensus      , False                      ,                  3, 0.0916318001676164,   0.5412415235701854, 0.4985677394867399,      1911,     0.1593828190158465,  0.2113938053097345, False        ,   0.5255063918551216, 0.404296875       , True         ,       0.5590375868334316, 0.1723425835371017, True             ,                  1985.0,            0.1655546288573811,                0.9652392947103274,              0.1597998331943286,                 0.2560142842497002,          0.6403496202894398,                             1.0,      0.5391805920220031, 0.1430802792310714, True            ,                11888.0,           0.9914929107589658,               0.647207267833109 ,             0.6417014178482069,                0.302795308731426 ,         0.5988412745979422,                            1.0,                41.0,        0.0034195162635529,            1.0               ,          0.0034195162635529,             0.4231724429346686,      0.0120100083402835,                         0.0
    1008, 62_02        ,          62, test      , bright    , P.aeruginosa, other      , preprocessed_intensity_sigma040/local_flatfield/bright/1008.png, processed_plate_strategy_b_circle/counting_mask/bright/1008.png, 1511,  314,   186,    185,   1483,    286,        242,         241, needs_review  , adaptive       , True                       ,                  3, 0.0               ,   0.5141766354530087, 0.4556706541812035,      1976,     0.0574251671025864,  0.2992579130698167, False        ,   0.5291824239452665, 0.380859375       , True         ,       0.5419300521994715, 0.1577441394329071, True             ,                  1938.0,            0.0563208369659982,                1.0               ,              0.0563208369659982,                 0.6985972361488495,          0.1918918918918919,                             0.0,      0.4714174302142881, 0.1315066218376159, True            ,                  330.0,           0.009590235396687 ,               1.0               ,             0.009590235396687 ,                0.8591903471299248,         0.0268526591107236,                            0.0,               308.0,        0.0089508863702412,            1.0               ,          0.0089508863702412,             0.5775822818331383,      0.2226732386198898,                         0.0
    1008, 72_02        ,          72, test      , bright    , P.aeruginosa, other      , preprocessed_intensity_sigma040/local_flatfield/bright/1008.png, processed_plate_strategy_b_circle/counting_mask/bright/1008.png, 1327,  423,   169,    167,   1302,    398,        219,         217, needs_review  , consensus      , False                      ,                  3, 0.0803849002607856,   0.5511950814145647, 0.4986127476571008,      2025,     0.0717499911419764,  0.4005142405063291, False        ,   0.543399306662589 , 0.482421875       , True         ,       0.6020134944013963, 0.2383162230253219, True             ,                  2049.0,            0.0726003614073627,                1.0               ,              0.0726003614073627,                 0.3411992102788663,          0.1911561492399816,                             0.0,      0.5081724431797091, 0.2044657766819   , True            ,                12320.0,           0.4365234028983453,               0.6723214285714286,             0.2934840378414768,                0.8042577217343875,         0.3543478893317429,                            1.0,                41.0,        0.001452715870035 ,            1.0               ,          0.001452715870035 ,             0.275576994383563 ,      0.0019841972859015,                         0.0
    1008, 28_02        ,          28, test      , bright    , P.aeruginosa, other      , preprocessed_intensity_sigma040/local_flatfield/bright/1008.png, processed_plate_strategy_b_circle/counting_mask/bright/1008.png,  835, 1099,    78,     78,    823,   1087,        102,         102, needs_review  , consensus      , False                      ,                  3, 0.2753151687677918,   0.5866193971021052, 0.5810080679095693,      2031,     0.3338264299802761,  0.6082659478885895, False        ,   0.4081274268307314, 0.525390625       , True         ,       0.757125120358936 , 0.14775350689888  , True             ,                  2357.0,            0.3874095989480605,                0.8782350445481545,              0.3402366863905325,                 0.593856401549504 ,          0.4612952014299464,                             0.0,      0.5946056441166482, 0.1235051229596138, True            ,                 3013.0,           0.4952333990795529,               0.8038499834052439,             0.3980933596318212,                0.6501951938307504,         0.4319137749737118,                            1.0,               187.0,        0.0307363576594345,            0.8181818181818182,          0.0251479289940828,             0.995246793382788 ,      0.0674049109292248,                         0.0
    1008, 46_02        ,          46, test      , bright    , P.aeruginosa, other      , preprocessed_intensity_sigma040/local_flatfield/bright/1008.png, processed_plate_strategy_b_circle/counting_mask/bright/1008.png,  397,  394,   116,    115,    380,    377,        150,         149, needs_review  , consensus      , False                      ,                  3, 0.0822576268558359,   0.5856614833235178, 0.5130547627289497,      2122,     0.1590704647676162,  0.3982732732732733, False        ,   0.5083878680985742, 0.451171875       , True         ,       0.7213796637074257, 0.1146833524107933, True             ,                  2059.0,            0.1543478260869565,                1.0               ,              0.1543478260869565,                 0.0306459880043065,          0.3994002998500749,                             0.0,      0.5272169181645533, 0.0950667187571525, True            ,                12942.0,           0.9701649175412294,               0.6643486323597589,             0.644527736131934 ,                0.4456385988181973,         0.5968680089485459,                            1.0,                11.0,        0.0008245877061469,            1.0               ,          0.0008245877061469,             0.5276536028218209,      0.0018740629685157,                         0.0
    1002, 138          ,         138, train     , bright    , E.coli      , other      , preprocessed_intensity_sigma040/local_flatfield/bright/1002.png, processed_plate_strategy_b_circle/counting_mask/bright/1002.png, 1183,   88,    84,     70,   1170,     75,        110,          96, needs_review  , consensus      , False                      ,                  3, 0.1948925270853027,   0.5534983152536779, 0.5396117105813272,      2153,     0.366156462585034 ,  0.5205512572533849, False        ,   0.4632485897593967, 0.3638327419757843, True         ,       0.6273666814204798, 0.2386100143194198, True             ,                  2668.0,            0.4537414965986394,                0.808095952023988 ,              0.3666666666666666,                 0.4981100727859046,          0.445754716981132 ,                             1.0,      0.5698796745811572, 0.1960193067789077, True            ,                 4982.0,           0.8472789115646259,               0.7537133681252509,             0.6386054421768708,                0.4389889006347384,         0.5759892086330936,                            1.0,                14.0,        0.0023809523809523,            1.0               ,          0.0023809523809523,             0.8662952807998129,      0.0042517006802721,                         0.0
    1002, 46           ,          46, train     , bright    , E.coli      , other      , preprocessed_intensity_sigma040/local_flatfield/bright/1002.png, processed_plate_strategy_b_circle/counting_mask/bright/1002.png,  691, 1304,    62,     62,    682,   1295,         80,          80, auto_candidate, consensus      , False                      ,                  3, 0.3331658600084785,   0.6054144557314177, 0.6087738332955346,      2324,     0.6045785639958376,  0.7945299145299145, False        ,   0.5342465045963691, 0.1176317483186721, True         ,       0.7175677130514472, 0.123642161488533 , True             ,                   760.0,            0.1977107180020811,                1.0               ,              0.1977107180020811,                 0.2173225648348352,          0.3204994797086368,                             0.0,      0.564429149546437 , 0.0994478687644004, True            ,                 5419.0,           1.4097294484911551,               0.7080642184904964,             0.998178980228928 ,                0.0745005772042442,         0.600625          ,                            1.0,              2987.0,        0.7770551508844953,            0.7140944091061265,          0.5548907388137357,             0.6219866177616017,      0.5093353248693054,                         1.0
    1002, 22           ,          22, train     , bright    , E.coli      , other      , preprocessed_intensity_sigma040/local_flatfield/bright/1002.png, processed_plate_strategy_b_circle/counting_mask/bright/1002.png,  257, 1199,    74,     74,    246,   1188,         96,          96, needs_review  , consensus      , False                      ,                  3, 0.2862849064571208,   0.6168866953230473, 0.5969543953892111,      2325,     0.4245799853907962,  0.4957356076759062, False        ,   0.6052185993892812, 0.129695177078247 , True         ,       0.6962860088632532, 0.1304300427436828, True             ,                   993.0,            0.1813367421475529,                1.0               ,              0.1813367421475529,                 0.2863818711930679,          0.314463111760409 ,                             0.0,      0.5491554777166072, 0.1049877777695655, True            ,                 7988.0,           1.4587289992695398,               0.6614922383575363,             0.9649379108838568,                0.0500779447452965,         0.5941840277777778,                            1.0,              2522.0,        0.4605551497443389,            0.7969865186360032,          0.3670562454346238,             0.6155031164074579,      0.4514520387210325,                         1.0
    1002, 151          ,         151, train     , bright    , E.coli      , other      , preprocessed_intensity_sigma040/local_flatfield/bright/1002.png, processed_plate_strategy_b_circle/counting_mask/bright/1002.png, 1518,  255,   104,     91,   1502,    239,        136,         123, needs_review  , consensus      , False                      ,                  3, 0.171747160144115 ,   0.6075795456273259, 0.5531433243013706,      2328,     0.2459847844463229,  0.2506459948320413, False        ,   0.5977527662596054, 0.345703125       , True         ,       0.6423829917491732, 0.2279800772666931, True             ,                  2464.0,            0.2603550295857988,                0.93262987012987  ,              0.242814877430262 ,                 0.0228494026182907,          0.6443355119825708,                             1.0,      0.5826028788731991, 0.1871646642684936, True            ,                 7987.0,           0.8439349112426036,               0.7599849755853262,             0.6413778529163144,                0.3573726714898363,         0.5657580105212817,                            1.0,               220.0,        0.0232459847844463,            1.0               ,          0.0232459847844463,             0.1205510338825757,      0.1837489433643279,                         0.0
    1002, 139          ,         139, train     , bright    , E.coli      , other      , preprocessed_intensity_sigma040/local_flatfield/bright/1002.png, processed_plate_strategy_b_circle/counting_mask/bright/1002.png, 1249,  125,    93,     89,   1235,    111,        121,         117, auto_candidate, consensus      , False                      ,                  3, 0.3602159416832077,   0.5420015064083499, 0.5928761821524626,      2384,     0.2880270629455116,  0.4551355479190531, False        ,   0.4659617741416054, 0.2648897171020508, True         ,       0.6105592305412695, 0.232565626502037 , True             ,                  2490.0,            0.3008336353751359,                0.8771084337349397,              0.2638637187386734,                 0.2086617247921257,          0.5392769774395216,                             1.0,      0.5494835145421745, 0.1901548951864242, True            ,                 9063.0,           1.0949619427328745,               0.6750524109014675,             0.7391566992871813,                0.2238156619209476,         0.5846577664759482,                            1.0,              1878.0,        0.2268938021022109,            0.7385516506922257,          0.1675727920744231,             0.4648775006922877,      0.4754968165155315,                         1.0
    1002, 64           ,          64, train     , bright    , E.coli      , other      , preprocessed_intensity_sigma040/local_flatfield/bright/1002.png, processed_plate_strategy_b_circle/counting_mask/bright/1002.png, 1065, 1865,   109,    109,   1049,   1849,        141,         141, needs_review  , consensus      , False                      ,                  3, 0.1541305672516462,   0.5676339065976236, 0.5309992611771257,      2495,     0.2099991583200067,  0.3449944690265487, False        ,   0.4795869627891202, 0.482421875       , True         ,       0.5930715487129645, 0.2213095426559448, True             ,                  2642.0,            0.2223718542210251,                0.9538228614685844,              0.2121033583031731,                 0.0726269676777289,          0.3899530446448535,                             1.0,      0.630243208290786 , 0.1835334002971649, True            ,                 6798.0,           0.5721740594226076,               0.7918505442777287,             0.4530763403753893,                0.358493364499245 ,         0.5414571323439225,                            1.0,                11.0,        0.0009258479925932,            1.0               ,          0.0009258479925932,             0.7377196511183348,      0.0012625199898998,                         0.0
    1002, 70           ,          70, train     , bright    , E.coli      , other      , preprocessed_intensity_sigma040/local_flatfield/bright/1002.png, processed_plate_strategy_b_circle/counting_mask/bright/1002.png, 1448, 1696,   132,    133,   1428,   1676,        172,         173, needs_review  , consensus      , False                      ,                  3, 0.1211871250116911,   0.5492923369106263, 0.5121324285183424,      2530,     0.144110275689223 ,  0.1996527777777778, False        ,   0.4924362494449951, 0.439453125       , True         ,       0.5245961155149126, 0.2016420364379882, True             ,                  2738.0,            0.1559580770107086,                0.9079620160701242,              0.1416040100250626,                 0.2218637362901152,          0.5301639344262296,                             1.0,      0.6308446457719711, 0.1671552211046219, True            ,                 9218.0,           0.525062656641604 ,               0.7633977001518768,             0.400831624515835 ,                0.3380366820368317,         0.6004103967168263,                            1.0,                11.0,        0.0006265664160401,            1.0               ,          0.0006265664160401,             0.6424433868423357,      0.0011392116655274,                         0.0
    1008, 88_01        ,          88, test      , bright    , P.aeruginosa, other      , preprocessed_intensity_sigma040/local_flatfield/bright/1008.png, processed_plate_strategy_b_circle/counting_mask/bright/1008.png,  895,  525,    73,     72,    884,    514,         95,          94, auto_candidate, consensus      , False                      ,                  3, 0.3892010487880635,   0.641894532328554 , 0.6429781800072438,      2559,     0.4868721461187215,  0.6991803278688524, False        ,   0.6478589747338678, 0.1058057695627212, True         ,       0.7346373710859186, 0.0963902324438095, True             ,                  1078.0,            0.2050989345509893,                1.0               ,              0.2050989345509893,                 0.1218844377823475,          0.3097412480974125,                             0.0,      0.5431872511658756, 0.0779067650437355, True            ,                 7258.0,           1.3808980213089803,               0.662165885918986 ,             0.9143835616438356,                0.1165347759806452,         0.5885778275475924,                            1.0,              2953.0,        0.561834094368341 ,            0.8625126989502201,          0.4845890410958904,             0.4757221540124578,      0.5335554497858163,                         1.0
    1002, 4_01         ,           4, train     , bright    , E.coli      , other      , preprocessed_intensity_sigma040/local_flatfield/bright/1002.png, processed_plate_strategy_b_circle/counting_mask/bright/1002.png,   87,  778,   145,    145,     65,    756,        189,         189, needs_review  , consensus      , False                      ,                  3, 0.0930225013244701,   0.622305339584794 , 0.5314800112974821,      2573,     0.1223781212841854,  0.3208629504925801, False        ,   0.4720523288600869, 0.447265625       , True         ,       0.6522659616960136, 0.1761196255683899, True             ,                  2520.0,            0.1198573127229488,                1.0               ,              0.1198573127229488,                 0.2326078620387051,          0.221307966706302 ,                             0.0,      0.7425977281982812, 0.1459340155124664, True            ,                10488.0,           0.4988347205707491,               0.8812929061784897,             0.4396195005945303,                0.000943179743691 ,         0.6715832977055722,                            1.0,                11.0,        0.0005231866825208,            1.0               ,          0.0005231866825208,             0.7902497385175844,      0.0007134363852556,                         0.0
    1002, 66           ,          66, train     , bright    , E.coli      , other      , preprocessed_intensity_sigma040/local_flatfield/bright/1002.png, processed_plate_strategy_b_circle/counting_mask/bright/1002.png, 1238, 1817,   120,    120,   1220,   1799,        156,         156, needs_review  , consensus      , False                      ,                  3, 0.1936200160189574,   0.5497734489640288, 0.5376763851922466,      2697,     0.1872916666666666,  0.3152173913043478, False        ,   0.4081857902518112, 0.498046875       , True         ,       0.5714718477865455, 0.2112782448530197, True             ,                  2760.0,            0.1916666666666666,                0.936231884057971 ,              0.1794444444444444,                 0.0986700536942232,          0.4843304843304843,                             1.0,      0.6696627088537296, 0.1764112114906311, True            ,                 5604.0,           0.3891666666666666,               0.826017130620985 ,             0.3214583333333333,                0.1030988845232005,         0.6284319707138499,                            1.0,               131.0,        0.0090972222222222,            0.8396946564885496,          0.0076388888888888,             0.918443959898297 ,      0.0277109262187994,                         0.0
    1002, 42           ,          42, train     , bright    , E.coli      , other      , preprocessed_intensity_sigma040/local_flatfield/bright/1002.png, processed_plate_strategy_b_circle/counting_mask/bright/1002.png,  872,  934,   114,    122,    854,    916,        150,         158, needs_review  , consensus      , False                      ,                  3, 0.0954641200884612,   0.5836365779536563, 0.516867073212424 ,      2797,     0.2011072763876905,  0.4062454611474219, False        ,   0.5668849317870169, 0.3132506012916565, True         ,       0.6737088302351701, 0.1283883601427078, True             ,                  2168.0,            0.1558815070463043,                1.0               ,              0.1558815070463043,                 0.3707033131795895,          0.3785591026747196,                             0.0,      0.5103159718387816, 0.1052647233009338, True            ,                17058.0,           1.22648835202761  ,               0.5708758353851565,             0.7001725625539258,                0.188457417203907 ,         0.5868354430379746,                            1.0,               632.0,        0.0454414725337935,            1.0               ,          0.0454414725337935,             0.4092378489572401,      0.1190681622088006,                         0.0
    1002, 137          ,         137, train     , bright    , E.coli      , other      , preprocessed_intensity_sigma040/local_flatfield/bright/1002.png, processed_plate_strategy_b_circle/counting_mask/bright/1002.png, 1184,  118,    88,     78,   1171,    105,        114,         104, needs_review  , consensus      , False                      ,                  3, 0.2270508581325775,   0.5875803841043769, 0.5644999539881529,      2884,     0.4201631701631702,  0.4543163201008192, False        ,   0.4803037680137438, 0.4776347875595093, True         ,       0.6846687255701223, 0.2303637266159057, True             ,                  3443.0,            0.5016025641025641,                0.8425791460935231,              0.4226398601398601,                 0.2977306216681465,          0.6816495745145101,                             1.0,      0.5977686587292643, 0.1897698789834976, True            ,                 5373.0,           0.7827797202797203,               0.7880141447980644,             0.6168414918414918,                0.4217565904086398,         0.6270987895353377,                            1.0,                18.0,        0.0026223776223776,            1.0               ,          0.0026223776223776,             0.7437573685283789,      0.0050990675990675,                         0.0
    1002, 148          ,         148, train     , bright    , E.coli      , other      , preprocessed_intensity_sigma040/local_flatfield/bright/1002.png, processed_plate_strategy_b_circle/counting_mask/bright/1002.png, 1407,  332,   103,    102,   1392,    317,        133,         132, needs_review  , consensus      , False                      ,                  3, 0.1651499831479609,   0.5899918923182713, 0.5437992510290949,      2940,     0.2798400913763563,  0.7193540494250061, False        ,   0.4319181299581737, 0.392578125       , True         ,       0.7932068819363373, 0.1469451338052749, True             ,                  2940.0,            0.2798400913763563,                1.0               ,              0.2798400913763563,                 0.1256331853330388,          0.3890158004949552,                             0.0,      0.5448506650603031, 0.1197805106639862, True            ,                 8879.0,           0.8451361126975062,               0.6695573825881292,             0.5658671235484485,                0.4634146716433918,         0.642634450506625 ,                            1.0,                 8.0,        0.0007614696363982,            1.0               ,          0.0007614696363982,             1.0841187490600142,      0.0007608902415826,                         0.0
    1002, 54           ,          54, train     , bright    , E.coli      , other      , preprocessed_intensity_sigma040/local_flatfield/bright/1002.png, processed_plate_strategy_b_circle/counting_mask/bright/1002.png,  722, 1472,    66,     73,    711,   1461,         88,          95, auto_candidate, consensus      , False                      ,                  3, 0.3936991441379885,   0.6269106050287151, 0.6385589424597821,      3306,     0.6861768368617683,  0.6133580705009276, False        ,   0.588407345028622 , 0.1330959200859069, True         ,       0.7629155997968707, 0.1337639689445495, True             ,                  1147.0,            0.2380655873806558,                1.0               ,              0.2380655873806558,                 0.1667343221805347,          0.4283935242839352,                             0.0,      0.5294088702606525, 0.1076934114098548, True            ,                 7437.0,           1.5435865504358657,               0.6337232755143203,             0.9782067247820672,                0.0397863101651977,         0.5763157894736842,                            1.0,              4263.0,        0.8848069738480697,            0.7185080928923293,          0.6357409713574097,             0.1988302010847346,      0.596656346749226 ,                         1.0
    1008, 43_02        ,          43, test      , bright    , P.aeruginosa, other      , preprocessed_intensity_sigma040/local_flatfield/bright/1008.png, processed_plate_strategy_b_circle/counting_mask/bright/1008.png,  191,  722,   127,    126,    172,    703,        165,         164, needs_review  , consensus      , False                      ,                  3, 0.1065979218690579,   0.5936912104580668, 0.524785756837397 ,      3404,     0.2127234095738032,  0.4397932816537467, False        ,   0.5160692393766149, 0.365234375       , True         ,       0.7410645897683937, 0.084012433886528 , True             ,                  3296.0,            0.2059742532183477,                1.0               ,              0.2059742532183477,                 0.1570124869746338,          0.4161979752530934,                             0.0,      0.523939802229192 , 0.0687446072697639, True            ,                15836.0,           0.9896262967129108,               0.671002778479414 ,             0.6640419947506562,                0.4968485081783524,         0.6299466146936701,                            1.0,                83.0,        0.0051868516435445,            1.0               ,          0.0051868516435445,             0.5035765348791091,      0.0158105236845394,                         0.0
    1002, 47           ,          47, train     , bright    , E.coli      , other      , preprocessed_intensity_sigma040/local_flatfield/bright/1002.png, processed_plate_strategy_b_circle/counting_mask/bright/1002.png,  714, 1288,    69,     68,    704,   1278,         89,          88, auto_candidate, consensus      , False                      ,                  3, 0.3847761676305643,   0.6137780589701197, 0.6301828822587454,      3727,     0.7943307757885762,  0.7290688575899843, False        ,   0.5587854285987924, 0.1140089035034179, True         ,       0.7206400358944841, 0.1247511506080627, True             ,                   901.0,            0.1920289855072463,                1.0               ,              0.1920289855072463,                 0.1868006207802013,          0.3482523444160272,                             0.0,      0.5619087124170826, 0.1004294008016586, True            ,                 6975.0,           1.4865728900255757,               0.6827240143369175,             1.014919011082694 ,                0.0048668768747924,         0.5990806945863125,                            1.0,              5119.0,        1.091005967604433 ,            0.7356905645633913,          0.8026427962489343,             0.3563015360057846,      0.6502217294900222,                         1.0
    1000, 4            ,           4, validation, bright    , B.subtilis  , other      , preprocessed_intensity_sigma040/local_flatfield/bright/1000.png, processed_plate_strategy_b_circle/counting_mask/bright/1000.png,  632, 1772,   151,    151,    609,   1749,        197,         197, needs_review  , consensus      , False                      ,                  3, 0.1249060226116382,   0.5812031381453538, 0.5261983631722149,      3764,     0.1650804789263628,  0.1912115824231648, False        ,   0.4730282501185475, 0.384765625       , True         ,       0.5334213004183244, 0.1753931790590286, True             ,                  3964.0,            0.1738520240340336,                0.9301210898082743,              0.1617034340599096,                 0.3005943728031844,          0.5232811059907834,                             1.0,      0.7371598638991897, 0.143789529800415 , True            ,                11150.0,           0.4890136397526424,               0.8941704035874439,             0.4372615236173852,                0.0798443500807035,         0.6510529711972781,                            1.0,                10.0,        0.0004385772553835,            1.0               ,          0.0004385772553835,             0.782830760092764 ,      0.000877154510767 ,                         0.0
    1002, 37           ,          37, train     , bright    , E.coli      , other      , preprocessed_intensity_sigma040/local_flatfield/bright/1002.png, processed_plate_strategy_b_circle/counting_mask/bright/1002.png,  634,  974,   120,    120,    616,    956,        156,         156, needs_review  , consensus      , False                      ,                  3, 0.1090050433539468,   0.6089475490088868, 0.5317307847774362,      3931,     0.2729861111111111,  0.5837540837540838, False        ,   0.5067780930706169, 0.455078125       , True         ,       0.7845016126393998, 0.1576847434043884, True             ,                  3996.0,            0.2775            ,                1.0               ,              0.2775            ,                 0.1886803708006736,          0.4044444444444444,                             0.0,      0.5355629413166436, 0.1309452801942825, True            ,                17954.0,           1.2468055555555555,               0.6648657680739668,             0.8289583333333334,                0.2322212731461964,         0.591715976331361 ,                            1.0,                 8.0,        0.0005555555555555,            1.0               ,          0.0005555555555555,             0.5372900106604956,      0.0008333333333333,                         0.0
    1002, 2_02         ,           2, train     , bright    , E.coli      , other      , preprocessed_intensity_sigma040/local_flatfield/bright/1002.png, processed_plate_strategy_b_circle/counting_mask/bright/1002.png,  659,  131,   109,    109,    643,    115,        141,         141, needs_review  , consensus      , False                      ,                  3, 0.1811786472077687,   0.5981941811958188, 0.5526901990010467,      3939,     0.331537749347698 ,  0.4303507046869879, False        ,   0.48983488904086  , 0.439453125       , True         ,       0.6594209063010829, 0.242418497800827 , True             ,                  4322.0,            0.3637740930898072,                0.8986580286904211,              0.3269085093847319,                 0.2895724877468609,          0.6345455790699267,                             1.0,      0.6453267482455137, 0.2008131444454193, True            ,                 8666.0,           0.7293998821648009,               0.8376413570274637,             0.610975507112196 ,                0.2716967528537851,         0.6440084896460735,                            1.0,                18.0,        0.0015150239878798,            1.0               ,          0.0015150239878798,             0.6672244359988985,      0.0030300479757596,                         0.0
    1002, 67           ,          67, train     , bright    , E.coli      , other      , preprocessed_intensity_sigma040/local_flatfield/bright/1002.png, processed_plate_strategy_b_circle/counting_mask/bright/1002.png, 1301, 1671,   132,    132,   1281,   1651,        172,         172, needs_review  , consensus      , False                      ,                  3, 0.1178609435970202,   0.5963462406726773, 0.529789826528028 ,      3987,     0.2288223140495867,  0.55375           , False        ,   0.506602546221001 , 0.498046875       , True         ,       0.7601669331641222, 0.158557504415512 , True             ,                  3927.0,            0.2253787878787878,                1.0               ,              0.2253787878787878,                 0.0872893727265365,          0.3787878787878788,                             0.0,      0.5222692426329086, 0.1316608041524887, True            ,                17114.0,           0.982208448117539 ,               0.6585251840598341,             0.6468089990817264,                0.4854318997520795,         0.6331395348837209,                            1.0,                13.0,        0.0007460973370064,            1.0               ,          0.0007460973370064,             0.5399177073147072,      0.0013774104683195,                         0.0
    1002, 120          ,         120, train     , bright    , E.coli      , other      , preprocessed_intensity_sigma040/local_flatfield/bright/1002.png, processed_plate_strategy_b_circle/counting_mask/bright/1002.png, 1237,  891,   109,    110,   1221,    875,        141,         142, needs_review  , consensus      , False                      ,                  3, 0.2178798241328774,   0.6069140766879051, 0.5690235691216692,      4013,     0.3346955796497081,  0.7543233082706767, False        ,   0.3901945411621925, 0.478515625       , True         ,       0.8606084955496958, 0.1500308662652969, True             ,                  4144.0,            0.3456213511259383,                1.0               ,              0.3456213511259383,                 0.020824073269258 ,          0.4690575479566305,                             0.0,      0.569939193351827 , 0.1248969361186027, True            ,                 8273.0,           0.6899916597164304,               0.7239211894113381,             0.4994995829858215,                0.5142009518340868,         0.5400871747457403,                            1.0,               242.0,        0.0201834862385321,            0.8016528925619835,          0.0161801501251042,             0.9978009903993912,      0.0162016201620162,                         0.0
    1002, 1_02         ,           1, train     , bright    , E.coli      , other      , preprocessed_intensity_sigma040/local_flatfield/bright/1002.png, processed_plate_strategy_b_circle/counting_mask/bright/1002.png,  609,  150,   116,    112,    592,    133,        150,         146, needs_review  , consensus      , False                      ,                  3, 0.1808679261448828,   0.5860338487069815, 0.5477173136335016,      4222,     0.3249692118226601,  0.413921568627451 , False        ,   0.4659597768175612, 0.447265625       , True         ,       0.6367516230040958, 0.2336085885763168, True             ,                  4559.0,            0.3509082512315271,                0.9135775389339768,              0.3205818965517241,                 0.3936285873124913,          0.5721973094170404,                             1.0,      0.6553901462992872, 0.1935227066278457, True            ,                 9441.0,           0.7266779556650246,               0.8240652473254951,             0.5988300492610837,                0.1880188595423039,         0.6714211886304909,                            1.0,                14.0,        0.0010775862068965,            1.0               ,          0.0010775862068965,             0.8383243544632647,      0.0019242610837438,                         0.0
    1002, 38           ,          38, train     , bright    , E.coli      , other      , preprocessed_intensity_sigma040/local_flatfield/bright/1002.png, processed_plate_strategy_b_circle/counting_mask/bright/1002.png,  741,  895,   132,    132,    721,    875,        172,         172, needs_review  , consensus      , False                      ,                  3, 0.2334285542388537,   0.712119605708665 , 0.6165478362670648,      4223,     0.2423668503213957,  0.4606741573033708, False        ,   0.5035756526780084, 0.408203125       , True         ,       0.7577090537904684, 0.1508865654468536, True             ,                  3909.0,            0.2243457300275482,                1.0               ,              0.2243457300275482,                 0.1441639082956379,          0.4392791551882461,                             0.0,      0.8750741106575182, 0.1254505366086959, True            ,                 5981.0,           0.3432621671258035,               1.0               ,             0.3432621671258035,                0.0095794848867095,         0.6144398530762167,                            0.0,               318.0,        0.0182506887052341,            1.0               ,          0.0182506887052341,             0.6728266404278339,      0.0335743801652892,                         0.0
    1002, 36           ,          36, train     , bright    , E.coli      , other      , preprocessed_intensity_sigma040/local_flatfield/bright/1002.png, processed_plate_strategy_b_circle/counting_mask/bright/1002.png,  596,  921,   132,    133,    576,    901,        172,         173, needs_review  , consensus      , False                      ,                  3, 0.1609414224171236,   0.632058123079442 , 0.5591527470777701,      4394,     0.2502848029163819,  0.5457707117128308, False        ,   0.4744644473538078, 0.447265625       , True         ,       0.7725950164127359, 0.1280093938112259, True             ,                  4394.0,            0.2502848029163819,                1.0               ,              0.2502848029163819,                 0.1171047567562545,          0.3734905445431761,                             0.0,      0.6491149054717822, 0.1047669947147369, True            ,                10589.0,           0.603155616313511 ,               0.8562659363490415,             0.5164616085668717,                0.417534429641451 ,         0.5603112840466926,                            1.0,                33.0,        0.0018796992481203,            1.0               ,          0.0018796992481203,             0.7815277897906772,      0.0035885167464114,                         0.0
    1002, 130          ,         130, train     , bright    , E.coli      , other      , preprocessed_intensity_sigma040/local_flatfield/bright/1002.png, processed_plate_strategy_b_circle/counting_mask/bright/1002.png, 1784,  650,   145,    145,   1762,    628,        189,         189, needs_review  , consensus      , False                      ,                  3, 0.1678776753639205,   0.6023104471194253, 0.5496813652251423,      4784,     0.227538644470868 ,  0.348993288590604 , False        ,   0.4888004510936388, 0.458984375       , True         ,       0.6033319901616051, 0.2015549093484878, True             ,                  4956.0,            0.2357193816884661,                0.9564164648910412,              0.2254458977407847,                 0.1779861541401006,          0.5368873671218697,                             1.0,      0.7147989001030322, 0.1673855483531952, True            ,                11120.0,           0.5288941736028537,               0.8536870503597123,             0.4515101070154578,                0.0837260639855727,         0.674989420228523 ,                            1.0,                12.0,        0.0005707491082045,            1.0               ,          0.0005707491082045,             0.6685387903104962,      0.0009512485136741,                         0.0
    1000, 1            ,           1, validation, bright    , B.subtilis  , other      , preprocessed_intensity_sigma040/local_flatfield/bright/1000.png, processed_plate_strategy_b_circle/counting_mask/bright/1000.png,  577,  738,   137,    136,    556,    717,        179,         178, auto_candidate, consensus      , False                      ,                  2, 0.3660405009325873,   0.6686469536088686, 0.5622396234366196,      5495,     0.2949227136109918,  0.6499112950916618, False        ,   0.0               , 0.427734375       , False        ,       0.8246386106070166, 0.1029595807194709, True             ,                  5490.0,            0.2946543580936024,                1.0               ,              0.2946543580936024,                 0.0176082507128459,          0.4537891799055388,                             0.0,      0.5126552966107206, 0.0839113444089889, True            ,                24732.0,           1.3273937312151138,               0.6031052886948084,             0.80055817947617  ,                0.2091229746831837,         0.5847718285104513,                            1.0,                    ,                          ,                              ,                            ,                               ,                        ,                          
    1008, 45_02        ,          45, test      , bright    , P.aeruginosa, other      , preprocessed_intensity_sigma040/local_flatfield/bright/1008.png, processed_plate_strategy_b_circle/counting_mask/bright/1008.png,  428,  437,   139,    138,    407,    416,        181,         180, needs_review  , consensus      , False                      ,                  2, 0.2799297541394882,   0.5796204015908375, 0.4964902412518225,      5579,     0.2908455844020435,  0.4900307422046552, False        ,   0.0               , 0.318359375       , False        ,       0.6362524377482865, 0.0864318385720253, True             ,                  5934.0,            0.3093525179856115,                0.9135490394337716,              0.2826086956521739,                 0.1937063005531165,          0.568951048951049 ,                             1.0,      0.5229883654333886, 0.0696891099214553, True            ,                30614.0,           1.5959753935981649,               0.6512053308943621,             1.0393076842873528,                0.0677658064742158,         0.5887661141804789,                            1.0,               158.0,        0.0082368887498696,            0.0886075949367088,          0.0007298509018871,             1.4238298537631968,      0.0186622139279049,                         1.0
    1002, 141          ,         141, train     , bright    , E.coli      , other      , preprocessed_intensity_sigma040/local_flatfield/bright/1002.png, processed_plate_strategy_b_circle/counting_mask/bright/1002.png, 1295,  270,   132,    132,   1275,    250,        172,         172, needs_review  , consensus      , False                      ,                  3, 0.1759283191177737,   0.5415398225943561, 0.5281908407289633,      6126,     0.3515840220385675,  0.4632136105860113, False        ,   0.2421780185838805, 0.490234375       , True         ,       0.8525253671833205, 0.132024347782135 , True             ,                  5899.0,            0.3385560146923783,                1.0               ,              0.3385560146923783,                 0.0410766315994467,          0.4643595041322314,                             0.0,      0.5299160820158673, 0.1088039651513099, True            ,                17259.0,           0.990530303030303 ,               0.6719972188423431,             0.665633608815427 ,                0.4252506851252978,         0.588967009194159 ,                            1.0,               340.0,        0.0195133149678604,            0.6911764705882353,          0.0134871441689623,             0.8625955310757137,      0.2356733524355301,                         1.0
    1002, 34           ,          34, train     , bright    , E.coli      , other      , preprocessed_intensity_sigma040/local_flatfield/bright/1002.png, processed_plate_strategy_b_circle/counting_mask/bright/1002.png,  558, 1175,    87,     93,    544,   1161,        115,         121, auto_candidate, consensus      , False                      ,                  3, 0.3898753616843127,   0.6122611167402726, 0.6313608232856185,      6427,     0.7943393894450624,  0.7513444002805705, False        ,   0.5567938829186966, 0.1179304718971252, True         ,       0.7339764071235881, 0.1276822090148925, True             ,                  1473.0,            0.1820541342232109,                1.0               ,              0.1820541342232109,                 0.0221368516983896,          0.3240637745643307,                             0.0,      0.546013060178533 , 0.1029849201440811, True            ,                12259.0,           1.5151402793227042,               0.6579655763112815,             0.9969101470769992,                0.0216600423696906,         0.5814588573481854,                            1.0,              8881.0,        1.0976393523668273,            0.7078031753180948,          0.7769126189593375,             0.299311408406323 ,      0.6519508023132687,                         1.0
    1002, 68           ,          68, train     , bright    , E.coli      , other      , preprocessed_intensity_sigma040/local_flatfield/bright/1002.png, processed_plate_strategy_b_circle/counting_mask/bright/1002.png, 1294, 1604,   132,    132,   1274,   1584,        172,         172, auto_candidate, consensus      , False                      ,                  2, 0.3887062352194728,   0.7000666595770153, 0.5827405128242883,      6739,     0.3867653810835629,  0.7078781512605042, False        ,   0.0               , 0.498046875       , False        ,       0.8773779735026497, 0.1144089624285698, True             ,                  6643.0,            0.3812557392102846,                1.0               ,              0.3812557392102846,                 0.1327643407883237,          0.5463728191000918,                             0.0,      0.5227553456513808, 0.0924323499202728, True            ,                27022.0,           1.5508494031221305,               0.6418103767300718,             0.9953512396694216,                0.1076409466763728,         0.588967009194159 ,                            1.0,                    ,                          ,                              ,                            ,                               ,                        ,                          
    1002, 60           ,          60, train     , bright    , E.coli      , other      , preprocessed_intensity_sigma040/local_flatfield/bright/1002.png, processed_plate_strategy_b_circle/counting_mask/bright/1002.png,  960, 1732,   145,    145,    938,   1710,        189,         189, needs_review  , consensus      , False                      ,                  3, 0.2734721078834921,   0.7372737676066702, 0.6406247448018904,      6976,     0.33179548156956  ,  0.7751111111111111, False        ,   0.4704485927504497, 0.498046875       , True         ,       0.8363364861535927, 0.1519775092601776, True             ,                  6912.0,            0.3287514863258026,                1.0               ,              0.3287514863258026,                 0.0837216433979887,          0.4280618311533888,                             0.0,      0.905036223915968 , 0.1266722828149795, True            ,                 8494.0,           0.4039952437574316,               1.0               ,             0.4039952437574316,                0.0321091717670018,         0.5292746730083234,                            0.0,                14.0,        0.0006658739595719,            1.0               ,          0.0006658739595719,             0.8027598056633036,      0.0008561236623067,                         0.0
    1000, 3            ,           3, validation, bright    , B.subtilis  , other      , preprocessed_intensity_sigma040/local_flatfield/bright/1000.png, processed_plate_strategy_b_circle/counting_mask/bright/1000.png, 1079, 1684,   151,    151,   1056,   1661,        197,         197, needs_review  , consensus      , False                      ,                  3, 0.1347415421603984,   0.6023869461900229, 0.5381143182321486,      7846,     0.3441077145739222,  0.6090669150752989, False        ,   0.4223134210626079, 0.416015625       , True         ,       0.8578447917702827, 0.095283642411232 , True             ,                  7508.0,            0.3292838033419586,                1.0               ,              0.3292838033419586,                 0.0293795841439119,          0.5649752203850709,                             0.0,      0.5270026257371779, 0.0773189216852188, True            ,                28792.0,           1.2627516337002762,               0.666851903306474 ,             0.8420683303363887,                0.3257721667422373,         0.6367738130345031,                            1.0,                16.0,        0.0007017236086136,            1.0               ,          0.0007017236086136,             1.154067333022091 ,      0.0010522162304353,                         0.0
    1003, 1_03         ,           1, test      , bright    , B.subtilis  , other      , preprocessed_intensity_sigma040/local_flatfield/bright/1003.png, processed_plate_strategy_b_circle/counting_mask/bright/1003.png, 1601, 1310,   150,    149,   1579,   1288,        194,         193, auto_candidate, consensus      , False                      ,                  2, 0.3821664892878627,   0.7119300377781234, 0.5851969530286679,      8259,     0.3695302013422818,  0.5504532124766729, False        ,   0.0085818973188031, 0.369140625       , False        ,       0.893806824896749 , 0.0931972190737724, True             ,                  8120.0,            0.36331096196868  ,                1.0               ,              0.36331096196868  ,                 0.0145201559995269,          0.6713199105145414,                             0.0,      0.5300532506594977, 0.0751194134354591, True            ,                32750.0,           1.465324384787472 ,               0.6566717557251909,             0.9622371364653244,                0.1773866918782003,         0.5969232412798462,                            1.0,               245.0,        0.0109619686800894,            0.2448979591836734,          0.0026845637583892,             1.2779614966451518,      0.0506360078277886,                         1.0
    1008, 26_02        ,          26, test      , bright    , P.aeruginosa, other      , preprocessed_intensity_sigma040/local_flatfield/bright/1008.png, processed_plate_strategy_b_circle/counting_mask/bright/1008.png,  997, 1000,   186,    184,    969,    972,        242,         240, needs_review  , consensus      , False                      ,                  3, 0.0983813227720888,   0.5814679698977429, 0.5170206509293283,      8272,     0.2417017297802711,  0.6042808094090145, False        ,   0.4535447425706895, 0.501953125       , True         ,       0.7691332340933297, 0.1142779439687728, True             ,                  7879.0,            0.2302185600748013,                1.0               ,              0.2302185600748013,                 0.0615185316826168,          0.3999824684431977,                             0.0,      0.5217259330292092, 0.0946439951658248, True            ,                42194.0,           1.232877512856475 ,               0.6616106555434422,             0.815684899485741 ,                0.3291987875324724,         0.5892561983471074,                            1.0,               161.0,        0.0047043010752688,            1.0               ,          0.0047043010752688,             0.9535158685155746,      0.0109280037400654,                         0.0
    1008, 7_02         ,           7, test      , bright    , P.aeruginosa, other      , preprocessed_intensity_sigma040/local_flatfield/bright/1008.png, processed_plate_strategy_b_circle/counting_mask/bright/1008.png, 1113, 1713,   169,    167,   1088,   1688,        219,         217, needs_review  , consensus      , False                      ,                  3, 0.1511611498680165,   0.5296518892309482, 0.514767158146185 ,      8907,     0.3155936647415229,  0.3842205159175222, False        ,   0.5003127894590439, 0.412109375       , True         ,       0.5723911513749377, 0.1073871031403541, True             ,                 11321.0,            0.4011267406016369,                0.7509937284692165,              0.3012436665131276,                 0.5627631514588444,          0.5365519883953253,                             1.0,      0.5162517268588628, 0.0887091234326362, True            ,                29131.0,           1.0321723417071182,               0.6710720538258212,             0.6926620132516033,                0.4928179097283736,         0.5847894375184058,                            1.0,                28.0,        0.0009920986429507,            1.0               ,          0.0009920986429507,             0.5871664995745537,      0.0015944442475994,                         0.0
    1008, 73_02        ,          73, test      , bright    , P.aeruginosa, other      , preprocessed_intensity_sigma040/local_flatfield/bright/1008.png, processed_plate_strategy_b_circle/counting_mask/bright/1008.png, 1398,  450,   224,    222,   1364,    416,        292,         290, needs_review  , consensus      , False                      ,                  3, 0.0894394205741253,   0.5937131535998205, 0.5187890586408721,     10935,     0.2198962355212355,  0.4617820945945945, False        ,   0.4915645332505868, 0.482421875       , True         ,       0.7514920295092478, 0.1323065012693405, True             ,                 10027.0,            0.2016369047619047,                0.99700807818889  ,              0.2010336229086229,                 0.0839200457323424,          0.4615384615384615,                             0.0,      0.5380828980396267, 0.1097873523831367, True            ,                58314.0,           1.1726592664092663,               0.6972596632026614,             0.8176480051480052,                0.3241775427762568,         0.5872461029759093,                            1.0,                48.0,        0.0009652509652509,            1.0               ,          0.0009652509652509,             0.6505977008035599,      0.0012870012870012,                         0.0
    1008, 25_02        ,          25, test      , bright    , P.aeruginosa, other      , preprocessed_intensity_sigma040/local_flatfield/bright/1008.png, processed_plate_strategy_b_circle/counting_mask/bright/1008.png,  900, 1173,   169,    168,    875,   1148,        219,         218, needs_review  , consensus      , False                      ,                  3, 0.1536044075424846,   0.5238472806856328, 0.5133004549141228,     11877,     0.4183220625528318,  0.5610827664399093, False        ,   0.4314483533995513, 0.505859375       , True         ,       0.6152683296790331, 0.1097119376063346, True             ,                 14516.0,            0.5112707805015497,                0.7633645632405621,              0.3902859960552268,                 0.4438237069992651,          0.5689102564102564,                             1.0,      0.5248251589783139, 0.0902671962976455, True            ,                39468.0,           1.39010989010989  ,               0.6460423634336678,             0.8980698788391096,                0.2117644153218446,         0.594696493653387 ,                            1.0,               212.0,        0.0074668920822766,            1.0               ,          0.0074668920822766,             1.135850667947302 ,      0.0211148648648648,                         0.0
    1008, 19_02        ,          19, test      , bright    , P.aeruginosa, other      , preprocessed_intensity_sigma040/local_flatfield/bright/1008.png, processed_plate_strategy_b_circle/counting_mask/bright/1008.png,  869, 1302,   224,    222,    835,   1268,        292,         290, needs_review  , consensus      , False                      ,                  2, 0.2635984908033328,   0.6477745117410866, 0.5180359431442677,     13414,     0.269747425997426 ,  0.5586373479926703, False        ,   0.0               , 0.443359375       , False        ,       0.7883160783566803, 0.0987275838851928, True             ,                 12414.0,            0.2496380308880308,                1.0               ,              0.2496380308880308,                 0.0789976581286854,          0.4828667953667954,                             0.0,      0.5072329451254929, 0.0793177112936973, True            ,                81737.0,           1.643681628056628 ,               0.6153516767192336,             1.0114422458172458,                0.0285404605512518,         0.5872461029759093,                            1.0,                    ,                          ,                              ,                            ,                               ,                        ,                          
    1008, 77_01        ,          77, test      , bright    , P.aeruginosa, other      , preprocessed_intensity_sigma040/local_flatfield/bright/1008.png, processed_plate_strategy_b_circle/counting_mask/bright/1008.png, 1343,  640,   169,    168,   1318,    615,        219,         218, needs_review  , consensus      , False                      ,                  3, 0.2100160067175732,   0.5155290933348188, 0.5297172396850782,     16007,     0.563785573400958 ,  0.5816497093023256, False        ,   0.4215567966546153, 0.501953125       , True         ,       0.5979481178751016, 0.1206601560115814, True             ,                 20767.0,            0.7314384333615103,                0.7278855877112727,              0.5324034939419555,                 0.3065988864145578,          0.594696493653387 ,                             1.0,      0.5270823654747396, 0.0989102870225906, True            ,                38308.0,           1.3492533107917724,               0.6625509032055967,             0.8939489997182305,                0.2505281887096988,         0.594696493653387 ,                            1.0,               108.0,        0.003803888419273 ,            1.0               ,          0.003803888419273 ,             1.1800520395150602,      0.0078895463510848,                         0.0
    1008, 75_01        ,          75, test      , bright    , P.aeruginosa, other      , preprocessed_intensity_sigma040/local_flatfield/bright/1008.png, processed_plate_strategy_b_circle/counting_mask/bright/1008.png, 1358,  815,   169,    167,   1333,    790,        219,         217, needs_review  , consensus      , False                      ,                  3, 0.7473750531909147,   0.5401419577416627, 0.7276380517134853,     26919,     0.9537965489140064,  0.9099482811073928, True         ,   0.5446027531646981, 0.0976715683937072, True         ,       0.569292358838389 , 0.105187140405178 , True             ,                 29196.0,            1.03447542784254  ,                0.6439923277161255,              0.666194238741452 ,                 0.0441418168107357,          0.5938808576899607,                             1.0,      0.5065307612219013, 0.0843846648931503, True            ,                47449.0,           1.681217446763278 ,               0.6232165061434383,             1.047762463239202 ,                0.0080277944038451,         0.5938808576899607,                            1.0,             38176.0,        1.3526556354746129,            0.672883487007544 ,          0.9101796407185628,             0.1465734362588115,      0.5938808576899607,                         1.0
    1008, 83_01        ,          83, test      , bright    , P.aeruginosa, other      , preprocessed_intensity_sigma040/local_flatfield/bright/1008.png, processed_plate_strategy_b_circle/counting_mask/bright/1008.png, 1218,  775,   224,    222,   1184,    741,        292,         290, needs_review  , consensus      , False                      ,                  3, 0.2090783106527023,   0.5155505223783977, 0.529397617679805 ,     27604,     0.5550997425997426,  0.55018735549709  , False        ,   0.4618391053468692, 0.498046875       , True         ,       0.5666945703202472, 0.1201186031103134, True             ,                 38316.0,            0.770511583011583 ,                0.6773932560810105,              0.5219393500643501,                 0.3613331196920568,          0.5912960760998811,                             1.0,      0.5181178914680767, 0.098375454545021 , True            ,                68476.0,           1.3770109395109396,               0.6412757754541737,             0.883043758043758 ,                0.2479125860092808,         0.5872461029759093,                            1.0,               165.0,        0.0033180501930501,            1.0               ,          0.0033180501930501,             0.8839559729618619,      0.0079633204633204,                         0.0
    1008, 6_03         ,           6, test      , bright    , P.aeruginosa, other      , preprocessed_intensity_sigma040/local_flatfield/bright/1008.png, processed_plate_strategy_b_circle/counting_mask/bright/1008.png, 1093, 1389,   232,    236,   1058,   1354,        302,         306, needs_review  , consensus      , False                      ,                  3, 0.1698907996468403,   0.5475739065968352, 0.5284913425151282,     28837,     0.5266839567504383,  0.7432216494845361, False        ,   0.5772297610389936, 0.0939644649624824, True         ,       0.5622879439557367, 0.0944322720170021, True             ,                     8.0,            0.0001461133839859,                1.0               ,              0.0001461133839859,                 0.1300394341880478,          0.0002191700759789,                             0.0,      0.5032040147957755, 0.0757589340209961, True            ,                92154.0,           1.6831165984804208,               0.6132994769624759,             1.0322545295149037,                0.0041581867483503,         0.5924771674674285,                            1.0,             38147.0,        0.6967234073641145,            0.7552625370278134,          0.5262090882524839,             0.534735048460407 ,      0.5459950881123702,                         1.0
    1008, 78_01        ,          78, test      , bright    , P.aeruginosa, other      , preprocessed_intensity_sigma040/local_flatfield/bright/1008.png, processed_plate_strategy_b_circle/counting_mask/bright/1008.png, 1388,  597,   231,    231,   1353,    562,        301,         301, needs_review  , consensus      , False                      ,                  3, 0.2126079381430188,   0.5040925004039392, 0.5260497785116323,     33436,     0.6265999512752759,  0.6159344201897393, False        ,   0.409888542223334 , 0.458984375       , True         ,       0.5814054683593082, 0.1101335808634758, True             ,                 44180.0,            0.8279455032701786,                0.707922136713445 ,              0.5861209497573134,                 0.3200594303715844,          0.6590299991354716,                             1.0,      0.5209834906291753, 0.0893215611577034, True            ,                82147.0,           1.5394576563407731,               0.6375521930198303,             0.9814846048612282,                0.1255949814026232,         0.588967009194159 ,                            1.0,               227.0,        0.0042540432150821,            1.0               ,          0.0042540432150821,             1.270040912500357 ,      0.0115392540696476,                         0.0
