image_id,annotation_id,instance_id,split,background,class_name,object_type,source_image,source_counting_mask,x,y,width,height,crop_x,crop_y,crop_width,crop_height,review_status,selected_method,used_single_method_fallback,n_methods_nonempty,mean_pairwise_iou,mean_component_score,confidence,mask_area,mask_area_ratio_to_box,mask_rectangularity,full_box_like,otsu_component_score,otsu_threshold,otsu_nonempty,adaptive_component_score,adaptive_threshold,adaptive_nonempty,adaptive_component_area,adaptive_component_area_ratio,adaptive_component_overlap_inside,adaptive_component_box_coverage,adaptive_component_center_distance,adaptive_component_bbox_iou,adaptive_component_touches_crop,sauvola_component_score,sauvola_threshold,sauvola_nonempty,sauvola_component_area,sauvola_component_area_ratio,sauvola_component_overlap_inside,sauvola_component_box_coverage,sauvola_component_center_distance,sauvola_component_bbox_iou,sauvola_component_touches_crop,otsu_component_area,otsu_component_area_ratio,otsu_component_overlap_inside,otsu_component_box_coverage,otsu_component_center_distance,otsu_component_bbox_iou,otsu_component_touches_crop,manual_status,manual_reviewed,manual_notes,final_mask_source
1000,1,1,validation,bright,B.subtilis,other,preprocessed_intensity_sigma040/local_flatfield/bright/1000.png,processed_plate_strategy_b_circle/counting_mask/bright/1000.png,577,738,137,136,556,717,179,178,auto_candidate,consensus,False,2,0.3660405009325873,0.6686469536088686,0.5622396234366196,5495,0.2949227136109918,0.6499112950916618,False,0.0,0.427734375,False,0.8246386106070166,0.1029595807194709,True,5490.0,0.2946543580936024,1.0,0.2946543580936024,0.0176082507128459,0.4537891799055388,0.0,0.5126552966107206,0.0839113444089889,True,24732.0,1.3273937312151138,0.6031052886948084,0.80055817947617,0.2091229746831837,0.5847718285104513,1.0,,,,,,,,approved,True,Visual inspection passed,box_guided_pseudo_mask
1000,2,2,validation,bright,B.subtilis,other,preprocessed_intensity_sigma040/local_flatfield/bright/1000.png,processed_plate_strategy_b_circle/counting_mask/bright/1000.png,909,435,152,151,886,412,198,197,auto_candidate,consensus,False,3,0.4919662653234113,0.7488143596684207,0.7217139367305623,9218,0.4016207737887766,0.7221308264786526,False,0.8939797377438223,0.1058670431375503,True,0.8443420453870331,0.089281290769577,True,7228.0,0.3149180899268037,1.0,0.3149180899268037,0.0497142919212215,0.5561606831648658,0.0,0.5081212958744066,0.0717230439186096,True,37378.0,1.6285291042174974,0.6030285194499438,0.9820494945974207,0.0126573026769875,0.5884222940060504,1.0,8940.0,0.3895085395608226,1.0,0.3895085395608226,0.0458970872391232,0.5367723945625653,0.0,approved,True,Visual inspection passed,box_guided_pseudo_mask
1000,3,3,validation,bright,B.subtilis,other,preprocessed_intensity_sigma040/local_flatfield/bright/1000.png,processed_plate_strategy_b_circle/counting_mask/bright/1000.png,1079,1684,151,151,1056,1661,197,197,needs_review,consensus,False,3,0.1347415421603984,0.6023869461900229,0.5381143182321486,7846,0.3441077145739222,0.6090669150752989,False,0.4223134210626079,0.416015625,True,0.8578447917702827,0.095283642411232,True,7508.0,0.3292838033419586,1.0,0.3292838033419586,0.0293795841439119,0.5649752203850709,0.0,0.5270026257371779,0.0773189216852188,True,28792.0,1.2627516337002762,0.666851903306474,0.8420683303363887,0.3257721667422373,0.6367738130345031,1.0,16.0,0.0007017236086136,1.0,0.0007017236086136,1.154067333022091,0.0010522162304353,0.0,approved,True,Visual inspection passed,box_guided_pseudo_mask
1000,4,4,validation,bright,B.subtilis,other,preprocessed_intensity_sigma040/local_flatfield/bright/1000.png,processed_plate_strategy_b_circle/counting_mask/bright/1000.png,632,1772,151,151,609,1749,197,197,needs_review,consensus,False,3,0.1249060226116382,0.5812031381453538,0.5261983631722149,3764,0.1650804789263628,0.1912115824231648,False,0.4730282501185475,0.384765625,True,0.5334213004183244,0.1753931790590286,True,3964.0,0.1738520240340336,0.9301210898082743,0.1617034340599096,0.3005943728031844,0.5232811059907834,1.0,0.7371598638991897,0.143789529800415,True,11150.0,0.4890136397526424,0.8941704035874439,0.4372615236173852,0.0798443500807035,0.6510529711972781,1.0,10.0,0.0004385772553835,1.0,0.0004385772553835,0.782830760092764,0.000877154510767,0.0,approved,True,Visual inspection passed,box_guided_pseudo_mask
1001,1_01,1,train,bright,P.aeruginosa,other,preprocessed_intensity_sigma040/local_flatfield/bright/1001.png,processed_plate_strategy_b_circle/counting_mask/bright/1001.png,1148,429,92,87,1134,415,120,115,auto_candidate,consensus,False,3,0.599345482386424,0.6686754721904619,0.7272411077114331,6003,0.75,0.6871565934065934,False,0.939134988883264,0.1489353775978088,True,0.5675425561210942,0.1401994973421096,True,8123.0,1.0148675662168916,0.6806598547334729,0.6907796101949025,0.1499408465158694,0.58,1.0,0.499348871567028,0.1127560213208198,True,13800.0,1.7241379310344829,0.6321739130434783,1.0899550224887555,0.0158197755084115,0.58,1.0,4123.0,0.5151174412793603,1.0,0.5151174412793603,0.0556640301713885,0.7205147426286856,0.0,approved,True,Visual inspection passed,box_guided_pseudo_mask
1001,2_01,2,train,bright,P.aeruginosa,other,preprocessed_intensity_sigma040/local_flatfield/bright/1001.png,processed_plate_strategy_b_circle/counting_mask/bright/1001.png,926,1379,84,79,913,1366,110,105,auto_candidate,consensus,False,3,0.6389271055953839,0.6711853707906004,0.7420986352746245,5717,0.8615129596142255,0.7827217962760131,False,0.9313178208363858,0.1409620344638824,True,0.5868774350736755,0.1366515755653381,True,7187.0,1.0830319469559977,0.7075274801725338,0.7662748643761302,0.030891112157249,0.5745454545454546,1.0,0.4953608564617398,0.109897069633007,True,11550.0,1.740506329113924,0.6313419913419913,1.098854731766124,0.0173768261849946,0.5745454545454546,1.0,4019.0,0.6056359252561784,0.9982582732022892,0.6045810729355033,0.0550451438728264,0.9085492586947486,0.0,approved,True,Visual inspection passed,box_guided_pseudo_mask
1001,3_01,3,train,bright,P.aeruginosa,other,preprocessed_intensity_sigma040/local_flatfield/bright/1001.png,processed_plate_strategy_b_circle/counting_mask/bright/1001.png,1846,851,52,49,1838,843,68,65,needs_review,consensus,False,3,0.1259680733364943,0.5860722450455013,0.5285177236859735,523,0.2052590266875981,0.2902330743618202,False,0.5202212462410447,0.3137944340705871,True,0.5462882530576721,0.1976231038570404,True,141.0,0.0553375196232339,1.0,0.0553375196232339,0.6021182402578926,0.1098901098901098,0.0,0.6917072358377866,0.1646179407835006,True,1576.0,0.6185243328100472,0.866751269035533,0.5361067503924647,0.2062352296329176,0.6978787878787879,1.0,520.0,0.2040816326530612,0.8365384615384616,0.1707221350078493,0.1571915813140055,0.3567961165048544,1.0,approved,True,Visual inspection passed,box_guided_pseudo_mask
1002,1_02,1,train,bright,E.coli,other,preprocessed_intensity_sigma040/local_flatfield/bright/1002.png,processed_plate_strategy_b_circle/counting_mask/bright/1002.png,609,150,116,112,592,133,150,146,needs_review,consensus,False,3,0.1808679261448828,0.5860338487069815,0.5477173136335016,4222,0.3249692118226601,0.413921568627451,False,0.4659597768175612,0.447265625,True,0.6367516230040958,0.2336085885763168,True,4559.0,0.3509082512315271,0.9135775389339768,0.3205818965517241,0.3936285873124913,0.5721973094170404,1.0,0.6553901462992872,0.1935227066278457,True,9441.0,0.7266779556650246,0.8240652473254951,0.5988300492610837,0.1880188595423039,0.6714211886304909,1.0,14.0,0.0010775862068965,1.0,0.0010775862068965,0.8383243544632647,0.0019242610837438,0.0,approved,True,Visual inspection passed,box_guided_pseudo_mask
1002,2_02,2,train,bright,E.coli,other,preprocessed_intensity_sigma040/local_flatfield/bright/1002.png,processed_plate_strategy_b_circle/counting_mask/bright/1002.png,659,131,109,109,643,115,141,141,needs_review,consensus,False,3,0.1811786472077687,0.5981941811958188,0.5526901990010467,3939,0.331537749347698,0.4303507046869879,False,0.48983488904086,0.439453125,True,0.6594209063010829,0.242418497800827,True,4322.0,0.3637740930898072,0.8986580286904211,0.3269085093847319,0.2895724877468609,0.6345455790699267,1.0,0.6453267482455137,0.2008131444454193,True,8666.0,0.7293998821648009,0.8376413570274637,0.610975507112196,0.2716967528537851,0.6440084896460735,1.0,18.0,0.0015150239878798,1.0,0.0015150239878798,0.6672244359988985,0.0030300479757596,0.0,approved,True,Visual inspection passed,box_guided_pseudo_mask
1002,3_02,3,train,bright,E.coli,other,preprocessed_intensity_sigma040/local_flatfield/bright/1002.png,processed_plate_strategy_b_circle/counting_mask/bright/1002.png,303,600,161,160,279,576,209,208,auto_candidate,consensus,False,2,0.9220869912210694,0.8806952140737934,0.8416751992235583,9243,0.3588121118012422,0.7708924103419517,False,0.0,0.482421875,False,0.8667824558195854,0.1070885509252548,True,9208.0,0.3574534161490683,1.0,0.3574534161490683,0.0322261046569083,0.4654503105590062,0.0,0.8946079723280014,0.0867652297019958,True,10024.0,0.3891304347826086,1.0,0.3891304347826086,0.0288071059617848,0.5222049689440994,0.0,207.0,0.0080357142857142,0.1835748792270531,0.0014751552795031,1.3285243843827457,0.0403042365652544,1.0,approved,True,Visual inspection passed,box_guided_pseudo_mask
1002,4_01,4,train,bright,E.coli,other,preprocessed_intensity_sigma040/local_flatfield/bright/1002.png,processed_plate_strategy_b_circle/counting_mask/bright/1002.png,87,778,145,145,65,756,189,189,needs_review,consensus,False,3,0.0930225013244701,0.622305339584794,0.5314800112974821,2573,0.1223781212841854,0.3208629504925801,False,0.4720523288600869,0.447265625,True,0.6522659616960136,0.1761196255683899,True,2520.0,0.1198573127229488,1.0,0.1198573127229488,0.2326078620387051,0.221307966706302,0.0,0.7425977281982812,0.1459340155124664,True,10488.0,0.4988347205707491,0.8812929061784897,0.4396195005945303,0.000943179743691,0.6715832977055722,1.0,11.0,0.0005231866825208,1.0,0.0005231866825208,0.7902497385175844,0.0007134363852556,0.0,approved,True,Visual inspection passed,box_guided_pseudo_mask
1002,5,5,train,bright,E.coli,other,preprocessed_intensity_sigma040/local_flatfield/bright/1002.png,processed_plate_strategy_b_circle/counting_mask/bright/1002.png,259,776,145,145,237,754,189,189,auto_candidate,consensus,False,3,0.5762469986959452,0.747661483441035,0.7507510429199948,7682,0.3653745541022592,0.7458252427184466,False,0.8572173427179155,0.121668204665184,True,0.8686076116663218,0.0970300957560539,True,7572.0,0.3601426872770511,1.0,0.3601426872770511,0.0501619147018643,0.4898929845422116,0.0,0.5171594959388677,0.0780521556735038,True,32566.0,1.5489179548156955,0.5904010317509059,0.9144827586206896,0.0233564848931291,0.5885893452031018,1.0,7297.0,0.3470630202140309,1.0,0.3470630202140309,0.0504942213272182,0.4659690844233056,0.0,approved,True,Visual inspection passed,box_guided_pseudo_mask
1002,6,6,train,bright,E.coli,other,preprocessed_intensity_sigma040/local_flatfield/bright/1002.png,processed_plate_strategy_b_circle/counting_mask/bright/1002.png,330,905,138,142,309,884,180,184,auto_candidate,consensus,False,3,0.5050632986851388,0.6715783671310351,0.6954035013922126,9610,0.4904062053480302,0.6565553050488488,False,0.6331894095622487,0.1212699264287948,True,0.8486979745493127,0.1114237084984779,True,6455.0,0.3294039599918351,1.0,0.3294039599918351,0.0376875200585097,0.4840783833435395,0.0,0.5328477172815442,0.0897707715630531,True,29479.0,1.5043376199224332,0.6112826079582075,0.9195754235558276,0.0242913751417,0.5916666666666667,1.0,11478.0,0.5857317819963258,0.8224429343091131,0.4817309655031639,0.4506398069575035,0.560914641642421,1.0,approved,True,Visual inspection passed,box_guided_pseudo_mask
1002,7,7,train,bright,E.coli,other,preprocessed_intensity_sigma040/local_flatfield/bright/1002.png,processed_plate_strategy_b_circle/counting_mask/bright/1002.png,372,975,132,132,352,955,172,172,auto_candidate,consensus,False,3,0.4743011824181191,0.6603035574692353,0.6801268368340359,6202,0.3559458218549127,0.7253801169590643,False,0.6163282855098912,0.1212009936571121,True,0.8522597026146377,0.1123893186450004,True,6007.0,0.3447543617998163,1.0,0.3447543617998163,0.0931565319352567,0.490702479338843,0.0,0.5123226842831772,0.0905670225620269,True,21414.0,1.2289944903581267,0.6169795460913421,0.7582644628099173,0.2885870976998548,0.588967009194159,1.0,11099.0,0.6369949494949495,0.800522569600865,0.5099288337924701,0.4687457040905159,0.5714733261725743,1.0,approved,True,Visual inspection passed,box_guided_pseudo_mask
1002,8,8,train,bright,E.coli,other,preprocessed_intensity_sigma040/local_flatfield/bright/1002.png,processed_plate_strategy_b_circle/counting_mask/bright/1002.png,174,1032,75,74,163,1021,97,96,needs_review,consensus,False,3,0.0986306476323213,0.5895648796472758,0.5203466785302228,1180,0.2126126126126126,0.4737053392211963,False,0.502593579670795,0.3738510906696319,True,0.7300042225906352,0.1732422113418579,True,1167.0,0.2102702702702702,1.0,0.2102702702702702,0.1854096507170591,0.3151351351351351,0.0,0.5360968366803969,0.1431183367967605,True,6366.0,1.147027027027027,0.6288092994030788,0.7212612612612612,0.1878519566759685,0.5960051546391752,1.0,17.0,0.003063063063063,1.0,0.003063063063063,0.5833874471994183,0.005045045045045,0.0,approved,True,Visual inspection passed,box_guided_pseudo_mask
1002,9,9,train,bright,E.coli,other,preprocessed_intensity_sigma040/local_flatfield/bright/1002.png,processed_plate_strategy_b_circle/counting_mask/bright/1002.png,134,1059,75,74,123,1048,97,96,auto_candidate,consensus,False,3,0.3709075117790898,0.4912387558972635,0.5763131314815868,486,0.0875675675675675,0.5192307692307693,False,0.4339291585583321,0.3267692923545837,True,0.4507102486976829,0.1999339014291763,True,599.0,0.1079279279279279,0.8163606010016694,0.0881081081081081,0.0353195250421321,0.1887755102040816,1.0,0.5890768604357756,0.1648208051919937,True,4817.0,0.867927927927928,0.7664521486402325,0.6652252252252252,0.3504588537429672,0.6285081240768094,1.0,534.0,0.0962162162162162,0.8014981273408239,0.0771171171171171,0.0549521321267972,0.1768521679754182,1.0,approved,True,Visual inspection passed,box_guided_pseudo_mask
1002,10,10,train,bright,E.coli,other,preprocessed_intensity_sigma040/local_flatfield/bright/1002.png,processed_plate_strategy_b_circle/counting_mask/bright/1002.png,118,1122,114,109,101,1105,148,143,needs_review,consensus,False,3,0.0339604780499349,0.5659155074741128,0.4882523703071223,574,0.0461934653146628,0.1456113647894469,False,0.5059531824122154,0.376953125,True,0.5530041766779884,0.1899100095033645,True,542.0,0.0436182198615805,1.0,0.0436182198615805,0.4905819892444467,0.104297440849831,0.0,0.6387891633321346,0.1584570854902267,True,7052.0,0.5675197167230002,0.800482132728304,0.4542893932077901,0.3837264835204498,0.6163633150733345,1.0,32.0,0.0025752454530822,1.0,0.0025752454530822,0.5565913409866614,0.0052309673265733,0.0,approved,True,Visual inspection passed,box_guided_pseudo_mask
1002,11,11,train,bright,E.coli,other,preprocessed_intensity_sigma040/local_flatfield/bright/1002.png,processed_plate_strategy_b_circle/counting_mask/bright/1002.png,169,1097,82,82,157,1085,106,106,needs_review,consensus,False,3,0.0825039558559571,0.5324281701875347,0.4918476526245989,1184,0.1760856632956573,0.3299888517279821,False,0.3707896441649126,0.2819546461105346,True,0.6651800538801175,0.1899311989545822,True,956.0,0.1421772754312909,1.0,0.1421772754312909,0.2810590555895632,0.264128494943486,0.0,0.5613148125175741,0.15512315928936,True,6955.0,1.0343545508625818,0.688569374550683,0.7122248661511006,0.2162192015165728,0.598433606265575,1.0,269.0,0.0400059488399762,0.8810408921933085,0.0352468768590124,0.4407237955932762,0.1543818920487522,1.0,approved,True,Visual inspection passed,box_guided_pseudo_mask
1002,12,12,train,bright,E.coli,other,preprocessed_intensity_sigma040/local_flatfield/bright/1002.png,processed_plate_strategy_b_circle/counting_mask/bright/1002.png,218,1054,91,91,204,1040,119,119,auto_candidate,consensus,False,3,0.5565656265443094,0.7712347006130954,0.7532918495357465,3554,0.4291752203840115,0.6968627450980392,False,0.8699183424019239,0.1179764196276664,True,0.9125170850513764,0.1137473806738853,True,3395.0,0.4099746407438715,1.0,0.4099746407438715,0.0705435576733244,0.6158676488346818,0.0,0.5312686743859859,0.0916863307356834,True,11843.0,1.4301412872841444,0.6119226547327535,0.8751358531578312,0.0597434111363309,0.5847750865051903,1.0,2956.0,0.3569617195990822,1.0,0.3569617195990822,0.0394512400917916,0.5100833232701365,0.0,approved,True,Visual inspection passed,box_guided_pseudo_mask
1002,13,13,train,bright,E.coli,other,preprocessed_intensity_sigma040/local_flatfield/bright/1002.png,processed_plate_strategy_b_circle/counting_mask/bright/1002.png,232,1127,91,90,218,1113,119,118,auto_candidate,consensus,False,3,0.5732946018868076,0.6752549074320178,0.7207550736331898,4274,0.5218559218559219,0.741113230449107,False,0.6092842212268705,0.1097196787595748,True,0.8902921460366385,0.1076685860753059,True,3194.0,0.38998778998779,1.0,0.38998778998779,0.0527269226455534,0.505982905982906,0.0,0.5261883550325441,0.0866203904151916,True,11470.0,1.4004884004884004,0.5953792502179599,0.8338217338217339,0.0643774725446173,0.5832502492522432,1.0,5118.0,0.6249084249084249,0.7790152403282532,0.4868131868131868,0.479250368787411,0.5928853754940712,1.0,approved,True,Visual inspection passed,box_guided_pseudo_mask
1002,14,14,train,bright,E.coli,other,preprocessed_intensity_sigma040/local_flatfield/bright/1002.png,processed_plate_strategy_b_circle/counting_mask/bright/1002.png,221,1181,62,61,212,1172,80,79,needs_review,consensus,False,2,0.2833104395604395,0.641805903345084,0.5225476818508541,825,0.2181385510312004,0.6490952006294256,False,0.0,0.470703125,False,0.7441810994149395,0.1321053653955459,True,864.0,0.2284505552617662,1.0,0.2284505552617662,0.2059617855656438,0.360655737704918,0.0,0.5394307072752286,0.1070512384176254,True,4029.0,1.065309360126917,0.7148175725986597,0.7615018508725542,0.3915557303831338,0.556093023255814,1.0,,,,,,,,approved,True,Visual inspection passed,box_guided_pseudo_mask
1002,15,15,train,bright,E.coli,other,preprocessed_intensity_sigma040/local_flatfield/bright/1002.png,processed_plate_strategy_b_circle/counting_mask/bright/1002.png,141,1313,90,91,127,1299,118,119,needs_review,consensus,False,3,0.1568898294676457,0.6445776179025856,0.5627424874747102,1453,0.1774114774114774,0.3731381612737545,False,0.5182487379289218,0.462890625,True,0.7084241182374003,0.2274663597345352,True,1288.0,0.1572649572649572,1.0,0.1572649572649572,0.1027162714388681,0.3487179487179487,0.0,0.7070599975414348,0.1910843402147293,True,3227.0,0.394017094017094,0.9451502943910752,0.3724053724053724,0.2049386095144797,0.5931876606683805,1.0,202.0,0.0246642246642246,1.0,0.0246642246642246,0.6219734812499196,0.0666666666666666,0.0,approved,True,Visual inspection passed,box_guided_pseudo_mask
1002,16,16,train,bright,E.coli,other,preprocessed_intensity_sigma040/local_flatfield/bright/1002.png,processed_plate_strategy_b_circle/counting_mask/bright/1002.png,230,1222,46,46,223,1215,60,60,auto_candidate,consensus,False,2,0.3592785951589938,0.6843934848727702,0.5661715689214226,757,0.357750472589792,0.6571180555555556,False,0.0,0.3595741391181946,False,0.8057522922425941,0.1468475013971328,True,786.0,0.3714555765595463,0.9631043256997456,0.357750472589792,0.4352613621037519,0.470383275261324,0.0,0.5630346775029462,0.1187093555927276,True,2931.0,1.3851606805293006,0.7209143636983965,0.9985822306238186,0.1154153830954732,0.5877777777777777,1.0,,,,,,,,approved,True,Visual inspection passed,box_guided_pseudo_mask
1002,17,17,train,bright,E.coli,other,preprocessed_intensity_sigma040/local_flatfield/bright/1002.png,processed_plate_strategy_b_circle/counting_mask/bright/1002.png,213,1231,61,62,204,1222,79,80,needs_review,consensus,False,3,0.1311067452521283,0.6035823728233052,0.537320309967567,1001,0.2646747752511898,0.4010416666666667,False,0.5211168388191197,0.435546875,True,0.724532099044835,0.1616977006196975,True,898.0,0.2374405076679006,1.0,0.2374405076679006,0.3983438512649874,0.3664727657324167,0.0,0.565098180605961,0.1334523111581802,True,3505.0,0.926758328926494,0.729243937232525,0.6758328926493918,0.4192210202189574,0.6753571428571429,1.0,103.0,0.0272342675832892,1.0,0.0272342675832892,0.6310200879018675,0.0901639344262295,0.0,approved,True,Visual inspection passed,box_guided_pseudo_mask
1002,18,18,train,bright,E.coli,other,preprocessed_intensity_sigma040/local_flatfield/bright/1002.png,processed_plate_strategy_b_circle/counting_mask/bright/1002.png,233,1266,56,56,225,1258,72,72,needs_review,consensus,False,3,0.0605947955390334,0.566312250545557,0.4977330786568845,489,0.1559311224489795,0.4366071428571428,False,0.4619468238753397,0.373046875,True,0.6710512251315836,0.1590550243854522,True,462.0,0.1473214285714285,1.0,0.1473214285714285,0.205256443732997,0.1836734693877551,0.0,0.5659387026297474,0.1294851303100586,True,3723.0,1.1871811224489797,0.7241471931238249,0.8596938775510204,0.2345371138388311,0.6608391608391608,1.0,27.0,0.008609693877551,1.0,0.008609693877551,0.920514230670886,0.0229591836734693,0.0,approved,True,Visual inspection passed,box_guided_pseudo_mask
1002,19,19,train,bright,E.coli,other,preprocessed_intensity_sigma040/local_flatfield/bright/1002.png,processed_plate_strategy_b_circle/counting_mask/bright/1002.png,235,1291,56,56,227,1283,72,72,needs_review,consensus,False,3,0.0517448856799037,0.5731171327860259,0.4973575631023766,430,0.1371173469387755,0.4761904761904761,False,0.4955516161837371,0.384765625,True,0.6383449871707371,0.1664964705705642,True,404.0,0.1288265306122449,1.0,0.1288265306122449,0.349343554194857,0.1808035714285714,0.0,0.5854547950036036,0.1363863795995712,True,3526.0,1.124362244897959,0.7838910947249007,0.8813775510204082,0.2784448707580158,0.6707317073170732,1.0,26.0,0.0082908163265306,1.0,0.0082908163265306,0.6710976729988745,0.0191326530612244,0.0,approved,True,Visual inspection passed,box_guided_pseudo_mask
1002,20,20,train,bright,E.coli,other,preprocessed_intensity_sigma040/local_flatfield/bright/1002.png,processed_plate_strategy_b_circle/counting_mask/bright/1002.png,272,1265,75,74,261,1254,97,96,auto_candidate,consensus,False,3,0.4525657979308639,0.6209173003941658,0.6567649494334687,3412,0.6147747747747748,0.6834935897435898,False,0.5260123468300568,0.1176317483186721,True,0.7987252009942448,0.1244188547134399,True,1602.0,0.2886486486486486,1.0,0.2886486486486486,0.1357894034109593,0.3978378378378378,0.0,0.5380143533581956,0.1000703126192092,True,8081.0,1.456036036036036,0.6240564286598194,0.9086486486486488,0.0406656601692213,0.5960051546391752,1.0,4697.0,0.8463063063063063,0.6817117308920587,0.5769369369369369,0.5583032389456949,0.5445318447094646,1.0,approved,True,Visual inspection passed,box_guided_pseudo_mask
1002,21,21,train,bright,E.coli,other,preprocessed_intensity_sigma040/local_flatfield/bright/1002.png,processed_plate_strategy_b_circle/counting_mask/bright/1002.png,260,1235,61,62,251,1226,79,80,needs_review,consensus,False,3,0.2831228956228956,0.5888079057571374,0.5846161757708684,1056,0.2792173453199365,0.7058823529411765,False,0.5244807940901307,0.1408701241016388,True,0.6962499784803403,0.1399137526750564,True,579.0,0.1530936012691697,1.0,0.1530936012691697,0.0868288942812451,0.2337387625594923,0.0,0.545692944700941,0.1125098764896392,True,5554.0,1.4685351665785298,0.6510622974432841,0.9561078794288737,0.0495510205929529,0.5984177215189873,1.0,1089.0,0.2879428873611845,0.8558310376492194,0.2464304600740349,0.5599240231327488,0.3316989458200539,1.0,approved,True,Visual inspection passed,box_guided_pseudo_mask
1002,22,22,train,bright,E.coli,other,preprocessed_intensity_sigma040/local_flatfield/bright/1002.png,processed_plate_strategy_b_circle/counting_mask/bright/1002.png,257,1199,74,74,246,1188,96,96,needs_review,consensus,False,3,0.2862849064571208,0.6168866953230473,0.5969543953892111,2325,0.4245799853907962,0.4957356076759062,False,0.6052185993892812,0.129695177078247,True,0.6962860088632532,0.1304300427436828,True,993.0,0.1813367421475529,1.0,0.1813367421475529,0.2863818711930679,0.314463111760409,0.0,0.5491554777166072,0.1049877777695655,True,7988.0,1.4587289992695398,0.6614922383575363,0.9649379108838568,0.0500779447452965,0.5941840277777778,1.0,2522.0,0.4605551497443389,0.7969865186360032,0.3670562454346238,0.6155031164074579,0.4514520387210325,1.0,approved,True,Visual inspection passed,box_guided_pseudo_mask
1002,23,23,train,bright,E.coli,other,preprocessed_intensity_sigma040/local_flatfield/bright/1002.png,processed_plate_strategy_b_circle/counting_mask/bright/1002.png,219,1308,110,109,203,1292,142,141,needs_review,consensus,False,3,0.0916318001676164,0.5412415235701854,0.4985677394867399,1911,0.1593828190158465,0.2113938053097345,False,0.5255063918551216,0.404296875,True,0.5590375868334316,0.1723425835371017,True,1985.0,0.1655546288573811,0.9652392947103274,0.1597998331943286,0.2560142842497002,0.6403496202894398,1.0,0.5391805920220031,0.1430802792310714,True,11888.0,0.9914929107589658,0.647207267833109,0.6417014178482069,0.302795308731426,0.5988412745979422,1.0,41.0,0.0034195162635529,1.0,0.0034195162635529,0.4231724429346686,0.0120100083402835,0.0,approved,True,Visual inspection passed,box_guided_pseudo_mask
1002,24,24,train,bright,E.coli,other,preprocessed_intensity_sigma040/local_flatfield/bright/1002.png,processed_plate_strategy_b_circle/counting_mask/bright/1002.png,301,1193,110,110,285,1177,142,142,auto_candidate,consensus,False,3,0.505925848703683,0.7309838601607996,0.7194675911106089,4124,0.3408264462809917,0.7098106712564544,False,0.8188175995857687,0.1098498851060867,True,0.8379482825081005,0.1044449284672737,True,3940.0,0.3256198347107438,1.0,0.3256198347107438,0.0743249181595784,0.4527272727272727,0.0,0.53618569838853,0.084084503352642,True,18293.0,1.5118181818181815,0.6290930957196742,0.9510743801652892,0.0399009475292068,0.6000793493354493,1.0,3735.0,0.3086776859504132,1.0,0.3086776859504132,0.1060045897972971,0.4208264462809917,0.0,approved,True,Visual inspection passed,box_guided_pseudo_mask
1002,25,25,train,bright,E.coli,other,preprocessed_intensity_sigma040/local_flatfield/bright/1002.png,processed_plate_strategy_b_circle/counting_mask/bright/1002.png,229,1389,100,90,214,1374,130,120,needs_review,consensus,False,3,0.0384892086330935,0.5347338372014547,0.4773647579021646,642,0.0713333333333333,0.1621212121212121,False,0.5296176759253959,0.369140625,True,0.4922044444688006,0.1981340050697326,True,676.0,0.0751111111111111,0.9363905325443788,0.0703333333333333,0.9464540020136204,0.1336835334476843,0.0,0.5823793912101678,0.1642562448978424,True,8422.0,0.9357777777777778,0.6631441462835431,0.6205555555555555,0.078324957708875,0.6147540983606558,1.0,10.0,0.0011111111111111,1.0,0.0011111111111111,0.3745367509040705,0.0022222222222222,0.0,approved,True,Visual inspection passed,box_guided_pseudo_mask
1002,26,26,train,bright,E.coli,other,preprocessed_intensity_sigma040/local_flatfield/bright/1002.png,processed_plate_strategy_b_circle/counting_mask/bright/1002.png,211,1421,68,69,201,1411,88,89,needs_review,consensus,False,3,0.0565833645835619,0.5639207870397464,0.4953724924201452,603,0.1285166240409207,0.3516034985422741,False,0.4484506520256712,0.542356014251709,True,0.6791934864547096,0.2578236162662506,True,631.0,0.1344842284739983,1.0,0.1344842284739983,0.1786685319854351,0.3164961636828644,0.0,0.5641182226388582,0.2135916501283645,True,5058.0,1.078005115089514,0.697508896797153,0.7519181585677749,0.1927217848995162,0.5990806945863125,1.0,11.0,0.0023444160272804,1.0,0.0023444160272804,0.974022495535636,0.0042625745950554,0.0,approved,True,Visual inspection passed,box_guided_pseudo_mask
1002,27,27,train,bright,E.coli,other,preprocessed_intensity_sigma040/local_flatfield/bright/1002.png,processed_plate_strategy_b_circle/counting_mask/bright/1002.png,218,1439,99,100,203,1424,129,130,needs_review,consensus,False,3,0.0501203196085335,0.5803490587729861,0.4996817353721812,959,0.0968686868686868,0.3289879931389365,False,0.4941549083099314,0.521484375,True,0.6194119676380094,0.2332250773906707,True,912.0,0.0921212121212121,1.0,0.0921212121212121,0.3177655698673478,0.1993939393939394,0.0,0.6274803003710175,0.1941083073616027,True,7806.0,0.7884848484848485,0.819369715603382,0.6460606060606061,0.249975535462777,0.590339892665474,1.0,14.0,0.0014141414141414,1.0,0.0014141414141414,0.6356629218936563,0.0036363636363636,0.0,approved,True,Visual inspection passed,box_guided_pseudo_mask
1002,28,28,train,bright,E.coli,other,preprocessed_intensity_sigma040/local_flatfield/bright/1002.png,processed_plate_strategy_b_circle/counting_mask/bright/1002.png,300,1552,99,100,285,1537,129,130,needs_review,consensus,False,3,0.0952091934094582,0.6056736461522375,0.5255926761542054,1396,0.141010101010101,0.3945732052006783,False,0.5044311141336562,0.521484375,True,0.6910436570198785,0.2382101714611053,True,1420.0,0.1434343434343434,1.0,0.1434343434343434,0.1527411980534726,0.3381818181818182,0.0,0.6215461673031778,0.1996641457080841,True,6534.0,0.66,0.7411998775635139,0.4891919191919192,0.2425607720131552,0.590339892665474,1.0,14.0,0.0014141414141414,1.0,0.0014141414141414,0.5607322544289964,0.0036363636363636,0.0,approved,True,Visual inspection passed,box_guided_pseudo_mask
1002,29,29,train,bright,E.coli,other,preprocessed_intensity_sigma040/local_flatfield/bright/1002.png,processed_plate_strategy_b_circle/counting_mask/bright/1002.png,354,1574,132,132,334,1554,172,172,needs_review,consensus,False,3,0.0434357833383251,0.5705652145207756,0.493428609976724,1248,0.071625344352617,0.2363636363636363,False,0.4825763844561301,0.509765625,True,0.5887985475685245,0.2150600850582122,True,1259.0,0.0722566574839302,1.0,0.0722566574839302,0.4446015337472205,0.2031680440771349,0.0,0.6403207115376721,0.1801180094480514,True,12070.0,0.692722681359045,0.7899751449875725,0.5472337006427915,0.1975287681979715,0.588967009194159,1.0,40.0,0.0022956841138659,1.0,0.0022956841138659,0.7276964714079222,0.0080348943985307,0.0,approved,True,Visual inspection passed,box_guided_pseudo_mask
1002,30,30,train,bright,E.coli,other,preprocessed_intensity_sigma040/local_flatfield/bright/1002.png,processed_plate_strategy_b_circle/counting_mask/bright/1002.png,403,1129,132,132,383,1109,172,172,auto_candidate,consensus,False,3,0.4752646091660863,0.7083165901853724,0.6996692492822791,5645,0.3239784205693297,0.7209450830140486,False,0.7852974082506465,0.1140012368559837,True,0.8301468038105295,0.0989549234509468,True,5547.0,0.3183539944903581,1.0,0.3183539944903581,0.0925081763522219,0.4493801652892562,0.0,0.509505558494941,0.0795984119176864,True,27787.0,1.5947543617998163,0.6015762766761436,0.959366391184573,0.0448360630999552,0.588967009194159,1.0,4604.0,0.2642332415059688,1.0,0.2642332415059688,0.0862412755658332,0.3627180899908173,0.0,approved,True,Visual inspection passed,box_guided_pseudo_mask
1002,31,31,train,bright,E.coli,other,preprocessed_intensity_sigma040/local_flatfield/bright/1002.png,processed_plate_strategy_b_circle/counting_mask/bright/1002.png,475,1212,89,93,461,1198,117,121,auto_candidate,consensus,False,3,0.5929943445040599,0.5960406163534889,0.6959642671178166,5816,0.7026700495348557,0.7589716821088347,False,0.5609051497343743,0.1176930218935012,True,0.6960544005852906,0.1230669543147087,True,4643.0,0.5609520357617495,0.9114796467800992,0.5112963634166968,0.3550706881244495,0.6440520446096655,1.0,0.5311622987408017,0.0991691425442695,True,11094.0,1.3403407031533163,0.668920137010997,0.8965808867947324,0.2324833512940305,0.5846577664759482,1.0,6264.0,0.7567959405581732,0.756066411238825,0.5721879908179291,0.5813120966418914,0.5464295794524414,1.0,approved,True,Visual inspection passed,box_guided_pseudo_mask
1002,32,32,train,bright,E.coli,other,preprocessed_intensity_sigma040/local_flatfield/bright/1002.png,processed_plate_strategy_b_circle/counting_mask/bright/1002.png,511,1158,80,84,498,1145,106,110,auto_candidate,consensus,False,3,0.5156031141408742,0.6481181181083372,0.6897083371926408,4522,0.6729166666666667,0.7476851851851852,False,0.534601324356513,0.1138863414525985,True,0.8849435530761172,0.1177671328186988,True,2585.0,0.384672619047619,1.0,0.384672619047619,0.1059767927705967,0.5619047619047619,0.0,0.5248094768923814,0.0947294309735298,True,10476.0,1.5589285714285714,0.6259068346697213,0.9757440476190476,0.0329908034790535,0.5763293310463122,1.0,5903.0,0.8784226190476191,0.7172624089446045,0.6300595238095238,0.5571219801728449,0.5468102734051367,1.0,approved,True,Visual inspection passed,box_guided_pseudo_mask
1002,33,33,train,bright,E.coli,other,preprocessed_intensity_sigma040/local_flatfield/bright/1002.png,processed_plate_strategy_b_circle/counting_mask/bright/1002.png,525,1229,86,88,512,1216,112,114,auto_candidate,consensus,False,3,0.5715481251547151,0.5816738343467125,0.6827113775428353,5771,0.7625528541226215,0.7916323731138546,False,0.5314140044316414,0.113771453499794,True,0.6877292966992905,0.1210452690720558,True,4238.0,0.5599894291754757,0.891694195375177,0.4993393234672304,0.3856316382673877,0.6688113782593972,1.0,0.5258782019092053,0.0974679142236709,True,12222.0,1.6149577167019027,0.6494027164130257,1.0487579281183932,0.0195216902571092,0.5927318295739349,1.0,7276.0,0.961416490486258,0.7095931830676195,0.6822145877378436,0.5077370196327224,0.5617295308187672,1.0,approved,True,Visual inspection passed,box_guided_pseudo_mask
1002,34,34,train,bright,E.coli,other,preprocessed_intensity_sigma040/local_flatfield/bright/1002.png,processed_plate_strategy_b_circle/counting_mask/bright/1002.png,558,1175,87,93,544,1161,115,121,auto_candidate,consensus,False,3,0.3898753616843127,0.6122611167402726,0.6313608232856185,6427,0.7943393894450624,0.7513444002805705,False,0.5567938829186966,0.1179304718971252,True,0.7339764071235881,0.1276822090148925,True,1473.0,0.1820541342232109,1.0,0.1820541342232109,0.0221368516983896,0.3240637745643307,0.0,0.546013060178533,0.1029849201440811,True,12259.0,1.5151402793227042,0.6579655763112815,0.9969101470769992,0.0216600423696906,0.5814588573481854,1.0,8881.0,1.0976393523668273,0.7078031753180948,0.7769126189593375,0.299311408406323,0.6519508023132687,1.0,approved,True,Visual inspection passed,box_guided_pseudo_mask
1002,35,35,train,bright,E.coli,other,preprocessed_intensity_sigma040/local_flatfield/bright/1002.png,processed_plate_strategy_b_circle/counting_mask/bright/1002.png,585,1184,120,120,567,1166,156,156,auto_candidate,consensus,False,3,0.4549310303673097,0.6485930836826892,0.668663094101634,6983,0.4849305555555555,0.6778295476606484,False,0.619600077460122,0.1097196713089943,True,0.8015676965540142,0.1004073694348335,True,4128.0,0.2866666666666667,1.0,0.2866666666666667,0.1050768846948811,0.3977083333333333,0.0,0.5246114770339314,0.0807343199849128,True,22257.0,1.545625,0.6059217324886552,0.9365277777777776,0.0142816877361366,0.591715976331361,1.0,8591.0,0.5965972222222222,0.7864043766732627,0.4691666666666667,0.4656925661225558,0.6263345195729537,1.0,approved,True,Visual inspection passed,box_guided_pseudo_mask
1002,36,36,train,bright,E.coli,other,preprocessed_intensity_sigma040/local_flatfield/bright/1002.png,processed_plate_strategy_b_circle/counting_mask/bright/1002.png,596,921,132,133,576,901,172,173,needs_review,consensus,False,3,0.1609414224171236,0.632058123079442,0.5591527470777701,4394,0.2502848029163819,0.5457707117128308,False,0.4744644473538078,0.447265625,True,0.7725950164127359,0.1280093938112259,True,4394.0,0.2502848029163819,1.0,0.2502848029163819,0.1171047567562545,0.3734905445431761,0.0,0.6491149054717822,0.1047669947147369,True,10589.0,0.603155616313511,0.8562659363490415,0.5164616085668717,0.417534429641451,0.5603112840466926,1.0,33.0,0.0018796992481203,1.0,0.0018796992481203,0.7815277897906772,0.0035885167464114,0.0,approved,True,Visual inspection passed,box_guided_pseudo_mask
1002,37,37,train,bright,E.coli,other,preprocessed_intensity_sigma040/local_flatfield/bright/1002.png,processed_plate_strategy_b_circle/counting_mask/bright/1002.png,634,974,120,120,616,956,156,156,needs_review,consensus,False,3,0.1090050433539468,0.6089475490088868,0.5317307847774362,3931,0.2729861111111111,0.5837540837540838,False,0.5067780930706169,0.455078125,True,0.7845016126393998,0.1576847434043884,True,3996.0,0.2775,1.0,0.2775,0.1886803708006736,0.4044444444444444,0.0,0.5355629413166436,0.1309452801942825,True,17954.0,1.2468055555555555,0.6648657680739668,0.8289583333333334,0.2322212731461964,0.591715976331361,1.0,8.0,0.0005555555555555,1.0,0.0005555555555555,0.5372900106604956,0.0008333333333333,0.0,approved,True,Visual inspection passed,box_guided_pseudo_mask
1002,38,38,train,bright,E.coli,other,preprocessed_intensity_sigma040/local_flatfield/bright/1002.png,processed_plate_strategy_b_circle/counting_mask/bright/1002.png,741,895,132,132,721,875,172,172,needs_review,consensus,False,3,0.2334285542388537,0.712119605708665,0.6165478362670648,4223,0.2423668503213957,0.4606741573033708,False,0.5035756526780084,0.408203125,True,0.7577090537904684,0.1508865654468536,True,3909.0,0.2243457300275482,1.0,0.2243457300275482,0.1441639082956379,0.4392791551882461,0.0,0.8750741106575182,0.1254505366086959,True,5981.0,0.3432621671258035,1.0,0.3432621671258035,0.0095794848867095,0.6144398530762167,0.0,318.0,0.0182506887052341,1.0,0.0182506887052341,0.6728266404278339,0.0335743801652892,0.0,approved,True,Visual inspection passed,box_guided_pseudo_mask
1002,39,39,train,bright,E.coli,other,preprocessed_intensity_sigma040/local_flatfield/bright/1002.png,processed_plate_strategy_b_circle/counting_mask/bright/1002.png,806,641,145,145,784,619,189,189,auto_candidate,consensus,False,3,0.8995952317891368,0.8848284563536271,0.9187897136676488,8068,0.3837336504161712,0.753596114328414,False,0.8603798479329241,0.1294960379600525,True,0.8829679403488515,0.1053832843899726,True,7924.0,0.376884661117717,1.0,0.376884661117717,0.0430864954222279,0.5092033293697978,0.0,0.9111375807791056,0.0848499536514282,True,8695.0,0.4135552913198573,1.0,0.4135552913198573,0.0387652427638841,0.5339833531510108,0.0,7411.0,0.3524851367419738,1.0,0.3524851367419738,0.0476625210521368,0.4565992865636147,0.0,approved,True,Visual inspection passed,box_guided_pseudo_mask
1002,40,40,train,bright,E.coli,other,preprocessed_intensity_sigma040/local_flatfield/bright/1002.png,processed_plate_strategy_b_circle/counting_mask/bright/1002.png,791,523,146,145,769,501,190,189,auto_candidate,consensus,False,3,0.6032545096956249,0.7643724683473462,0.7668880657324072,8577,0.405148795465281,0.7644385026737968,False,0.8725345591352093,0.133432924747467,True,0.9022161658900768,0.1072689369320869,True,8500.0,0.4015115729806329,1.0,0.4015115729806329,0.0408021778653932,0.5299952763344355,0.0,0.5183666800167527,0.0863745883107185,True,31571.0,1.4913084553613605,0.5728358303506382,0.8542749173358526,0.0415634348469753,0.5895293790030632,1.0,7761.0,0.3666036844591402,1.0,0.3666036844591402,0.0406834068988483,0.4719414265470005,0.0,approved,True,Visual inspection passed,box_guided_pseudo_mask
1002,41,41,train,bright,E.coli,other,preprocessed_intensity_sigma040/local_flatfield/bright/1002.png,processed_plate_strategy_b_circle/counting_mask/bright/1002.png,847,962,83,82,835,950,107,106,needs_review,consensus,False,3,0.3046053675728922,0.5850779703965091,0.5906430668091159,67,0.0098442550690567,0.8271604938271605,False,0.5554280952843801,0.349609375,True,0.5563415908567186,0.1963055878877639,True,67.0,0.0098442550690567,1.0,0.0098442550690567,0.2303173628735444,0.0119012635909491,0.0,0.6434642250484286,0.1641861051321029,True,4454.0,0.6544225683220688,0.837449483610238,0.5480458419042021,0.4115784252882308,0.6765062231523296,1.0,59.0,0.0086688216279753,1.0,0.0086688216279753,0.2311119845260799,0.0119012635909491,0.0,approved,True,Visual inspection passed,box_guided_pseudo_mask
1002,42,42,train,bright,E.coli,other,preprocessed_intensity_sigma040/local_flatfield/bright/1002.png,processed_plate_strategy_b_circle/counting_mask/bright/1002.png,872,934,114,122,854,916,150,158,needs_review,consensus,False,3,0.0954641200884612,0.5836365779536563,0.516867073212424,2797,0.2011072763876905,0.4062454611474219,False,0.5668849317870169,0.3132506012916565,True,0.6737088302351701,0.1283883601427078,True,2168.0,0.1558815070463043,1.0,0.1558815070463043,0.3707033131795895,0.3785591026747196,0.0,0.5103159718387816,0.1052647233009338,True,17058.0,1.22648835202761,0.5708758353851565,0.7001725625539258,0.188457417203907,0.5868354430379746,1.0,632.0,0.0454414725337935,1.0,0.0454414725337935,0.4092378489572401,0.1190681622088006,0.0,approved,True,Visual inspection passed,box_guided_pseudo_mask
1002,43,43,train,bright,E.coli,other,preprocessed_intensity_sigma040/local_flatfield/bright/1002.png,processed_plate_strategy_b_circle/counting_mask/bright/1002.png,604,1334,100,91,589,1319,130,121,auto_candidate,consensus,False,3,0.6460105050333639,0.6308677296594052,0.7284507686254394,5253,0.5772527472527472,0.7540913006029285,False,0.6642021924617841,0.1097273379564285,True,0.710488299490061,0.1020734831690788,True,5016.0,0.5512087912087912,0.925438596491228,0.5101098901098902,0.298348967203859,0.6347809450927875,1.0,0.5179126970263703,0.0821631103754043,True,14312.0,1.5727472527472528,0.6109558412520961,0.9608791208791208,0.0289927407046845,0.5785123966942148,1.0,5626.0,0.6182417582417582,0.8924635620334163,0.5517582417582417,0.4064888244812061,0.609375,1.0,approved,True,Visual inspection passed,box_guided_pseudo_mask
1002,44,44,train,bright,E.coli,other,preprocessed_intensity_sigma040/local_flatfield/bright/1002.png,processed_plate_strategy_b_circle/counting_mask/bright/1002.png,620,1285,114,107,603,1268,148,141,auto_candidate,consensus,False,3,0.5437498961500756,0.6808439257350946,0.7126500339465642,5616,0.4604033448106246,0.7335423197492164,False,0.6667449094810465,0.1097196713089943,True,0.8363691893045131,0.1055414602160453,True,5499.0,0.4508116084604033,0.9039825422804146,0.4075258239055583,0.4546172910499222,0.5391650685941879,0.0,0.539417678419724,0.0850420892238617,True,17975.0,1.47360222987375,0.6584700973574409,0.97032300377111,0.1020112538541385,0.5845313398504888,1.0,5663.0,0.4642564354812264,0.8887515451174289,0.4126086243646499,0.5007996646648033,0.5036603221083455,1.0,approved,True,Visual inspection passed,box_guided_pseudo_mask
1002,45,45,train,bright,E.coli,other,preprocessed_intensity_sigma040/local_flatfield/bright/1002.png,processed_plate_strategy_b_circle/counting_mask/bright/1002.png,694,1346,69,68,684,1336,89,88,auto_candidate,consensus,False,3,0.4908899458448131,0.6480802572353453,0.6810435839398228,2674,0.5699062233589087,0.7814143775569842,False,0.5594993134476732,0.1057215183973312,True,0.8419199257881542,0.1127110570669174,True,1514.0,0.3226768968456948,1.0,0.3226768968456948,0.0292484058939169,0.45076726342711,0.0,0.5428215324702086,0.0905399098992347,True,6756.0,1.4398976982097187,0.627886323268206,0.9040920716112532,0.022402387269415,0.5990806945863125,1.0,3602.0,0.76768968456948,0.757634647418101,0.5816283034953111,0.5589439122749013,0.5132382892057027,1.0,approved,True,Visual inspection passed,box_guided_pseudo_mask
1002,46,46,train,bright,E.coli,other,preprocessed_intensity_sigma040/local_flatfield/bright/1002.png,processed_plate_strategy_b_circle/counting_mask/bright/1002.png,691,1304,62,62,682,1295,80,80,auto_candidate,consensus,False,3,0.3331658600084785,0.6054144557314177,0.6087738332955346,2324,0.6045785639958376,0.7945299145299145,False,0.5342465045963691,0.1176317483186721,True,0.7175677130514472,0.123642161488533,True,760.0,0.1977107180020811,1.0,0.1977107180020811,0.2173225648348352,0.3204994797086368,0.0,0.564429149546437,0.0994478687644004,True,5419.0,1.4097294484911551,0.7080642184904964,0.998178980228928,0.0745005772042442,0.600625,1.0,2987.0,0.7770551508844953,0.7140944091061265,0.5548907388137357,0.6219866177616017,0.5093353248693054,1.0,approved,True,Visual inspection passed,box_guided_pseudo_mask
1002,47,47,train,bright,E.coli,other,preprocessed_intensity_sigma040/local_flatfield/bright/1002.png,processed_plate_strategy_b_circle/counting_mask/bright/1002.png,714,1288,69,68,704,1278,89,88,auto_candidate,consensus,False,3,0.3847761676305643,0.6137780589701197,0.6301828822587454,3727,0.7943307757885762,0.7290688575899843,False,0.5587854285987924,0.1140089035034179,True,0.7206400358944841,0.1247511506080627,True,901.0,0.1920289855072463,1.0,0.1920289855072463,0.1868006207802013,0.3482523444160272,0.0,0.5619087124170826,0.1004294008016586,True,6975.0,1.4865728900255757,0.6827240143369175,1.014919011082694,0.0048668768747924,0.5990806945863125,1.0,5119.0,1.091005967604433,0.7356905645633913,0.8026427962489343,0.3563015360057846,0.6502217294900222,1.0,approved,True,Visual inspection passed,box_guided_pseudo_mask
1002,48,48,train,bright,E.coli,other,preprocessed_intensity_sigma040/local_flatfield/bright/1002.png,processed_plate_strategy_b_circle/counting_mask/bright/1002.png,728,1324,82,82,716,1312,106,106,auto_candidate,consensus,False,3,0.4260929725927858,0.6157296667204201,0.6454244070956431,5113,0.7604104699583581,0.7622242098986285,False,0.5484835910831002,0.1056296080350875,True,0.7467564281377054,0.115731306374073,True,1637.0,0.2434562760261749,1.0,0.2434562760261749,0.2430902564977718,0.334622248661511,0.0,0.5519489809404545,0.0932919085025787,True,9978.0,1.4839381320642475,0.6607536580477049,0.9805175490779298,0.023333713707192,0.598433606265575,1.0,7012.0,1.0428316478286734,0.7301768397033657,0.7614515169541939,0.4341628663553599,0.6346232179226069,1.0,approved,True,Visual inspection passed,box_guided_pseudo_mask
1002,49,49,train,bright,E.coli,other,preprocessed_intensity_sigma040/local_flatfield/bright/1002.png,processed_plate_strategy_b_circle/counting_mask/bright/1002.png,739,1251,110,109,723,1235,142,141,auto_candidate,consensus,False,3,0.4684227264008729,0.6562024785804855,0.6764289456724998,6635,0.5533778148457048,0.6909299177340414,False,0.60326656188339,0.1098269075155258,True,0.8377165716341829,0.1054835766553878,True,3947.0,0.3291909924937448,1.0,0.3291909924937448,0.1337193927490424,0.5074228523769808,0.0,0.5276243022238838,0.0848871693015098,True,18720.0,1.561301084236864,0.6274038461538461,0.9795663052543786,0.0293577160764946,0.5988412745979422,1.0,8246.0,0.6877397831526272,0.7923841862721319,0.544954128440367,0.4775180627880768,0.5848068107400131,1.0,approved,True,Visual inspection passed,box_guided_pseudo_mask
1002,50,50,train,bright,E.coli,other,preprocessed_intensity_sigma040/local_flatfield/bright/1002.png,processed_plate_strategy_b_circle/counting_mask/bright/1002.png,625,1452,120,120,607,1434,156,156,auto_candidate,consensus,False,3,0.5064470590350248,0.658094358904303,0.6904942142239798,6988,0.4852777777777777,0.6463189049204587,False,0.6031182567744281,0.1140931472182273,True,0.8439468818917943,0.1052439138293266,True,4785.0,0.3322916666666666,1.0,0.3322916666666666,0.0953140170698645,0.4958333333333333,0.0,0.5272179380466867,0.0847282335162162,True,21774.0,1.5120833333333332,0.5962156700652154,0.9015277777777778,0.0173178284999427,0.591715976331361,1.0,8866.0,0.6156944444444444,0.7518610421836228,0.4629166666666666,0.4673391275837343,0.6430132140255956,1.0,approved,True,Visual inspection passed,box_guided_pseudo_mask
1002,51,51,train,bright,E.coli,other,preprocessed_intensity_sigma040/local_flatfield/bright/1002.png,processed_plate_strategy_b_circle/counting_mask/bright/1002.png,688,1446,69,69,678,1436,89,89,auto_candidate,consensus,False,3,0.4728664847129018,0.5847466207265836,0.6494019179401491,2534,0.5322411258139046,0.608988223984619,False,0.5446821305563937,0.1330959200859069,True,0.6521306203658229,0.1361340284347534,True,1994.0,0.4188195757193866,0.8866599799398195,0.3713505566057551,0.5338919175298396,0.5861952292336322,1.0,0.5574271112575342,0.1098092943429946,True,6629.0,1.392354547363999,0.7096092925026399,0.9880277252678008,0.1355141966631434,0.6010604721626057,1.0,2959.0,0.621508086536442,0.7303142953700574,0.4538962402856543,0.6831713412969539,0.463231850117096,1.0,approved,True,Visual inspection passed,box_guided_pseudo_mask
1002,52,52,train,bright,E.coli,other,preprocessed_intensity_sigma040/local_flatfield/bright/1002.png,processed_plate_strategy_b_circle/counting_mask/bright/1002.png,702,1408,74,75,691,1397,96,97,auto_candidate,consensus,False,3,0.5479559081481697,0.60504250447884,0.6838015696433954,3390,0.6108108108108108,0.712484237074401,False,0.5664826771472823,0.1100566908717155,True,0.7051281681956393,0.105785921216011,True,3019.0,0.543963963963964,0.9364027823782708,0.5093693693693694,0.3773944362332838,0.6305603697284806,1.0,0.5435166680935986,0.0851849690079689,True,8731.0,1.573153153153153,0.6823960600160348,1.0735135135135134,0.0316128486788687,0.5960051546391752,1.0,3836.0,0.6911711711711712,0.7632950990615224,0.5275675675675676,0.6103560044606549,0.5045454545454545,1.0,approved,True,Visual inspection passed,box_guided_pseudo_mask
1002,53,53,train,bright,E.coli,other,preprocessed_intensity_sigma040/local_flatfield/bright/1002.png,processed_plate_strategy_b_circle/counting_mask/bright/1002.png,736,1431,62,62,727,1422,80,80,auto_candidate,consensus,False,3,0.5566402123331325,0.5965931099966385,0.6834613183152518,2615,0.6802809573361083,0.7768865121806299,False,0.5645445423399463,0.1215762943029403,True,0.6671546197162267,0.1261740326881408,True,2186.0,0.568678459937565,0.8920402561756633,0.5072840790842872,0.4819685149020096,0.6169780666125102,1.0,0.5580801679337424,0.1016297340393066,True,5535.0,1.4399063475546303,0.6890695573622403,0.9921956295525496,0.0639482565317588,0.600625,1.0,2847.0,0.7406347554630593,0.7657182999648753,0.5671175858480749,0.6088378663130177,0.5618069815195071,1.0,approved,True,Visual inspection passed,box_guided_pseudo_mask
1002,54,54,train,bright,E.coli,other,preprocessed_intensity_sigma040/local_flatfield/bright/1002.png,processed_plate_strategy_b_circle/counting_mask/bright/1002.png,722,1472,66,73,711,1461,88,95,auto_candidate,consensus,False,3,0.3936991441379885,0.6269106050287151,0.6385589424597821,3306,0.6861768368617683,0.6133580705009276,False,0.588407345028622,0.1330959200859069,True,0.7629155997968707,0.1337639689445495,True,1147.0,0.2380655873806558,1.0,0.2380655873806558,0.1667343221805347,0.4283935242839352,0.0,0.5294088702606525,0.1076934114098548,True,7437.0,1.5435865504358657,0.6337232755143203,0.9782067247820672,0.0397863101651977,0.5763157894736842,1.0,4263.0,0.8848069738480697,0.7185080928923293,0.6357409713574097,0.1988302010847346,0.596656346749226,1.0,approved,True,Visual inspection passed,box_guided_pseudo_mask
1002,55,55,train,bright,E.coli,other,preprocessed_intensity_sigma040/local_flatfield/bright/1002.png,processed_plate_strategy_b_circle/counting_mask/bright/1002.png,738,1494,120,120,720,1476,156,156,auto_candidate,consensus,False,3,0.4953301585378969,0.6660084088199592,0.6897689190162476,8102,0.5626388888888889,0.7283351312477526,False,0.5999870820494948,0.1139169856905937,True,0.8751663033441935,0.1077032759785652,True,5242.0,0.3640277777777778,1.0,0.3640277777777778,0.0445414545247212,0.5211805555555555,0.0,0.5228718410661892,0.0866404995322227,True,22544.0,1.5655555555555556,0.619277856635912,0.9695138888888888,0.0328742920164488,0.591715976331361,1.0,9783.0,0.679375,0.7789021772462434,0.5291666666666667,0.507123762974639,0.6223404255319149,1.0,approved,True,Visual inspection passed,box_guided_pseudo_mask
1002,56,56,train,bright,E.coli,other,preprocessed_intensity_sigma040/local_flatfield/bright/1002.png,processed_plate_strategy_b_circle/counting_mask/bright/1002.png,771,1457,83,68,759,1445,107,92,auto_candidate,consensus,False,3,0.6096584946260523,0.583784162409974,0.696894138083108,4416,0.7824238128986535,0.7049808429118773,False,0.5497139870284319,0.1214231103658676,True,0.6665889765530181,0.1291604042053222,True,2811.0,0.4980510276399716,0.8890074706510138,0.4427710843373494,0.4794538037473884,0.5311066513761468,1.0,0.5350495236484719,0.1041335761547088,True,8088.0,1.4330262225372077,0.6319238377843719,0.9055634301913535,0.0725021529500827,0.5733441690369768,1.0,6267.0,1.1103827072997874,0.67496409765438,0.7494684620836286,0.2532463438226548,0.6390398550724637,1.0,approved,True,Visual inspection passed,box_guided_pseudo_mask
1002,57,57,train,bright,E.coli,other,preprocessed_intensity_sigma040/local_flatfield/bright/1002.png,processed_plate_strategy_b_circle/counting_mask/bright/1002.png,785,1415,95,92,771,1401,123,120,auto_candidate,consensus,False,3,0.5832150372521919,0.6682917375755354,0.7214419580684813,4332,0.4956521739130435,0.6522131887985546,False,0.5891430830427774,0.1096813753247261,True,0.8852150417727447,0.1024076789617538,True,3664.0,0.4192219679633867,0.974617903930131,0.4085812356979405,0.2497038118805017,0.6370967741935484,0.0,0.5305170879110841,0.0823769196867942,True,12527.0,1.4332951945080092,0.6276842021234135,0.8996567505720824,0.1086604271365686,0.592140921409214,1.0,5424.0,0.6205949656750572,0.7684365781710915,0.4768878718535469,0.5426894843482863,0.5282541975085756,1.0,approved,True,Visual inspection passed,box_guided_pseudo_mask
1002,58,58,train,bright,E.coli,other,preprocessed_intensity_sigma040/local_flatfield/bright/1002.png,processed_plate_strategy_b_circle/counting_mask/bright/1002.png,856,1465,110,110,840,1449,142,142,auto_candidate,consensus,False,3,0.5165160986616534,0.6721486656211462,0.6996401007800371,6832,0.5646280991735537,0.7261904761904762,False,0.6180385494362012,0.1131433919072151,True,0.8599557350243783,0.1099602878093719,True,4167.0,0.3443801652892562,1.0,0.3443801652892562,0.0764212502957262,0.5472727272727272,0.0,0.5384517124028592,0.0886054337024688,True,17989.0,1.4866942148760331,0.6298293401523153,0.9363636363636364,0.0454649490505512,0.6000793493354493,1.0,8136.0,0.672396694214876,0.8223942969518191,0.5529752066115703,0.4547856207110665,0.5694553036226219,1.0,approved,True,Visual inspection passed,box_guided_pseudo_mask
1002,59,59,train,bright,E.coli,other,preprocessed_intensity_sigma040/local_flatfield/bright/1002.png,processed_plate_strategy_b_circle/counting_mask/bright/1002.png,902,1427,110,109,886,1411,142,141,auto_candidate,consensus,False,3,0.5327959869317355,0.6636708443396807,0.7019469331619796,6380,0.5321100917431193,0.6923494302767227,False,0.6059440427157291,0.1177389845252037,True,0.8534741273981308,0.1203681901097297,True,3899.0,0.3251876563803169,1.0,0.3251876563803169,0.0165379751960923,0.5316930775646372,0.0,0.5315943629051826,0.0970631316304206,True,14445.0,1.2047539616346956,0.6571131879543094,0.7916597164303586,0.2655063417949949,0.5988412745979422,1.0,7480.0,0.6238532110091743,0.8001336898395722,0.4991659716430359,0.537513443592723,0.53550178500595,1.0,approved,True,Visual inspection passed,box_guided_pseudo_mask
1002,60,60,train,bright,E.coli,other,preprocessed_intensity_sigma040/local_flatfield/bright/1002.png,processed_plate_strategy_b_circle/counting_mask/bright/1002.png,960,1732,145,145,938,1710,189,189,needs_review,consensus,False,3,0.2734721078834921,0.7372737676066702,0.6406247448018904,6976,0.33179548156956,0.7751111111111111,False,0.4704485927504497,0.498046875,True,0.8363364861535927,0.1519775092601776,True,6912.0,0.3287514863258026,1.0,0.3287514863258026,0.0837216433979887,0.4280618311533888,0.0,0.905036223915968,0.1266722828149795,True,8494.0,0.4039952437574316,1.0,0.4039952437574316,0.0321091717670018,0.5292746730083234,0.0,14.0,0.0006658739595719,1.0,0.0006658739595719,0.8027598056633036,0.0008561236623067,0.0,approved,True,Visual inspection passed,box_guided_pseudo_mask
1002,61,61,train,bright,E.coli,other,preprocessed_intensity_sigma040/local_flatfield/bright/1002.png,processed_plate_strategy_b_circle/counting_mask/bright/1002.png,950,1373,133,133,930,1353,173,173,auto_candidate,consensus,False,3,0.5450837938462402,0.7136806765764928,0.7262515984767812,5207,0.2943637288710498,0.7207918050941307,False,0.8003755328885261,0.1136565655469894,True,0.819411950054079,0.1037822216749191,True,5156.0,0.2914805811521284,1.0,0.2914805811521284,0.0067758091977287,0.408389394538979,0.0,0.5212545467868736,0.0835520252585411,True,22200.0,1.2550172423540054,0.6207207207207207,0.7790152071909096,0.2231678119480391,0.5910321093254035,1.0,4823.0,0.2726553225168183,1.0,0.2726553225168183,0.0176233158102554,0.3617502402623099,0.0,approved,True,Visual inspection passed,box_guided_pseudo_mask
1002,62,62,train,bright,E.coli,other,preprocessed_intensity_sigma040/local_flatfield/bright/1002.png,processed_plate_strategy_b_circle/counting_mask/bright/1002.png,1062,1361,110,110,1046,1345,142,142,auto_candidate,consensus,False,3,0.5116509411584406,0.7236579744396069,0.718541019181297,3962,0.3274380165289256,0.7154207295052365,False,0.7957212572683745,0.1137637943029403,True,0.8399601889523259,0.1018905714154243,True,3931.0,0.3248760330578512,1.0,0.3248760330578512,0.0595583482709864,0.4576859504132231,0.0,0.5352924770981204,0.0820122882723808,True,17143.0,1.416776859504132,0.6022866476112699,0.8533057851239669,0.0220017922590357,0.6000793493354493,1.0,3302.0,0.272892561983471,1.0,0.272892561983471,0.067076308389942,0.3814049586776859,0.0,approved,True,Visual inspection passed,box_guided_pseudo_mask
1002,63,63,train,bright,E.coli,other,preprocessed_intensity_sigma040/local_flatfield/bright/1002.png,processed_plate_strategy_b_circle/counting_mask/bright/1002.png,1043,1295,99,100,1028,1280,129,130,auto_candidate,consensus,False,3,0.5173885888478674,0.7374117740429691,0.7260507157139412,3504,0.3539393939393939,0.6951001785360048,False,0.8270183951090169,0.1138250678777694,True,0.8627007501543575,0.0967339053750038,True,3428.0,0.3462626262626262,1.0,0.3462626262626262,0.0380331337533586,0.5091919191919192,0.0,0.5225161768655326,0.0778810679912567,True,15156.0,1.530909090909091,0.6194906307732911,0.9483838383838384,0.0823729506424406,0.590339892665474,1.0,3044.0,0.3074747474747474,1.0,0.3074747474747474,0.0396009513012792,0.42,0.0,approved,True,Visual inspection passed,box_guided_pseudo_mask
1002,64,64,train,bright,E.coli,other,preprocessed_intensity_sigma040/local_flatfield/bright/1002.png,processed_plate_strategy_b_circle/counting_mask/bright/1002.png,1065,1865,109,109,1049,1849,141,141,needs_review,consensus,False,3,0.1541305672516462,0.5676339065976236,0.5309992611771257,2495,0.2099991583200067,0.3449944690265487,False,0.4795869627891202,0.482421875,True,0.5930715487129645,0.2213095426559448,True,2642.0,0.2223718542210251,0.9538228614685844,0.2121033583031731,0.0726269676777289,0.3899530446448535,1.0,0.630243208290786,0.1835334002971649,True,6798.0,0.5721740594226076,0.7918505442777287,0.4530763403753893,0.358493364499245,0.5414571323439225,1.0,11.0,0.0009258479925932,1.0,0.0009258479925932,0.7377196511183348,0.0012625199898998,0.0,approved,True,Visual inspection passed,box_guided_pseudo_mask
1002,65,65,train,bright,E.coli,other,preprocessed_intensity_sigma040/local_flatfield/bright/1002.png,processed_plate_strategy_b_circle/counting_mask/bright/1002.png,1132,1822,120,120,1114,1804,156,156,needs_review,consensus,False,3,0.0917676236225698,0.6073829419660489,0.525071845054319,1877,0.1303472222222222,0.4015832263585793,False,0.4906009764481494,0.498046875,True,0.6549562838612029,0.2045553475618362,True,1808.0,0.1255555555555555,1.0,0.1255555555555555,0.2600720106828442,0.246875,0.0,0.6765915655887943,0.1701530516147613,True,8426.0,0.5851388888888889,0.808687396154759,0.4731944444444444,0.1806108274524993,0.6903103229892337,1.0,17.0,0.0011805555555555,1.0,0.0011805555555555,0.6591269142733965,0.001875,0.0,approved,True,Visual inspection passed,box_guided_pseudo_mask
1002,66,66,train,bright,E.coli,other,preprocessed_intensity_sigma040/local_flatfield/bright/1002.png,processed_plate_strategy_b_circle/counting_mask/bright/1002.png,1238,1817,120,120,1220,1799,156,156,needs_review,consensus,False,3,0.1936200160189574,0.5497734489640288,0.5376763851922466,2697,0.1872916666666666,0.3152173913043478,False,0.4081857902518112,0.498046875,True,0.5714718477865455,0.2112782448530197,True,2760.0,0.1916666666666666,0.936231884057971,0.1794444444444444,0.0986700536942232,0.4843304843304843,1.0,0.6696627088537296,0.1764112114906311,True,5604.0,0.3891666666666666,0.826017130620985,0.3214583333333333,0.1030988845232005,0.6284319707138499,1.0,131.0,0.0090972222222222,0.8396946564885496,0.0076388888888888,0.918443959898297,0.0277109262187994,0.0,approved,True,Visual inspection passed,box_guided_pseudo_mask
1002,67,67,train,bright,E.coli,other,preprocessed_intensity_sigma040/local_flatfield/bright/1002.png,processed_plate_strategy_b_circle/counting_mask/bright/1002.png,1301,1671,132,132,1281,1651,172,172,needs_review,consensus,False,3,0.1178609435970202,0.5963462406726773,0.529789826528028,3987,0.2288223140495867,0.55375,False,0.506602546221001,0.498046875,True,0.7601669331641222,0.158557504415512,True,3927.0,0.2253787878787878,1.0,0.2253787878787878,0.0872893727265365,0.3787878787878788,0.0,0.5222692426329086,0.1316608041524887,True,17114.0,0.982208448117539,0.6585251840598341,0.6468089990817264,0.4854318997520795,0.6331395348837209,1.0,13.0,0.0007460973370064,1.0,0.0007460973370064,0.5399177073147072,0.0013774104683195,0.0,approved,True,Visual inspection passed,box_guided_pseudo_mask
1002,68,68,train,bright,E.coli,other,preprocessed_intensity_sigma040/local_flatfield/bright/1002.png,processed_plate_strategy_b_circle/counting_mask/bright/1002.png,1294,1604,132,132,1274,1584,172,172,auto_candidate,consensus,False,2,0.3887062352194728,0.7000666595770153,0.5827405128242883,6739,0.3867653810835629,0.7078781512605042,False,0.0,0.498046875,False,0.8773779735026497,0.1144089624285698,True,6643.0,0.3812557392102846,1.0,0.3812557392102846,0.1327643407883237,0.5463728191000918,0.0,0.5227553456513808,0.0924323499202728,True,27022.0,1.5508494031221305,0.6418103767300718,0.9953512396694216,0.1076409466763728,0.588967009194159,1.0,,,,,,,,approved,True,Visual inspection passed,box_guided_pseudo_mask
1002,69,69,train,bright,E.coli,other,preprocessed_intensity_sigma040/local_flatfield/bright/1002.png,processed_plate_strategy_b_circle/counting_mask/bright/1002.png,1365,1420,160,161,1341,1396,208,209,auto_candidate,consensus,False,3,0.4783490613086973,0.72446841738465,0.707209538411904,8918,0.346195652173913,0.7109941800207287,False,0.8101744980772825,0.1255514919757843,True,0.8558519294954188,0.0956562533974647,True,8743.0,0.3394021739130435,1.0,0.3394021739130435,0.0374920952150683,0.486917701863354,0.0,0.5073788245812487,0.076893649995327,True,42712.0,1.6580745341614906,0.6154710619966286,1.020496894409938,0.0124433531046679,0.5925653294074347,1.0,7313.0,0.283889751552795,1.0,0.283889751552795,0.0243000316325362,0.3920031055900621,0.0,approved,True,Visual inspection passed,box_guided_pseudo_mask
1002,70,70,train,bright,E.coli,other,preprocessed_intensity_sigma040/local_flatfield/bright/1002.png,processed_plate_strategy_b_circle/counting_mask/bright/1002.png,1448,1696,132,133,1428,1676,172,173,needs_review,consensus,False,3,0.1211871250116911,0.5492923369106263,0.5121324285183424,2530,0.144110275689223,0.1996527777777778,False,0.4924362494449951,0.439453125,True,0.5245961155149126,0.2016420364379882,True,2738.0,0.1559580770107086,0.9079620160701242,0.1416040100250626,0.2218637362901152,0.5301639344262296,1.0,0.6308446457719711,0.1671552211046219,True,9218.0,0.525062656641604,0.7633977001518768,0.400831624515835,0.3380366820368317,0.6004103967168263,1.0,11.0,0.0006265664160401,1.0,0.0006265664160401,0.6424433868423357,0.0011392116655274,0.0,approved,True,Visual inspection passed,box_guided_pseudo_mask
1002,71,71,train,bright,E.coli,other,preprocessed_intensity_sigma040/local_flatfield/bright/1002.png,processed_plate_strategy_b_circle/counting_mask/bright/1002.png,1512,1623,132,132,1492,1603,172,172,needs_review,consensus,False,3,0.0774530454625241,0.605924515780493,0.5194783722240807,1765,0.1012970615243342,0.4244829244829244,False,0.5548125438331362,0.416015625,True,0.6299795107071511,0.1957076787948608,True,1741.0,0.0999196510560146,1.0,0.0999196510560146,0.3082448229043902,0.2386363636363636,0.0,0.632981492801192,0.1626311987638473,True,10058.0,0.5772497704315886,0.7564128057267846,0.4366391184573003,0.2464631645370177,0.588967009194159,1.0,16.0,0.0009182736455463,1.0,0.0009182736455463,0.1899990333937038,0.0024104683195592,0.0,approved,True,Visual inspection passed,box_guided_pseudo_mask
1002,72,72,train,bright,E.coli,other,preprocessed_intensity_sigma040/local_flatfield/bright/1002.png,processed_plate_strategy_b_circle/counting_mask/bright/1002.png,1611,1497,145,145,1589,1475,189,189,needs_review,consensus,False,3,0.021473085989215,0.5637474361494427,0.4830145545560023,665,0.031629013079667,0.2805907172995781,False,0.4705916212378714,0.478515625,True,0.5247648575373254,0.1855652332305908,True,646.0,0.0307253269916765,1.0,0.0307253269916765,0.5977155107868569,0.0570749108204518,0.0,0.6958858296731313,0.1544253975152969,True,12337.0,0.5867776456599286,0.8381292048309962,0.49179548156956,0.0681626914789925,0.5885893452031018,1.0,11.0,0.0005231866825208,1.0,0.0005231866825208,0.8012475409501834,0.0011890606420927,0.0,approved,True,Visual inspection passed,box_guided_pseudo_mask
1002,73,73,train,bright,E.coli,other,preprocessed_intensity_sigma040/local_flatfield/bright/1002.png,processed_plate_strategy_b_circle/counting_mask/bright/1002.png,1769,1128,160,160,1745,1104,208,208,needs_review,consensus,False,3,0.0032804445337082,0.6258594479709881,0.5014919347751932,98,0.003828125,0.4454545454545454,False,0.5781629255744377,0.501953125,True,0.5591878443400762,0.2247247397899627,True,76.0,0.00296875,1.0,0.00296875,0.1694198705526852,0.00390625,0.0,0.7402275739984503,0.1893774569034576,True,10866.0,0.424453125,0.917540953432726,0.389453125,0.0061669427958505,0.5699481865284974,1.0,22.0,0.000859375,1.0,0.000859375,0.0193932365521318,0.00234375,0.0,approved,True,Visual inspection passed,box_guided_pseudo_mask
1002,74,74,train,bright,E.coli,other,preprocessed_intensity_sigma040/local_flatfield/bright/1002.png,processed_plate_strategy_b_circle/counting_mask/bright/1002.png,1140,1383,94,104,1124,1367,126,136,auto_candidate,consensus,False,3,0.663537671824035,0.6731531039994527,0.7514994267381934,5365,0.5487929623567921,0.7917650531286895,False,0.6345367097904252,0.1140395328402519,True,0.8690842887663772,0.1093993186950683,True,5175.0,0.5293576104746317,0.9395169082125604,0.4973404255319149,0.2929070805023216,0.6043956043956044,0.0,0.5158383134415558,0.0880827382206916,True,14932.0,1.5274140752864158,0.5791588534690597,0.8846153846153846,0.0214097190545078,0.5704948646125116,1.0,6100.0,0.6239770867430442,0.8218032786885245,0.5127864157119476,0.4348661503004382,0.6052631578947368,1.0,approved,True,Visual inspection passed,box_guided_pseudo_mask
1002,75,75,train,bright,E.coli,other,preprocessed_intensity_sigma040/local_flatfield/bright/1002.png,processed_plate_strategy_b_circle/counting_mask/bright/1002.png,1171,1393,95,102,1156,1378,125,132,auto_candidate,consensus,False,3,0.6253472802344618,0.6746286852663985,0.7387230221886211,7098,0.7325077399380805,0.8055839291794348,False,0.616577997390632,0.1178079098463058,True,0.8595063609714335,0.1178968548774719,True,5305.0,0.5474716202270382,0.938737040527804,0.5139318885448917,0.3622277663745704,0.6562063506844212,0.0,0.5478016974371303,0.0951236113905906,True,14448.0,1.4910216718266254,0.6596068660022149,0.9834881320949432,0.0404921227955319,0.5872727272727273,1.0,8116.0,0.8375644994840041,0.8239280433711188,0.6900928792569659,0.2823519539153112,0.5771060528434458,1.0,approved,True,Visual inspection passed,box_guided_pseudo_mask
1002,76,76,train,bright,E.coli,other,preprocessed_intensity_sigma040/local_flatfield/bright/1002.png,processed_plate_strategy_b_circle/counting_mask/bright/1002.png,1216,1358,115,111,1199,1341,149,145,auto_candidate,consensus,False,3,0.4819805022652936,0.6564628446987055,0.681278313672335,8463,0.6629847238542891,0.6184143222506394,False,0.5983477253867012,0.1214920431375503,True,0.8322938727227028,0.1208189874887466,True,4040.0,0.3164904034469252,1.0,0.3164904034469252,0.0961507615021368,0.4886016451233843,0.0,0.5387469359867125,0.0973594635725021,True,19228.0,1.5063063063063062,0.6278864156438527,0.945789267528398,0.0191103550282378,0.5908354547558435,1.0,11070.0,0.8672150411280846,0.7357723577235772,0.6380728554641598,0.2118627907367326,0.6346010439970171,1.0,approved,True,Visual inspection passed,box_guided_pseudo_mask
1002,77,77,train,bright,E.coli,other,preprocessed_intensity_sigma040/local_flatfield/bright/1002.png,processed_plate_strategy_b_circle/counting_mask/bright/1002.png,1231,1319,71,68,1220,1308,93,90,auto_candidate,consensus,False,3,0.5734495192309944,0.5669320745312251,0.6774801615433381,3569,0.7392294946147473,0.7398424543946932,False,0.543584130016156,0.1255591511726379,True,0.6265263379057805,0.1296019852161407,True,3183.0,0.6592792046396023,0.8102419101476594,0.5341756420878211,0.4208387163978681,0.6224638857328356,1.0,0.5306857556717386,0.1044705212116241,True,7634.0,1.5811930405965202,0.6536547026460571,1.0335542667771334,0.0290145029803001,0.5768219832735961,1.0,4435.0,0.9185998342999172,0.6987598647125141,0.641880695940348,0.4367882033535688,0.5793296089385475,1.0,approved,True,Visual inspection passed,box_guided_pseudo_mask
1002,78,78,train,bright,E.coli,other,preprocessed_intensity_sigma040/local_flatfield/bright/1002.png,processed_plate_strategy_b_circle/counting_mask/bright/1002.png,1251,1274,126,121,1232,1255,164,159,auto_candidate,consensus,False,3,0.5846427242245048,0.6949614897121851,0.7326095493634508,8156,0.5349599895054441,0.7133735677424998,False,0.658202086948433,0.1217984184622764,True,0.9051729014732957,0.1102233678102493,True,6944.0,0.4554637281910009,0.9573732718894008,0.4360487996851633,0.1539272239023659,0.5852348993288591,0.0,0.5215094807148268,0.0887797251343727,True,23727.0,1.5562770562770565,0.6118346187887217,0.9521841794569068,0.0318690129784788,0.5846755637367694,1.0,8941.0,0.5864489046307229,0.85874063303881,0.5036075036075036,0.3964441267026954,0.5713369669765951,1.0,approved,True,Visual inspection passed,box_guided_pseudo_mask
1002,79,79,train,bright,E.coli,other,preprocessed_intensity_sigma040/local_flatfield/bright/1002.png,processed_plate_strategy_b_circle/counting_mask/bright/1002.png,1357,1061,132,132,1337,1041,172,172,needs_review,consensus,False,3,0.0394766023508538,0.6442570803536317,0.5215196429642515,712,0.0408631772268135,0.1842650103519668,False,0.5068224917930606,0.474609375,True,0.5701820573475219,0.2257982790470123,True,428.0,0.0245638200183654,1.0,0.0245638200183654,0.2644861484753432,0.0964187327823691,0.0,0.8557666919203125,0.1926228553056717,True,6012.0,0.3450413223140496,1.0,0.3450413223140496,0.0562531159047458,0.4731978879706152,0.0,284.0,0.0162993572084481,1.0,0.0162993572084481,0.6360234612064981,0.0289256198347107,0.0,approved,True,Visual inspection passed,box_guided_pseudo_mask
1002,80,80,train,bright,E.coli,other,preprocessed_intensity_sigma040/local_flatfield/bright/1002.png,processed_plate_strategy_b_circle/counting_mask/bright/1002.png,1245,1078,102,105,1229,1062,134,137,needs_review,consensus,False,3,0.1696833581768967,0.6411821435500894,0.5658620327819497,1178,0.1099906629318394,0.5021312872975278,False,0.54701093360041,0.431640625,True,0.629725862382015,0.2318852394819259,True,1161.0,0.1084033613445378,1.0,0.1084033613445378,0.318951534510225,0.1927170868347339,0.0,0.7468096346678434,0.1975552439689636,True,2292.0,0.2140056022408963,1.0,0.2140056022408963,0.0960072708156751,0.3350140056022408,0.0,43.0,0.0040149393090569,1.0,0.0040149393090569,0.2649400954866015,0.0059757236227824,0.0,approved,True,Visual inspection passed,box_guided_pseudo_mask
1002,81,81,train,bright,E.coli,other,preprocessed_intensity_sigma040/local_flatfield/bright/1002.png,processed_plate_strategy_b_circle/counting_mask/bright/1002.png,1176,1156,90,94,1162,1142,118,122,auto_candidate,consensus,False,3,0.5155357468871083,0.6806573371947463,0.7027004462883865,3873,0.4578014184397163,0.6052508204406939,False,0.6667581356628342,0.1057827919721603,True,0.8380623049269137,0.0986363291740417,True,2666.0,0.3151300236406619,1.0,0.3151300236406619,0.0721597375456061,0.5226950354609929,0.0,0.5371515709944911,0.0794600993394851,True,10468.0,1.237352245862884,0.669277799006496,0.8281323877068558,0.2667704778173655,0.6344682765861707,1.0,4251.0,0.5024822695035461,0.8673253352152435,0.4358156028368794,0.4371890115642817,0.5811832970676614,1.0,approved,True,Visual inspection passed,box_guided_pseudo_mask
1002,82,82,train,bright,E.coli,other,preprocessed_intensity_sigma040/local_flatfield/bright/1002.png,processed_plate_strategy_b_circle/counting_mask/bright/1002.png,1206,1124,68,68,1196,1114,88,88,auto_candidate,consensus,False,2,0.5944477972238986,0.692043212206149,0.6515406805774907,985,0.2130190311418685,0.6163954943679599,False,0.1409158867296898,0.2782935202121734,False,0.7439223280209798,0.1401317715644836,True,990.0,0.2141003460207612,1.0,0.2141003460207612,0.1252437659081525,0.3455882352941176,0.0,0.6401640963913181,0.1138058975338935,True,1967.0,0.4253892733564013,0.8429079816980173,0.3585640138408305,0.4399200150896252,0.4879000780640125,1.0,382.0,0.0826124567474048,0.4554973821989528,0.0376297577854671,1.1223549654581095,0.0422195416164053,1.0,approved,True,Visual inspection passed,box_guided_pseudo_mask
1002,83,83,train,bright,E.coli,other,preprocessed_intensity_sigma040/local_flatfield/bright/1002.png,processed_plate_strategy_b_circle/counting_mask/bright/1002.png,1214,1078,68,68,1204,1068,88,88,auto_candidate,consensus,False,3,0.7302678890333233,0.7078002034908694,0.7887138425580109,949,0.2052335640138408,0.5234418091560948,False,0.7342518132707214,0.357421875,True,0.7398163882376079,0.223221555352211,True,949.0,0.2052335640138408,1.0,0.2052335640138408,0.1448348268926515,0.3920847750865052,0.0,0.649332408964279,0.1852753162384033,True,1836.0,0.3970588235294117,0.8420479302832244,0.3343425605536332,0.3115477799846916,0.5904986258343149,1.0,925.0,0.2000432525951557,1.0,0.2000432525951557,0.1536717591711427,0.3840830449826989,0.0,approved,True,Visual inspection passed,box_guided_pseudo_mask
1002,84,84,train,bright,E.coli,other,preprocessed_intensity_sigma040/local_flatfield/bright/1002.png,processed_plate_strategy_b_circle/counting_mask/bright/1002.png,1181,1068,52,51,1173,1060,68,67,auto_candidate,consensus,False,3,0.786947115263669,0.6011297557591967,0.7658833926459628,683,0.2575414781297134,0.4282131661442006,False,0.5863282348643893,0.3304151594638824,True,0.5920445736978054,0.2246458083391189,True,843.0,0.3178733031674208,0.8149466192170819,0.2590497737556561,0.307972628303408,0.6375,1.0,0.6250164587153955,0.187173455953598,True,1395.0,0.5260180995475113,0.6989247311827957,0.3676470588235294,0.2035845543351809,0.6597014925373135,1.0,819.0,0.3088235294117647,0.818070818070818,0.2526395173453997,0.3123113089978289,0.6312703583061889,1.0,approved,True,Visual inspection passed,box_guided_pseudo_mask
1002,85,85,train,bright,E.coli,other,preprocessed_intensity_sigma040/local_flatfield/bright/1002.png,processed_plate_strategy_b_circle/counting_mask/bright/1002.png,1184,1108,42,42,1178,1102,54,54,needs_review,consensus,False,3,0.1408003375642545,0.5535046861207804,0.5206819925958013,421,0.2386621315192743,0.369298245614035,False,0.4042375075957251,0.3053615093231201,True,0.6217436569103277,0.1602490842342376,True,176.0,0.0997732426303854,1.0,0.0997732426303854,0.3130225340294484,0.1638321995464852,0.0,0.6345328938562883,0.132474809885025,True,1155.0,0.6547619047619048,0.8562770562770563,0.5606575963718821,0.4516542580663356,0.578853046594982,1.0,296.0,0.1678004535147392,0.8851351351351351,0.1485260770975056,0.8499082405464978,0.1962616822429906,1.0,approved,True,Visual inspection passed,box_guided_pseudo_mask
1002,86,86,train,bright,E.coli,other,preprocessed_intensity_sigma040/local_flatfield/bright/1002.png,processed_plate_strategy_b_circle/counting_mask/bright/1002.png,1157,1103,47,47,1150,1096,61,61,needs_review,consensus,False,3,0.1905160390516038,0.5845529937625028,0.5505018111730625,683,0.3091896785875962,0.3891737891737892,False,0.3412301444788389,0.2953125238418579,True,0.7136140358929615,0.1432083994150161,True,409.0,0.1851516523313716,1.0,0.1851516523313716,0.207244325973094,0.3531009506564056,0.0,0.6988148009157082,0.1183815822005271,True,1278.0,0.5785423268447262,0.931924882629108,0.5391579900407424,0.3109355337263987,0.5903954802259888,1.0,352.0,0.1593481213218651,0.7897727272727273,0.1258488003621548,0.9722089319048892,0.150138285262742,1.0,approved,True,Visual inspection passed,box_guided_pseudo_mask
1002,87,87,train,bright,E.coli,other,preprocessed_intensity_sigma040/local_flatfield/bright/1002.png,processed_plate_strategy_b_circle/counting_mask/bright/1002.png,1153,1141,54,52,1145,1133,70,68,auto_candidate,consensus,False,3,0.7141346127985534,0.663399963136581,0.765307099734126,1930,0.6873219373219374,0.8116063919259883,False,0.5470642284471764,0.101861223578453,True,0.888802172961308,0.1098278164863586,True,1314.0,0.4679487179487179,0.982496194824962,0.4597578347578347,0.3076466066120899,0.5427435387673957,0.0,0.5543334880012585,0.0883912518620491,True,2842.0,1.0121082621082622,0.754750175932442,0.7638888888888888,0.4181295353409352,0.5613861386138614,1.0,2572.0,0.915954415954416,0.7480559875583204,0.6851851851851852,0.4979368566444398,0.5275551102204409,1.0,approved,True,Visual inspection passed,box_guided_pseudo_mask
1002,88,88,train,bright,E.coli,other,preprocessed_intensity_sigma040/local_flatfield/bright/1002.png,processed_plate_strategy_b_circle/counting_mask/bright/1002.png,1147,1164,51,52,1139,1156,67,68,auto_candidate,consensus,False,3,0.6402567014576033,0.6774630297980334,0.7450750574293745,2202,0.830316742081448,0.714935064935065,False,0.5754831960847677,0.1061887368559837,True,0.8845778389841198,0.1126865744590759,True,1369.0,0.5162141779788839,0.97881665449233,0.5052790346907994,0.3461347445728995,0.6490384615384616,0.0,0.572328054325213,0.0910272672772407,True,3607.0,1.360105580693816,0.7155530912115331,0.9732277526395172,0.0389395812512869,0.582089552238806,1.0,2806.0,1.0580693815987934,0.7583749109052031,0.8024132730015083,0.2598298887096305,0.582089552238806,1.0,approved,True,Visual inspection passed,box_guided_pseudo_mask
1002,89,89,train,bright,E.coli,other,preprocessed_intensity_sigma040/local_flatfield/bright/1002.png,processed_plate_strategy_b_circle/counting_mask/bright/1002.png,1114,1149,57,57,1105,1140,75,75,auto_candidate,consensus,False,3,0.5051145292928686,0.670654272596264,0.6950517942910096,1708,0.525700215450908,0.6977124183006536,False,0.6258894452546474,0.1017999500036239,True,0.7661239293057929,0.0995228067040443,True,785.0,0.2416128039396737,1.0,0.2416128039396737,0.1188845599994157,0.3705755617112958,0.0,0.6199494432283517,0.0802144408226013,True,2512.0,0.7731609726069559,0.839171974522293,0.6488150200061558,0.4246633101949663,0.6646525679758308,1.0,1952.0,0.6008002462296091,0.8140368852459017,0.4890735610957217,0.5145307823247799,0.6250326626600471,1.0,approved,True,Visual inspection passed,box_guided_pseudo_mask
1002,90,90,train,bright,E.coli,other,preprocessed_intensity_sigma040/local_flatfield/bright/1002.png,processed_plate_strategy_b_circle/counting_mask/bright/1002.png,1045,1177,82,82,1033,1165,106,106,auto_candidate,consensus,False,3,0.5918351914956512,0.7407631379545833,0.7534475722053112,2365,0.3517251635930993,0.7179720704310868,False,0.8390489863631222,0.1019148379564285,True,0.8587816481023554,0.0941005423665046,True,2314.0,0.3441403926234384,1.0,0.3441403926234384,0.0360859883485533,0.4818560380725758,0.0,0.5244587793982722,0.0756616443395614,True,8122.0,1.207911957168352,0.6398670278256587,0.7729030339083879,0.2730591527580601,0.598433606265575,1.0,2192.0,0.3259964306960142,1.0,0.3259964306960142,0.0369320508340954,0.4098750743604997,0.0,approved,True,Visual inspection passed,box_guided_pseudo_mask
1002,91,91,train,bright,E.coli,other,preprocessed_intensity_sigma040/local_flatfield/bright/1002.png,processed_plate_strategy_b_circle/counting_mask/bright/1002.png,1081,1124,56,59,1072,1115,74,77,auto_candidate,consensus,False,3,0.5916604284233561,0.6930721964286836,0.734310028519648,1520,0.4600484261501211,0.6089743589743589,False,0.6666601455851241,0.0941712707281112,True,0.8491335603536614,0.0934246033430099,True,1100.0,0.3329297820823244,1.0,0.3329297820823244,0.0725450332812308,0.5121065375302664,0.0,0.5634228833472652,0.0753181651234626,True,3274.0,0.9909200968523002,0.7015882712278558,0.6952179176755447,0.2645257697319676,0.6033601168736303,1.0,1618.0,0.4897094430992736,0.8856613102595797,0.4337167070217917,0.4706660589439796,0.5220933102937546,1.0,approved,True,Visual inspection passed,box_guided_pseudo_mask
1002,92,92,train,bright,E.coli,other,preprocessed_intensity_sigma040/local_flatfield/bright/1002.png,processed_plate_strategy_b_circle/counting_mask/bright/1002.png,1057,1154,43,42,1051,1148,55,54,auto_candidate,consensus,False,3,0.4191862073066538,0.6667763034347662,0.6634256939312353,746,0.4130675526024363,0.507482993197279,False,0.6243671435126026,0.106127455830574,True,0.7935760501096215,0.1069690436124801,True,497.0,0.2751937984496124,1.0,0.2751937984496124,0.1132531588780377,0.4075304540420819,0.0,0.5823857166820746,0.0859367921948432,True,2132.0,1.1805094130675526,0.75,0.8853820598006644,0.143358819094217,0.6080808080808081,1.0,800.0,0.4429678848283499,0.815,0.3610188261351052,0.55600409549336,0.5,1.0,approved,True,Visual inspection passed,box_guided_pseudo_mask
1002,93,93,train,bright,E.coli,other,preprocessed_intensity_sigma040/local_flatfield/bright/1002.png,processed_plate_strategy_b_circle/counting_mask/bright/1002.png,1035,1111,60,61,1026,1102,78,79,auto_candidate,consensus,False,3,0.6421883038889366,0.7409332504053255,0.771139206523258,1273,0.3478142076502732,0.7577380952380952,False,0.8288236582584594,0.0941482931375503,True,0.8429619888133605,0.093273140490055,True,1205.0,0.3292349726775956,1.0,0.3292349726775956,0.0520271902011012,0.4475409836065573,0.0,0.5510141041441566,0.0748895406723022,True,3208.0,0.8765027322404372,0.6973192019950125,0.6112021857923498,0.3997240316247478,0.5606407322654462,1.0,1162.0,0.3174863387978142,1.0,0.3174863387978142,0.0887149893355472,0.4368852459016393,0.0,approved,True,Visual inspection passed,box_guided_pseudo_mask
1002,94,94,train,bright,E.coli,other,preprocessed_intensity_sigma040/local_flatfield/bright/1002.png,processed_plate_strategy_b_circle/counting_mask/bright/1002.png,993,1164,68,69,983,1154,88,89,auto_candidate,consensus,False,3,0.617989290727568,0.7418292318909767,0.7630279445110395,1672,0.3563512361466325,0.6880658436213992,False,0.830116008723327,0.1020909994840622,True,0.862414940132304,0.0937611535191536,True,1672.0,0.3563512361466325,1.0,0.3563512361466325,0.0968184951496309,0.5179028132992327,0.0,0.5329567468172992,0.075253777205944,True,5822.0,1.2408354646206308,0.5798694606664376,0.7195225916453538,0.048407298988901,0.5990806945863125,1.0,1507.0,0.3211849957374254,1.0,0.3211849957374254,0.099947218211738,0.4398976982097187,0.0,approved,True,Visual inspection passed,box_guided_pseudo_mask
1002,95,95,train,bright,E.coli,other,preprocessed_intensity_sigma040/local_flatfield/bright/1002.png,processed_plate_strategy_b_circle/counting_mask/bright/1002.png,930,1170,82,83,918,1158,106,107,auto_candidate,consensus,False,3,0.5080202651746344,0.6710938966618465,0.6962446514758607,3701,0.5437848956802821,0.6945017826984425,False,0.6109936422617896,0.1056449264287948,True,0.862655071477165,0.1028314009308815,True,2341.0,0.3439612106964443,1.0,0.3439612106964443,0.0335699805006628,0.5183661475168968,0.0,0.5396329762465849,0.0827216804027557,True,9903.0,1.4550396708786364,0.6364737958194486,0.926094622392007,0.0629208956474479,0.6000705342973021,1.0,4421.0,0.649573905377608,0.8075096132096811,0.5245371730825742,0.4968123773896379,0.5602227895103272,1.0,approved,True,Visual inspection passed,box_guided_pseudo_mask
1002,96,96,train,bright,E.coli,other,preprocessed_intensity_sigma040/local_flatfield/bright/1002.png,processed_plate_strategy_b_circle/counting_mask/bright/1002.png,938,1144,51,51,930,1136,67,67,auto_candidate,consensus,False,3,0.6787043954502509,0.5944432395448825,0.7253238342255408,1958,0.7527873894655902,0.7416666666666667,False,0.5837033048420067,0.1335478127002716,True,0.635178188187433,0.1367552131414413,True,2061.0,0.7923875432525952,0.86608442503639,0.6862745098039216,0.3655347256681974,0.6725917431192661,1.0,0.5644482256052079,0.110435776412487,True,3755.0,1.443675509419454,0.7347536617842876,1.060745866974241,0.1141184722542138,0.5794163510804188,1.0,2050.0,0.788158400615148,0.8063414634146342,0.635524798154556,0.5490429937847098,0.6065428824049514,1.0,approved,True,Visual inspection passed,box_guided_pseudo_mask
1002,97,97,train,bright,E.coli,other,preprocessed_intensity_sigma040/local_flatfield/bright/1002.png,processed_plate_strategy_b_circle/counting_mask/bright/1002.png,881,1101,99,100,866,1086,129,130,auto_candidate,consensus,False,3,0.5461924078914487,0.6749584904820436,0.7111507389548245,6174,0.6236363636363637,0.7152455977757183,False,0.5879453444311,0.109865203499794,True,0.8966424593124819,0.1070716902613639,True,4278.0,0.4321212121212121,0.9682094436652642,0.4183838383838383,0.1731270112829109,0.5872838817624094,0.0,0.5402876677025489,0.0863446295261383,True,14952.0,1.5103030303030305,0.6551631888710541,0.9894949494949496,0.0696138438579064,0.590339892665474,1.0,7469.0,0.7544444444444445,0.7877895300575712,0.5943434343434344,0.4959770029098176,0.5882352941176471,1.0,approved,True,Visual inspection passed,box_guided_pseudo_mask
1002,98,98,train,bright,E.coli,other,preprocessed_intensity_sigma040/local_flatfield/bright/1002.png,processed_plate_strategy_b_circle/counting_mask/bright/1002.png,953,1130,43,43,947,1124,55,55,needs_review,consensus,False,3,0.6565652568784176,0.5885907748709971,0.715234149855845,1796,0.971335857220119,0.813037573562698,False,0.5654323317429107,0.1175321787595748,True,0.6283308915239306,0.131720632314682,True,1267.0,0.685235262303948,0.824782951854775,0.5651703623580314,0.4238138074272312,0.6468597216998871,1.0,0.5720091013461499,0.1062979772686958,True,2555.0,1.3818280151433209,0.7702544031311155,1.0643591130340724,0.1905493196283589,0.6112396694214876,1.0,2318.0,1.253650621957815,0.7635893011216566,0.957274202271498,0.2705378526490312,0.6112396694214876,1.0,approved,True,Visual inspection passed,box_guided_pseudo_mask
1002,99,99,train,bright,E.coli,other,preprocessed_intensity_sigma040/local_flatfield/bright/1002.png,processed_plate_strategy_b_circle/counting_mask/bright/1002.png,942,1079,77,73,930,1067,101,97,auto_candidate,consensus,False,3,0.4869834921784279,0.6393004482069724,0.6761644015452387,3053,0.5431417897171322,0.7126517273576097,False,0.564285202837549,0.1061044856905937,True,0.8319527870533368,0.1044785603880882,True,1703.0,0.3029710016011386,1.0,0.3029710016011386,0.0244944386442548,0.4794520547945205,0.0,0.5216633547300312,0.0841002166271209,True,7273.0,1.293897882938979,0.6172143544617077,0.7986123465575521,0.1831775963811421,0.5737470654281923,1.0,3760.0,0.6689201209749155,0.7457446808510638,0.4988436221312933,0.6072420126693361,0.4974323386537127,1.0,approved,True,Visual inspection passed,box_guided_pseudo_mask
1002,100,100,train,bright,E.coli,other,preprocessed_intensity_sigma040/local_flatfield/bright/1002.png,processed_plate_strategy_b_circle/counting_mask/bright/1002.png,993,1075,57,53,984,1066,75,71,auto_candidate,consensus,False,3,0.5967716967353519,0.6463001177050726,0.7173901409394021,1644,0.5441906653426017,0.685,False,0.5681702221959188,0.1017922908067703,True,0.8334352674270746,0.1046576425433158,True,942.0,0.3118172790466733,1.0,0.3118172790466733,0.0944192963099686,0.529625951671632,0.0,0.5372948634922244,0.084242932498455,True,2782.0,0.92088712346905,0.7005751258087707,0.6451506123800066,0.5151049949693088,0.6201044386422977,1.0,2027.0,0.6709698775239987,0.7592501233349778,0.5094339622641509,0.6186192813389666,0.5073020753266718,1.0,approved,True,Visual inspection passed,box_guided_pseudo_mask
1002,101,101,train,bright,E.coli,other,preprocessed_intensity_sigma040/local_flatfield/bright/1002.png,processed_plate_strategy_b_circle/counting_mask/bright/1002.png,970,1003,74,75,959,992,96,97,auto_candidate,consensus,False,2,0.4097144142118282,0.688906144410456,0.5856291694049889,1822,0.3282882882882882,0.6620639534883721,False,0.0253618682434381,0.388671875,False,0.849517543260101,0.1204926520586013,True,1848.0,0.3329729729729729,1.0,0.3329729729729729,0.0665196654801824,0.5073873873873874,0.0,0.5282947455608109,0.0987952426075935,True,6591.0,1.1875675675675677,0.6693976634805037,0.7949549549549549,0.3258364161387423,0.5960051546391752,1.0,435.0,0.0783783783783783,0.1540229885057471,0.012072072072072,1.1576376086342792,0.0402364920348168,1.0,approved,True,Visual inspection passed,box_guided_pseudo_mask
1002,102,102,train,bright,E.coli,other,preprocessed_intensity_sigma040/local_flatfield/bright/1002.png,processed_plate_strategy_b_circle/counting_mask/bright/1002.png,1011,1056,42,42,1005,1050,54,54,auto_candidate,consensus,False,2,0.3650137741046832,0.6962365369140817,0.5729161023689384,530,0.300453514739229,0.5824175824175825,False,0.0499323442669615,0.301845908164978,False,0.8005131143664646,0.1365838348865509,True,530.0,0.300453514739229,1.0,0.300453514739229,0.236084629709324,0.4724669603524229,0.0,0.5919599594616989,0.1109396815299987,True,1795.0,1.0175736961451247,0.8122562674094708,0.826530612244898,0.3146112161300824,0.6049382716049383,1.0,61.0,0.0345804988662131,0.3770491803278688,0.0130385487528344,1.3658092653802556,0.0054824561403508,1.0,approved,True,Visual inspection passed,box_guided_pseudo_mask
1002,103,103,train,bright,E.coli,other,preprocessed_intensity_sigma040/local_flatfield/bright/1002.png,processed_plate_strategy_b_circle/counting_mask/bright/1002.png,1020,1042,46,46,1013,1035,60,60,auto_candidate,consensus,False,2,0.4928698752228164,0.6453829312123234,0.5973242954795818,552,0.2608695652173913,0.5054945054945055,False,0.2150403872624547,0.373046875,False,0.7452507982486326,0.1762668937444687,True,558.0,0.2637051039697543,1.0,0.2637051039697543,0.4647659497975467,0.4849863512283894,0.0,0.5455150641760141,0.1456756293773651,True,1483.0,0.7008506616257089,0.7538772757923129,0.5283553875236295,0.6796391501158158,0.4398907103825136,1.0,364.0,0.1720226843100189,0.4945054945054945,0.0850661625708884,1.1406499711772595,0.16470109800732,1.0,approved,True,Visual inspection passed,box_guided_pseudo_mask
1002,104,104,train,bright,E.coli,other,preprocessed_intensity_sigma040/local_flatfield/bright/1002.png,processed_plate_strategy_b_circle/counting_mask/bright/1002.png,1033,1061,56,56,1025,1053,72,72,auto_candidate,consensus,False,2,0.3016317016317016,0.6628782452414541,0.5373890603343439,647,0.206313775510204,0.6846560846560846,False,0.0,0.1871936321258545,False,0.7316492101297978,0.1092585101723671,True,647.0,0.206313775510204,1.0,0.206313775510204,0.1436096367850397,0.3013392857142857,0.0,0.5941072803531104,0.0881608203053474,True,2539.0,0.8096301020408163,0.8235525797558094,0.6667729591836735,0.4762544697033291,0.5825242718446602,1.0,,,,,,,,approved,True,Visual inspection passed,box_guided_pseudo_mask
1002,105,105,train,bright,E.coli,other,preprocessed_intensity_sigma040/local_flatfield/bright/1002.png,processed_plate_strategy_b_circle/counting_mask/bright/1002.png,1079,1077,43,43,1073,1071,55,55,auto_candidate,consensus,False,3,0.6687558379590793,0.6526473874510117,0.7451234982660825,895,0.4840454299621416,0.7217741935483871,False,0.6520164242232848,0.0980622023344039,True,0.6847898689717223,0.0920408368110656,True,884.0,0.4780962682531098,0.8755656108597285,0.4186046511627907,0.360945806823251,0.5788697788697789,1.0,0.621135869158028,0.0742324739694595,True,1527.0,0.8258518117901569,0.8244924688932548,0.680908599242834,0.3694757709760889,0.7250100361300682,1.0,924.0,0.4997295835586803,0.8658008658008658,0.4326663061114115,0.4964662354659785,0.5179361179361179,1.0,approved,True,Visual inspection passed,box_guided_pseudo_mask
1002,106,106,train,bright,E.coli,other,preprocessed_intensity_sigma040/local_flatfield/bright/1002.png,processed_plate_strategy_b_circle/counting_mask/bright/1002.png,1073,1052,42,43,1067,1046,54,55,needs_review,consensus,False,3,0.2394179894179894,0.5127953275257252,0.5389144273065863,543,0.3006644518272425,0.6040044493882091,False,0.2714324522551883,0.3312653303146362,True,0.5967285791594816,0.1473017781972885,True,637.0,0.3527131782945736,0.8681318681318682,0.3062015503875969,0.4556758441624566,0.4380664652567976,1.0,0.6702249511625055,0.1212858334183693,True,853.0,0.4723145071982281,0.88042203985932,0.4158361018826135,0.4532851028338996,0.5269461077844312,1.0,245.0,0.1356589147286821,0.6979591836734694,0.0946843853820598,1.1108202734538573,0.1345029239766081,1.0,approved,True,Visual inspection passed,box_guided_pseudo_mask
1002,107,107,train,bright,E.coli,other,preprocessed_intensity_sigma040/local_flatfield/bright/1002.png,processed_plate_strategy_b_circle/counting_mask/bright/1002.png,1042,1001,51,51,1034,993,67,67,auto_candidate,consensus,False,3,0.9412400815456898,0.817915761024092,0.9066003329506284,913,0.3510188389081122,0.4625126646403242,False,0.8093901845563755,0.373046875,True,0.8133812761475734,0.2540659308433532,True,931.0,0.3579392541330257,0.970998925886144,0.3475586312956555,0.4393434468113629,0.6099627245001694,0.0,0.8309758223683271,0.2190273553133011,True,992.0,0.3813917723952326,0.972782258064516,0.3710111495578623,0.4325164966747439,0.6099627245001694,0.0,919.0,0.3533256439830834,0.972796517954298,0.3437139561707035,0.4417808872925376,0.5970149253731343,0.0,approved,True,Visual inspection passed,box_guided_pseudo_mask
1002,108,108,train,bright,E.coli,other,preprocessed_intensity_sigma040/local_flatfield/bright/1002.png,processed_plate_strategy_b_circle/counting_mask/bright/1002.png,1130,1079,46,46,1123,1072,60,60,auto_candidate,consensus,False,3,0.6811671633403381,0.8605930576849486,0.8326457302430978,682,0.3223062381852552,0.6959183673469388,False,0.7905223146047219,0.102221205830574,True,0.842961928538689,0.0902745127677917,True,682.0,0.3223062381852552,1.0,0.3223062381852552,0.0288209338879948,0.4631379962192816,0.0,0.9482949299114348,0.0729188099503517,True,988.0,0.4669187145557656,1.0,0.4669187145557656,0.0436719605881423,0.6947069943289225,0.0,546.0,0.2580340264650284,1.0,0.2580340264650284,0.0125483138102195,0.3563327032136106,0.0,approved,True,Visual inspection passed,box_guided_pseudo_mask
1002,109,109,train,bright,E.coli,other,preprocessed_intensity_sigma040/local_flatfield/bright/1002.png,processed_plate_strategy_b_circle/counting_mask/bright/1002.png,1105,1058,47,46,1098,1051,61,60,auto_candidate,consensus,False,2,0.7877984084880637,0.6968397624911475,0.7211320146339479,297,0.137372802960222,0.7071428571428572,False,0.1965096150933597,0.341796875,False,0.7032866889988832,0.1749759018421173,True,341.0,0.1577243293246993,1.0,0.1577243293246993,0.0588518239187238,0.2340425531914893,0.0,0.690392835983412,0.1454458385705948,True,333.0,0.1540240518038853,1.0,0.1540240518038853,0.1195627217405959,0.213691026827012,0.0,224.0,0.1036077705827937,0.5803571428571429,0.0601295097132284,1.1633988552031078,0.0826104915324246,1.0,approved,True,Visual inspection passed,box_guided_pseudo_mask
1002,110,110,train,bright,E.coli,other,preprocessed_intensity_sigma040/local_flatfield/bright/1002.png,processed_plate_strategy_b_circle/counting_mask/bright/1002.png,1095,996,51,52,1087,988,67,68,auto_candidate,consensus,False,3,0.9254487320568312,0.4792765603867758,0.7656176803746013,634,0.2390648567119155,0.5039745627980922,False,0.4649108570322885,0.373046875,True,0.4728288005863635,0.2600105106830597,True,886.0,0.3340874811463046,0.718961625282167,0.2401960784313725,0.74512725138877,0.3444034440344403,1.0,0.5000900235416755,0.2219684720039367,True,949.0,0.3578431372549019,0.7323498419388831,0.2620663650075415,0.7078484205186434,0.3623011015911873,1.0,872.0,0.3288084464555053,0.7144495412844036,0.2349170437405731,0.7580819701227297,0.3344636251541307,1.0,approved,True,Visual inspection passed,box_guided_pseudo_mask
1002,111,111,train,bright,E.coli,other,preprocessed_intensity_sigma040/local_flatfield/bright/1002.png,processed_plate_strategy_b_circle/counting_mask/bright/1002.png,1135,1029,43,42,1129,1023,55,54,auto_candidate,consensus,False,3,0.5973970406732608,0.696703004415767,0.7377701660019481,856,0.4739756367663344,0.4745011086474501,False,0.7049859895149417,0.353515625,True,0.6884587954634691,0.2721608579158783,True,387.0,0.2142857142857142,0.9715762273901808,0.2081949058693245,0.5471048428839989,0.4794952681388013,0.0,0.69666422826889,0.2323319613933563,True,990.0,0.5481727574750831,0.901010101010101,0.4939091915836102,0.4053406784721743,0.7319034852546917,1.0,926.0,0.512735326688815,0.9114470842332614,0.4673311184939092,0.4177165977590682,0.746922024623803,1.0,approved,True,Visual inspection passed,box_guided_pseudo_mask
1002,112,112,train,bright,E.coli,other,preprocessed_intensity_sigma040/local_flatfield/bright/1002.png,processed_plate_strategy_b_circle/counting_mask/bright/1002.png,1131,994,62,61,1122,985,80,79,auto_candidate,consensus,False,3,0.628753411119838,0.578486315133932,0.701458219945516,738,0.195134849286092,0.4456521739130434,False,0.4643703233681818,0.330078125,True,0.6608542034408489,0.2272238880395889,True,571.0,0.1509783183500793,1.0,0.1509783183500793,0.4010747902761467,0.3252247488101533,0.0,0.610234418592765,0.1887686103582382,True,1319.0,0.3487572712850343,0.8741470811220622,0.3048651507139079,0.412427159421681,0.5141498216409037,1.0,890.0,0.2353252247488101,0.8191011235955056,0.1927551560021153,0.6726407827051938,0.3727359389895138,1.0,approved,True,Visual inspection passed,box_guided_pseudo_mask
1002,113,113,train,bright,E.coli,other,preprocessed_intensity_sigma040/local_flatfield/bright/1002.png,processed_plate_strategy_b_circle/counting_mask/bright/1002.png,1098,1020,56,56,1090,1012,72,72,auto_candidate,consensus,False,3,0.953121033257172,0.5113029665920776,0.7881135482768412,808,0.2576530612244898,0.5056320400500626,False,0.5012023724223501,0.380859375,True,0.5119108353293872,0.3010810315608978,True,1000.0,0.3188775510204081,0.812,0.2589285714285714,0.713550736150713,0.3982300884955752,1.0,0.5207956920244955,0.2574839293956756,True,1032.0,0.3290816326530612,0.813953488372093,0.2678571428571428,0.7111281505383626,0.4103343465045592,1.0,978.0,0.3118622448979591,0.8047034764826176,0.2509566326530612,0.7310350384111817,0.3902439024390244,1.0,approved,True,Visual inspection passed,box_guided_pseudo_mask
1002,114,114,train,bright,E.coli,other,preprocessed_intensity_sigma040/local_flatfield/bright/1002.png,processed_plate_strategy_b_circle/counting_mask/bright/1002.png,1165,1028,51,51,1157,1020,67,67,auto_candidate,consensus,False,3,0.9438788849245418,0.6418942740625333,0.837115319348603,897,0.3448673587081891,0.4489489489489489,False,0.6336301357905004,0.330078125,True,0.6354751511458664,0.241808533668518,True,1068.0,0.4106113033448673,0.8380149812734082,0.3440984236831987,0.4162762495544431,0.5256183745583038,1.0,0.656577535251233,0.20437753200531,True,1146.0,0.4405997693194925,0.8411867364746946,0.3706266820453671,0.4138773041260812,0.5256183745583038,1.0,1060.0,0.4075355632449058,0.839622641509434,0.3421760861207228,0.4203833772049258,0.5256183745583038,1.0,approved,True,Visual inspection passed,box_guided_pseudo_mask
1002,115,115,train,bright,E.coli,other,preprocessed_intensity_sigma040/local_flatfield/bright/1002.png,processed_plate_strategy_b_circle/counting_mask/bright/1002.png,1194,1014,82,82,1182,1002,106,106,auto_candidate,consensus,False,3,0.3596725599716875,0.6086782680452296,0.6193567032081825,747,0.1110945865556216,0.3406292749658002,False,0.5574927989959841,0.388671875,True,0.6298641087032677,0.283153235912323,True,747.0,0.1110945865556216,1.0,0.1110945865556216,0.4286659930154725,0.3261451516954194,0.0,0.638677896436437,0.2417117059230804,True,2513.0,0.3737358715050565,0.8670911261440509,0.3240630577037477,0.3921738836885926,0.6377079482439926,1.0,409.0,0.0608268887566924,1.0,0.0608268887566924,0.5405595288799857,0.0999405116002379,0.0,approved,True,Visual inspection passed,box_guided_pseudo_mask
1002,116,116,train,bright,E.coli,other,preprocessed_intensity_sigma040/local_flatfield/bright/1002.png,processed_plate_strategy_b_circle/counting_mask/bright/1002.png,1163,957,75,74,1152,946,97,96,auto_candidate,consensus,False,2,0.8578008059873344,0.8099909008547497,0.7908933091041336,1490,0.2684684684684684,0.7044917257683215,False,0.0941671255133516,0.388671875,False,0.8119735568691774,0.1604440361261367,True,1601.0,0.2884684684684684,1.0,0.2884684684684684,0.0445938822299829,0.4064864864864865,0.0,0.808008244840322,0.1334449201822281,True,1626.0,0.292972972972973,1.0,0.292972972972973,0.0959884299212026,0.4064864864864865,0.0,355.0,0.0639639639639639,0.3774647887323943,0.0241441441441441,1.172614638447108,0.024217961654894,1.0,approved,True,Visual inspection passed,box_guided_pseudo_mask
1002,117,117,train,bright,E.coli,other,preprocessed_intensity_sigma040/local_flatfield/bright/1002.png,processed_plate_strategy_b_circle/counting_mask/bright/1002.png,1019,936,74,74,1008,925,96,96,auto_candidate,consensus,False,2,0.8666666666666667,0.8741770138753122,0.8196708055501248,1858,0.3392987582176771,0.6771137026239067,False,0.0216337002509048,0.3882812857627868,False,0.8550372921923987,0.108081430196762,True,1861.0,0.3398466033601168,1.0,0.3398466033601168,0.0559883075881787,0.5010956902848794,0.0,0.8933167355582259,0.0872088596224784,True,2143.0,0.3913440467494521,1.0,0.3913440467494521,0.0778195009460216,0.5613586559532505,0.0,136.0,0.024835646457268,0.2205882352941176,0.0054784514243973,1.1395807824470263,0.005661712668082,1.0,approved,True,Visual inspection passed,box_guided_pseudo_mask
1002,118,118,train,bright,E.coli,other,preprocessed_intensity_sigma040/local_flatfield/bright/1002.png,processed_plate_strategy_b_circle/counting_mask/bright/1002.png,1054,890,82,82,1042,878,106,106,auto_candidate,consensus,False,3,0.843188050449195,0.875401026908167,0.895276228420485,2461,0.3660023795359904,0.7191700759789597,False,0.8355860854596163,0.1061887368559837,True,0.8714105578132758,0.0959622114896774,True,2461.0,0.3660023795359904,1.0,0.3660023795359904,0.0728442130938272,0.508923259964307,0.0,0.919206437451609,0.0772766694426536,True,2813.0,0.4183521713265913,1.0,0.4183521713265913,0.0586870038889338,0.6091612135633552,0.0,2172.0,0.323022010707912,1.0,0.323022010707912,0.0705444835229706,0.4417013682331945,0.0,approved,True,Visual inspection passed,box_guided_pseudo_mask
1002,119,119,train,bright,E.coli,other,preprocessed_intensity_sigma040/local_flatfield/bright/1002.png,processed_plate_strategy_b_circle/counting_mask/bright/1002.png,1119,916,74,74,1108,905,96,96,auto_candidate,consensus,False,3,0.8823459626653518,0.861760069824128,0.9035251148625244,1907,0.3482468955441928,0.719622641509434,False,0.8427657826500908,0.101861223578453,True,0.8562261333831696,0.0982281491160392,True,1856.0,0.3389335281227173,1.0,0.3389335281227173,0.0302460124061382,0.4839298758217677,0.0,0.8862882934391236,0.0791006237268447,True,2076.0,0.379108838568298,1.0,0.379108838568298,0.0325860958725532,0.5127830533235939,0.0,1769.0,0.3230460189919649,1.0,0.3230460189919649,0.0158147627169075,0.4382761139517896,0.0,approved,True,Visual inspection passed,box_guided_pseudo_mask
1002,120,120,train,bright,E.coli,other,preprocessed_intensity_sigma040/local_flatfield/bright/1002.png,processed_plate_strategy_b_circle/counting_mask/bright/1002.png,1237,891,109,110,1221,875,141,142,needs_review,consensus,False,3,0.2178798241328774,0.6069140766879051,0.5690235691216692,4013,0.3346955796497081,0.7543233082706767,False,0.3901945411621925,0.478515625,True,0.8606084955496958,0.1500308662652969,True,4144.0,0.3456213511259383,1.0,0.3456213511259383,0.020824073269258,0.4690575479566305,0.0,0.569939193351827,0.1248969361186027,True,8273.0,0.6899916597164304,0.7239211894113381,0.4994995829858215,0.5142009518340868,0.5400871747457403,1.0,242.0,0.0201834862385321,0.8016528925619835,0.0161801501251042,0.9978009903993912,0.0162016201620162,0.0,approved,True,Visual inspection passed,box_guided_pseudo_mask
1002,121,121,train,bright,E.coli,other,preprocessed_intensity_sigma040/local_flatfield/bright/1002.png,processed_plate_strategy_b_circle/counting_mask/bright/1002.png,1188,878,68,68,1178,868,88,88,auto_candidate,consensus,False,3,0.5536690242572595,0.6505245584730276,0.7039939818792519,3108,0.6721453287197232,0.7194444444444444,False,0.567292285160415,0.1138863414525985,True,0.8172408928601753,0.1178395003080368,True,1329.0,0.2874134948096886,1.0,0.2874134948096886,0.0356774092075107,0.4541522491349481,0.0,0.5670404973984924,0.0951096266508102,True,4460.0,0.9645328719723184,0.7553811659192825,0.7285899653979239,0.3934415960312774,0.6085918854415274,1.0,3943.0,0.8527249134948097,0.7539944204920112,0.6429498269896193,0.4402809488582587,0.5577156743620899,1.0,approved,True,Visual inspection passed,box_guided_pseudo_mask
1002,122,122,train,bright,E.coli,other,preprocessed_intensity_sigma040/local_flatfield/bright/1002.png,processed_plate_strategy_b_circle/counting_mask/bright/1002.png,1206,834,84,83,1193,821,110,109,auto_candidate,consensus,False,3,0.589914322058072,0.6648494150949967,0.7224097787583239,3603,0.5167814113597247,0.6672222222222223,False,0.621135698460553,0.1099341437220573,True,0.8473757700657853,0.1090765222907066,True,2319.0,0.3326161790017212,1.0,0.3326161790017212,0.0621055030204269,0.4823580034423408,0.0,0.5260367767586515,0.0879404693841934,True,8058.0,1.1557659208261617,0.6200049640109209,0.7165806081468732,0.2244652620551814,0.5814845704753961,1.0,4299.0,0.6166092943201377,0.8104210281460805,0.4997131382673551,0.4734835660229581,0.5463675929025779,1.0,approved,True,Visual inspection passed,box_guided_pseudo_mask
1002,123,123,train,bright,E.coli,other,preprocessed_intensity_sigma040/local_flatfield/bright/1002.png,processed_plate_strategy_b_circle/counting_mask/bright/1002.png,1138,857,80,84,1125,844,106,110,auto_candidate,consensus,False,3,0.6532169827500858,0.6846075521879996,0.7524689648377298,3086,0.4592261904761904,0.7010449795547479,False,0.6317588934609156,0.1059895977377891,True,0.857350795371793,0.1027178615331649,True,2273.0,0.3382440476190476,1.0,0.3382440476190476,0.0118759519572193,0.4747023809523809,0.0,0.5647129677312904,0.0827424526214599,True,5870.0,0.8735119047619048,0.6993185689948893,0.6108630952380952,0.4129460402782259,0.7054488610987047,1.0,3693.0,0.5495535714285714,0.7928513403736799,0.4357142857142857,0.4277564864069709,0.6251246261216351,1.0,approved,True,Visual inspection passed,box_guided_pseudo_mask
1002,124,124,train,bright,E.coli,other,preprocessed_intensity_sigma040/local_flatfield/bright/1002.png,processed_plate_strategy_b_circle/counting_mask/bright/1002.png,978,788,109,109,962,772,141,141,auto_candidate,consensus,False,3,0.6140482236101444,0.7691220407527131,0.7725656945646358,4748,0.3996296608029627,0.7419909360837631,False,0.8797843446890645,0.1140548512339592,True,0.903814509125346,0.0987033694982528,True,4748.0,0.3996296608029627,1.0,0.3996296608029627,0.0260231913636541,0.5385910276912718,0.0,0.5237672684437288,0.0794236734509468,True,17026.0,1.4330443565356452,0.5882180194995889,0.8429425132564599,0.064099533586833,0.5976057542377144,1.0,4405.0,0.3707600370339197,1.0,0.3707600370339197,0.0234688306337337,0.4923827960609376,0.0,approved,True,Visual inspection passed,box_guided_pseudo_mask
1002,125,125,train,bright,E.coli,other,preprocessed_intensity_sigma040/local_flatfield/bright/1002.png,processed_plate_strategy_b_circle/counting_mask/bright/1002.png,1058,784,106,111,1041,767,140,145,auto_candidate,consensus,False,3,0.5873735875238687,0.7343981746706557,0.7493400255016163,4165,0.3539860615332313,0.7603139832055494,False,0.8285898952087002,0.1138863414525985,True,0.8620320778846248,0.0995607078075409,True,4165.0,0.3539860615332313,1.0,0.3539860615332313,0.0496532894077145,0.4655787863335033,0.0,0.5125725509186422,0.0801095142960548,True,16297.0,1.385092639809621,0.5493649137878137,0.7609212986571477,0.0521333322859963,0.5796059113300492,1.0,3688.0,0.3134455209926908,1.0,0.3134455209926908,0.0503354323013001,0.4095699473057964,0.0,approved,True,Visual inspection passed,box_guided_pseudo_mask
1002,126,126,train,bright,E.coli,other,preprocessed_intensity_sigma040/local_flatfield/bright/1002.png,processed_plate_strategy_b_circle/counting_mask/bright/1002.png,1255,748,120,120,1237,730,156,156,auto_candidate,consensus,False,3,0.9108259321400732,0.8813510456037986,0.921329494490545,5323,0.3696527777777778,0.7548213272830403,False,0.8621614680131908,0.1218979880213737,True,0.8771467020327364,0.1101521551609039,True,5279.0,0.3665972222222222,1.0,0.3665972222222222,0.0199861104351649,0.4897222222222222,0.0,0.9047449667654688,0.0888615176081657,True,5800.0,0.4027777777777778,1.0,0.4027777777777778,0.0207864434668112,0.5191666666666667,0.0,5037.0,0.3497916666666666,1.0,0.3497916666666666,0.0203161668791258,0.4553472222222222,0.0,approved,True,Visual inspection passed,box_guided_pseudo_mask
1002,127,127,train,bright,E.coli,other,preprocessed_intensity_sigma040/local_flatfield/bright/1002.png,processed_plate_strategy_b_circle/counting_mask/bright/1002.png,1228,690,85,87,1215,677,111,113,auto_candidate,consensus,False,3,0.4992795474490643,0.6592207212271791,0.6884361300980442,3804,0.5144016227180528,0.6868905742145178,False,0.6048200227526613,0.1178079098463058,True,0.8402648183334539,0.1130892559885978,True,2387.0,0.3227856659905341,1.0,0.3227856659905341,0.060256634718134,0.4759972954699121,0.0,0.5325773225954222,0.0911082178354263,True,10402.0,1.4066260987153485,0.6151701595846952,0.865314401622718,0.0694210915804391,0.5895718727577135,1.0,4514.0,0.6104124408384043,0.7910943730615861,0.48289384719405,0.5122352141779313,0.5276151963392572,1.0,approved,True,Visual inspection passed,box_guided_pseudo_mask
1002,128,128,train,bright,E.coli,other,preprocessed_intensity_sigma040/local_flatfield/bright/1002.png,processed_plate_strategy_b_circle/counting_mask/bright/1002.png,1266,681,96,86,1252,667,124,114,auto_candidate,consensus,False,3,0.5353886135180258,0.6606839339928795,0.7016595883284609,5856,0.7093023255813954,0.6889411764705883,False,0.6043410300846983,0.1255591511726379,True,0.8185863767612489,0.1301030963659286,True,2446.0,0.2962693798449612,1.0,0.2962693798449612,0.1236315371638417,0.5276162790697675,0.0,0.5591243951326912,0.1049996465444564,True,9166.0,1.1102228682170543,0.7226707396901593,0.8023255813953488,0.3176971286401763,0.659214308527627,1.0,7309.0,0.8852955426356589,0.7737036530305104,0.6849563953488372,0.25575891144528,0.6469632997726534,1.0,approved,True,Visual inspection passed,box_guided_pseudo_mask
1002,129,129,train,bright,E.coli,other,preprocessed_intensity_sigma040/local_flatfield/bright/1002.png,processed_plate_strategy_b_circle/counting_mask/bright/1002.png,1286,625,110,109,1270,609,142,141,auto_candidate,consensus,False,3,0.6523501536429134,0.6951924446782224,0.7563995316463087,6397,0.5335279399499583,0.6878494623655914,False,0.6271609905904876,0.1254978775978088,True,0.832311738966152,0.1263304501771927,True,3830.0,0.3194328607172644,1.0,0.3194328607172644,0.113482702957884,0.4924103419516263,0.0,0.6261046044780281,0.1019426360726356,True,8332.0,0.6949124270225188,0.8342534805568891,0.5797331109257715,0.4164588823419793,0.6006006006006006,1.0,7344.0,0.6125104253544621,0.8197167755991286,0.5020850708924104,0.4673559053349057,0.5561553653719552,1.0,approved,True,Visual inspection passed,box_guided_pseudo_mask
1002,130,130,train,bright,E.coli,other,preprocessed_intensity_sigma040/local_flatfield/bright/1002.png,processed_plate_strategy_b_circle/counting_mask/bright/1002.png,1784,650,145,145,1762,628,189,189,needs_review,consensus,False,3,0.1678776753639205,0.6023104471194253,0.5496813652251423,4784,0.227538644470868,0.348993288590604,False,0.4888004510936388,0.458984375,True,0.6033319901616051,0.2015549093484878,True,4956.0,0.2357193816884661,0.9564164648910412,0.2254458977407847,0.1779861541401006,0.5368873671218697,1.0,0.7147989001030322,0.1673855483531952,True,11120.0,0.5288941736028537,0.8536870503597123,0.4515101070154578,0.0837260639855727,0.674989420228523,1.0,12.0,0.0005707491082045,1.0,0.0005707491082045,0.6685387903104962,0.0009512485136741,0.0,approved,True,Visual inspection passed,box_guided_pseudo_mask
1002,131,131,train,bright,E.coli,other,preprocessed_intensity_sigma040/local_flatfield/bright/1002.png,processed_plate_strategy_b_circle/counting_mask/bright/1002.png,1061,694,103,99,1046,679,133,129,auto_candidate,consensus,False,3,0.4936261420324805,0.6632527670364795,0.68807025652596,5437,0.5331960380504069,0.7705498866213152,False,0.6343717757650658,0.1214231103658676,True,0.8201284396076322,0.1116489395499229,True,3140.0,0.3079337059919584,1.0,0.3079337059919584,0.0793494203907717,0.4024713150926743,0.0,0.5352580857367407,0.0899591296911239,True,14662.0,1.4378738844758263,0.6091256308825536,0.8758458370108856,0.0282224827600979,0.5943346738940374,1.0,6303.0,0.6181229773462783,0.8315088053307949,0.5139746984407179,0.4564394495181923,0.5865409793139565,1.0,approved,True,Visual inspection passed,box_guided_pseudo_mask
1002,132,132,train,bright,E.coli,other,preprocessed_intensity_sigma040/local_flatfield/bright/1002.png,processed_plate_strategy_b_circle/counting_mask/bright/1002.png,1062,630,116,112,1045,613,150,146,auto_candidate,consensus,False,3,0.5411794386011283,0.6882561765834668,0.7147152741437817,6587,0.5070043103448276,0.797843992248062,False,0.6701534960844415,0.125382974743843,True,0.8640019413387571,0.1102616190910339,True,4690.0,0.3609913793103448,1.0,0.3609913793103448,0.0638083819208609,0.4567426108374384,0.0,0.5306130923272018,0.0888763591647148,True,19369.0,1.4908405172413792,0.6051938664876865,0.9022475369458128,0.0353328899390932,0.5932420091324201,1.0,7329.0,0.5641163793103449,0.8690135079819894,0.4902247536945813,0.3361428164215699,0.5359300145802958,1.0,approved,True,Visual inspection passed,box_guided_pseudo_mask
1002,133,133,train,bright,E.coli,other,preprocessed_intensity_sigma040/local_flatfield/bright/1002.png,processed_plate_strategy_b_circle/counting_mask/bright/1002.png,1203,552,120,120,1185,534,156,156,auto_candidate,consensus,False,3,0.6001857448514828,0.748424265337499,0.7594347168330186,5344,0.3711111111111111,0.7310533515731874,False,0.8516607490280709,0.1218979880213737,True,0.8787997122035107,0.1039404347538948,True,5344.0,0.3711111111111111,1.0,0.3711111111111111,0.043524796561334,0.5076388888888889,0.0,0.5148123347809148,0.0836861133575439,True,18799.0,1.3054861111111111,0.6079578700994733,0.7936805555555555,0.218784824354151,0.591715976331361,1.0,4851.0,0.336875,1.0,0.336875,0.0367242837073529,0.46125,0.0,approved,True,Visual inspection passed,box_guided_pseudo_mask
1002,134,134,train,bright,E.coli,other,preprocessed_intensity_sigma040/local_flatfield/bright/1002.png,processed_plate_strategy_b_circle/counting_mask/bright/1002.png,1114,266,143,141,1093,245,185,183,auto_candidate,consensus,False,3,0.5810512306290836,0.7522173639034908,0.7542548762815756,7487,0.3713237117492436,0.7639795918367347,False,0.8546528830386629,0.133432924747467,True,0.8757655304189189,0.1060408130288124,True,7413.0,0.3676536229727719,1.0,0.3676536229727719,0.0326435352817273,0.4860387839111243,0.0,0.5262336782528907,0.0854087248444557,True,29829.0,1.4793929474780538,0.5923765463139897,0.8763576848683232,0.0405930388718523,0.595569339831635,1.0,6944.0,0.3443931954570252,1.0,0.3443931954570252,0.0356052851859234,0.4381788424341616,0.0,approved,True,Visual inspection passed,box_guided_pseudo_mask
1002,135,135,train,bright,E.coli,other,preprocessed_intensity_sigma040/local_flatfield/bright/1002.png,processed_plate_strategy_b_circle/counting_mask/bright/1002.png,1174,169,86,92,1160,155,114,120,needs_review,consensus,False,3,0.0797016861219195,0.557129489673451,0.5007473860120523,1229,0.1553336703741152,0.2508675239844866,False,0.5005895378145944,0.4790058135986328,True,0.5489007426904959,0.1998561024665832,True,1512.0,0.1911021233569262,0.8082010582010583,0.1544489383215369,0.834131184308698,0.265054945054945,0.0,0.6218981885152626,0.1649965941905975,True,6269.0,0.7923407482305359,0.8181528154410592,0.6482558139534884,0.33661325873965,0.663028413028413,1.0,8.0,0.0010111223458038,1.0,0.0010111223458038,0.5851867846527151,0.0015166835187057,0.0,approved,True,Visual inspection passed,box_guided_pseudo_mask
1002,136,136,train,bright,E.coli,other,preprocessed_intensity_sigma040/local_flatfield/bright/1002.png,processed_plate_strategy_b_circle/counting_mask/bright/1002.png,1206,185,100,104,1190,169,132,136,needs_review,consensus,False,3,0.0762336354481369,0.5783342791755977,0.508015484077087,1514,0.145576923076923,0.2691555555555555,False,0.4728787888987438,0.2927006781101227,True,0.6244718988813046,0.186237171292305,True,1614.0,0.1551923076923076,0.929368029739777,0.1442307692307692,0.4767253204278227,0.3027649769585253,0.0,0.6376521497467446,0.1525311321020126,True,8081.0,0.7770192307692307,0.8198242791733696,0.6370192307692307,0.2165214634637966,0.6277901785714286,1.0,15.0,0.0014423076923076,1.0,0.0014423076923076,0.7903937134252917,0.0028846153846153,0.0,approved,True,Visual inspection passed,box_guided_pseudo_mask
1002,137,137,train,bright,E.coli,other,preprocessed_intensity_sigma040/local_flatfield/bright/1002.png,processed_plate_strategy_b_circle/counting_mask/bright/1002.png,1184,118,88,78,1171,105,114,104,needs_review,consensus,False,3,0.2270508581325775,0.5875803841043769,0.5644999539881529,2884,0.4201631701631702,0.4543163201008192,False,0.4803037680137438,0.4776347875595093,True,0.6846687255701223,0.2303637266159057,True,3443.0,0.5016025641025641,0.8425791460935231,0.4226398601398601,0.2977306216681465,0.6816495745145101,1.0,0.5977686587292643,0.1897698789834976,True,5373.0,0.7827797202797203,0.7880141447980644,0.6168414918414918,0.4217565904086398,0.6270987895353377,1.0,18.0,0.0026223776223776,1.0,0.0026223776223776,0.7437573685283789,0.0050990675990675,0.0,approved,True,Visual inspection passed,box_guided_pseudo_mask
1002,138,138,train,bright,E.coli,other,preprocessed_intensity_sigma040/local_flatfield/bright/1002.png,processed_plate_strategy_b_circle/counting_mask/bright/1002.png,1183,88,84,70,1170,75,110,96,needs_review,consensus,False,3,0.1948925270853027,0.5534983152536779,0.5396117105813272,2153,0.366156462585034,0.5205512572533849,False,0.4632485897593967,0.3638327419757843,True,0.6273666814204798,0.2386100143194198,True,2668.0,0.4537414965986394,0.808095952023988,0.3666666666666666,0.4981100727859046,0.445754716981132,1.0,0.5698796745811572,0.1960193067789077,True,4982.0,0.8472789115646259,0.7537133681252509,0.6386054421768708,0.4389889006347384,0.5759892086330936,1.0,14.0,0.0023809523809523,1.0,0.0023809523809523,0.8662952807998129,0.0042517006802721,0.0,approved,True,Visual inspection passed,box_guided_pseudo_mask
1002,139,139,train,bright,E.coli,other,preprocessed_intensity_sigma040/local_flatfield/bright/1002.png,processed_plate_strategy_b_circle/counting_mask/bright/1002.png,1249,125,93,89,1235,111,121,117,auto_candidate,consensus,False,3,0.3602159416832077,0.5420015064083499,0.5928761821524626,2384,0.2880270629455116,0.4551355479190531,False,0.4659617741416054,0.2648897171020508,True,0.6105592305412695,0.232565626502037,True,2490.0,0.3008336353751359,0.8771084337349397,0.2638637187386734,0.2086617247921257,0.5392769774395216,1.0,0.5494835145421745,0.1901548951864242,True,9063.0,1.0949619427328745,0.6750524109014675,0.7391566992871813,0.2238156619209476,0.5846577664759482,1.0,1878.0,0.2268938021022109,0.7385516506922257,0.1675727920744231,0.4648775006922877,0.4754968165155315,1.0,approved,True,Visual inspection passed,box_guided_pseudo_mask
1002,140,140,train,bright,E.coli,other,preprocessed_intensity_sigma040/local_flatfield/bright/1002.png,processed_plate_strategy_b_circle/counting_mask/bright/1002.png,1266,166,109,110,1250,150,141,142,needs_review,consensus,False,3,0.0265156876621844,0.5408292736683872,0.4756122001491194,562,0.0468723936613844,0.1773989898989899,False,0.4955152760201096,0.451171875,True,0.5506555956785888,0.2040569335222244,True,524.0,0.0437030859049207,1.0,0.0437030859049207,0.4967870861932056,0.0887406171809841,0.0,0.576316949306463,0.1685505658388137,True,10059.0,0.8389491242702252,0.7046426086092057,0.5911592994161802,0.346603575240568,0.6699560166911018,1.0,38.0,0.0031693077564637,1.0,0.0031693077564637,0.636960062713235,0.0070058381984987,0.0,approved,True,Visual inspection passed,box_guided_pseudo_mask
1002,141,141,train,bright,E.coli,other,preprocessed_intensity_sigma040/local_flatfield/bright/1002.png,processed_plate_strategy_b_circle/counting_mask/bright/1002.png,1295,270,132,132,1275,250,172,172,needs_review,consensus,False,3,0.1759283191177737,0.5415398225943561,0.5281908407289633,6126,0.3515840220385675,0.4632136105860113,False,0.2421780185838805,0.490234375,True,0.8525253671833205,0.132024347782135,True,5899.0,0.3385560146923783,1.0,0.3385560146923783,0.0410766315994467,0.4643595041322314,0.0,0.5299160820158673,0.1088039651513099,True,17259.0,0.990530303030303,0.6719972188423431,0.665633608815427,0.4252506851252978,0.588967009194159,1.0,340.0,0.0195133149678604,0.6911764705882353,0.0134871441689623,0.8625955310757137,0.2356733524355301,1.0,approved,True,Visual inspection passed,box_guided_pseudo_mask
1002,142,142,train,bright,E.coli,other,preprocessed_intensity_sigma040/local_flatfield/bright/1002.png,processed_plate_strategy_b_circle/counting_mask/bright/1002.png,1305,542,116,112,1288,525,150,146,auto_candidate,consensus,False,3,0.7067961512649058,0.7530001598127605,0.7985787168678212,4780,0.3679187192118227,0.7313341493268054,False,0.8583085890206721,0.1214920431375503,True,0.8738884854626725,0.1204516291618347,True,4746.0,0.365301724137931,1.0,0.365301724137931,0.0470176287503885,0.5030788177339901,0.0,0.5268034049549367,0.0970731452107429,True,13170.0,1.0137007389162562,0.59415337889142,0.6022937192118226,0.2429331323870662,0.5932420091324201,1.0,4498.0,0.3462130541871921,1.0,0.3462130541871921,0.0344860826118777,0.4607450738916256,0.0,approved,True,Visual inspection passed,box_guided_pseudo_mask
1002,143,143,train,bright,E.coli,other,preprocessed_intensity_sigma040/local_flatfield/bright/1002.png,processed_plate_strategy_b_circle/counting_mask/bright/1002.png,1318,477,87,89,1305,464,113,115,auto_candidate,consensus,False,3,0.5582084579525034,0.667703937893573,0.7124545354408054,4149,0.5358388221619528,0.6094300822561692,False,0.6020093449616014,0.1214231103658676,True,0.8666687226004467,0.1184727177023887,True,2739.0,0.3537388609066253,1.0,0.3537388609066253,0.0293977759033059,0.4858581944982565,0.0,0.5344337461186709,0.0954280495643615,True,10564.0,1.3643290714193466,0.6062097690268837,0.8270696112617848,0.0527079647224538,0.5958445555983071,1.0,5144.0,0.6643419863102157,0.7772161741835147,0.5163373369495028,0.4917678442011324,0.5972589792060492,1.0,approved,True,Visual inspection passed,box_guided_pseudo_mask
1002,144,144,train,bright,E.coli,other,preprocessed_intensity_sigma040/local_flatfield/bright/1002.png,processed_plate_strategy_b_circle/counting_mask/bright/1002.png,1374,506,86,82,1361,493,112,108,auto_candidate,consensus,False,3,0.720890735878759,0.5664935541755552,0.7289091792277878,5045,0.7153998865570051,0.7895148669796557,False,0.5419380965338444,0.1292586028575897,True,0.6196594897612209,0.1417062282562255,True,4513.0,0.6399602949517867,0.825836472413029,0.5285025524673851,0.4794215852918628,0.539906103286385,1.0,0.5378830762316006,0.1143350452184677,True,8903.0,1.2624787294384572,0.6731438840840166,0.8498298355076574,0.2229386154020478,0.5830026455026455,1.0,6684.0,0.94781622234827,0.7351885098743267,0.6968235961429382,0.4994612688690494,0.5551643192488263,1.0,approved,True,Visual inspection passed,box_guided_pseudo_mask
1002,145,145,train,bright,E.coli,other,preprocessed_intensity_sigma040/local_flatfield/bright/1002.png,processed_plate_strategy_b_circle/counting_mask/bright/1002.png,1387,457,100,85,1372,442,130,115,auto_candidate,consensus,False,3,0.8385170870857704,0.6186967140329357,0.7909596660931939,7018,0.8256470588235294,0.7582108902333622,False,0.5866114592572811,0.1255591511726379,True,0.6883242065937792,0.1390097886323928,True,6668.0,0.7844705882352941,0.8737252549490102,0.6854117647058824,0.0406854656120272,0.721102863202545,1.0,0.5811544762477467,0.1121321246027946,True,10185.0,1.198235294117647,0.7352970054000982,0.8810588235294118,0.0820596515588392,0.5729693292888439,1.0,9292.0,1.0931764705882352,0.7363323288850624,0.8049411764705883,0.1143166409123163,0.5960729312762973,1.0,approved,True,Visual inspection passed,box_guided_pseudo_mask
1002,146,146,train,bright,E.coli,other,preprocessed_intensity_sigma040/local_flatfield/bright/1002.png,processed_plate_strategy_b_circle/counting_mask/bright/1002.png,1407,426,91,76,1393,412,119,104,auto_candidate,consensus,False,3,0.6770818917883581,0.6018056039465164,0.7277009037045319,5731,0.8286581839213418,0.7540789473684211,False,0.6038841207975453,0.1256816983222961,True,0.6086429092812063,0.1351160407066345,True,4336.0,0.626951995373048,0.8011992619926199,0.5023134759976865,0.5383067300443756,0.5650842266462481,1.0,0.5928897817607975,0.1091852337121963,True,8283.0,1.1976576055523425,0.7563684655318121,0.9058704453441296,0.0680465071800775,0.5990990990990991,1.0,7282.0,1.0529207634470792,0.7653117275473771,0.8058126084441873,0.1017035594101547,0.6214953271028038,1.0,approved,True,Visual inspection passed,box_guided_pseudo_mask
1002,147,147,train,bright,E.coli,other,preprocessed_intensity_sigma040/local_flatfield/bright/1002.png,processed_plate_strategy_b_circle/counting_mask/bright/1002.png,1419,380,99,91,1404,365,129,121,auto_candidate,consensus,False,3,0.4439058918456707,0.6326305394828257,0.6584192779391149,5857,0.6501276501276502,0.7253250773993808,False,0.5955953318607112,0.130055159330368,True,0.740853693129748,0.1399434059858322,True,1847.0,0.205017205017205,1.0,0.205017205017205,0.1043592717908163,0.3484293484293484,0.0,0.5614425934580175,0.113058254122734,True,10172.0,1.1290931290931292,0.7043845851356665,0.7953157953157953,0.1857541553712207,0.5771670190274841,1.0,7456.0,0.8276168276168276,0.7603272532188842,0.6292596292596293,0.2635849898495905,0.5448688797938457,1.0,approved,True,Visual inspection passed,box_guided_pseudo_mask
1002,148,148,train,bright,E.coli,other,preprocessed_intensity_sigma040/local_flatfield/bright/1002.png,processed_plate_strategy_b_circle/counting_mask/bright/1002.png,1407,332,103,102,1392,317,133,132,needs_review,consensus,False,3,0.1651499831479609,0.5899918923182713,0.5437992510290949,2940,0.2798400913763563,0.7193540494250061,False,0.4319181299581737,0.392578125,True,0.7932068819363373,0.1469451338052749,True,2940.0,0.2798400913763563,1.0,0.2798400913763563,0.1256331853330388,0.3890158004949552,0.0,0.5448506650603031,0.1197805106639862,True,8879.0,0.8451361126975062,0.6695573825881292,0.5658671235484485,0.4634146716433918,0.642634450506625,1.0,8.0,0.0007614696363982,1.0,0.0007614696363982,1.0841187490600142,0.0007608902415826,0.0,approved,True,Visual inspection passed,box_guided_pseudo_mask
1002,149,149,train,bright,E.coli,other,preprocessed_intensity_sigma040/local_flatfield/bright/1002.png,processed_plate_strategy_b_circle/counting_mask/bright/1002.png,1459,315,121,113,1441,297,157,149,needs_review,consensus,False,3,0.0551748846791168,0.5554025804353683,0.4914722418118382,1232,0.0901045856798069,0.25,False,0.4722671901790313,0.525390625,True,0.6002934806352388,0.2033802717924118,True,1210.0,0.0884955752212389,1.0,0.0884955752212389,0.4250876971163592,0.1802091713596138,0.0,0.5936470704918348,0.1682486534118652,True,9686.0,0.7084034228040664,0.770183770390254,0.5456008191325971,0.4887387892806448,0.6176537019469667,1.0,17.0,0.0012433262634388,1.0,0.0012433262634388,0.7933567256685639,0.0021941051707745,0.0,approved,True,Visual inspection passed,box_guided_pseudo_mask
1002,150,150,train,bright,E.coli,other,preprocessed_intensity_sigma040/local_flatfield/bright/1002.png,processed_plate_strategy_b_circle/counting_mask/bright/1002.png,1497,288,103,90,1482,273,133,120,needs_review,consensus,False,3,0.0323569333158194,0.57805642489709,0.4925474966193728,739,0.0797195253505933,0.1821992110453648,False,0.4782647348629596,0.541015625,True,0.643379852295123,0.2317723333835601,True,728.0,0.0785329018338727,1.0,0.0785329018338727,0.1833884251908444,0.3477885652642934,0.0,0.6125246875331872,0.1912027150392532,True,9791.0,1.056202804746494,0.7761209273822899,0.8197411003236246,0.0339065600447432,0.5808270676691729,1.0,11.0,0.0011866235167206,1.0,0.0011866235167206,0.7497082408491524,0.0026968716289104,0.0,approved,True,Visual inspection passed,box_guided_pseudo_mask
1002,151,151,train,bright,E.coli,other,preprocessed_intensity_sigma040/local_flatfield/bright/1002.png,processed_plate_strategy_b_circle/counting_mask/bright/1002.png,1518,255,104,91,1502,239,136,123,needs_review,consensus,False,3,0.171747160144115,0.6075795456273259,0.5531433243013706,2328,0.2459847844463229,0.2506459948320413,False,0.5977527662596054,0.345703125,True,0.6423829917491732,0.2279800772666931,True,2464.0,0.2603550295857988,0.93262987012987,0.242814877430262,0.0228494026182907,0.6443355119825708,1.0,0.5826028788731991,0.1871646642684936,True,7987.0,0.8439349112426036,0.7599849755853262,0.6413778529163144,0.3573726714898363,0.5657580105212817,1.0,220.0,0.0232459847844463,1.0,0.0232459847844463,0.1205510338825757,0.1837489433643279,0.0,approved,True,Visual inspection passed,box_guided_pseudo_mask
1003,1_03,1,test,bright,B.subtilis,other,preprocessed_intensity_sigma040/local_flatfield/bright/1003.png,processed_plate_strategy_b_circle/counting_mask/bright/1003.png,1601,1310,150,149,1579,1288,194,193,auto_candidate,consensus,False,2,0.3821664892878627,0.7119300377781234,0.5851969530286679,8259,0.3695302013422818,0.5504532124766729,False,0.0085818973188031,0.369140625,False,0.893806824896749,0.0931972190737724,True,8120.0,0.36331096196868,1.0,0.36331096196868,0.0145201559995269,0.6713199105145414,0.0,0.5300532506594977,0.0751194134354591,True,32750.0,1.465324384787472,0.6566717557251909,0.9622371364653244,0.1773866918782003,0.5969232412798462,1.0,245.0,0.0109619686800894,0.2448979591836734,0.0026845637583892,1.2779614966451518,0.0506360078277886,1.0,approved,True,Visual inspection passed,box_guided_pseudo_mask
1003,2_03,2,test,bright,B.subtilis,other,preprocessed_intensity_sigma040/local_flatfield/bright/1003.png,processed_plate_strategy_b_circle/counting_mask/bright/1003.png,1628,732,113,112,1611,715,147,146,auto_candidate,consensus,False,3,0.396924728616938,0.6512358652823106,0.6494180011288526,1462,0.1155183312262958,0.3495934959349593,False,0.6173655533196211,0.462890625,True,0.6522990589243752,0.2623714208602905,True,1462.0,0.1155183312262958,1.0,0.1155183312262958,0.2902844349366742,0.3304361567635904,0.0,0.6840429836029357,0.2241992503404617,True,4514.0,0.3566687737041719,0.9499335400974744,0.3388116308470291,0.2208861786182717,0.6152429522595269,1.0,933.0,0.0737199747155499,1.0,0.0737199747155499,0.3213082041929062,0.3097345132743362,0.0,approved,True,Visual inspection passed,box_guided_pseudo_mask
1004,1_04,1,train,bright,P.aeruginosa,other,preprocessed_intensity_sigma040/local_flatfield/bright/1004.png,processed_plate_strategy_b_circle/counting_mask/bright/1004.png,1587,1596,63,63,1578,1587,81,81,needs_review,consensus,False,3,0.1769557358594556,0.6214047592518502,0.5604964112515496,1091,0.2748803224993701,0.2430385386500334,False,0.5220342321500097,0.384765625,True,0.6299012192134062,0.1994548887014389,True,1267.0,0.3192239858906525,0.8642462509865825,0.2758881330309902,0.1642580061534663,0.6049382716049383,1.0,0.7122788263921349,0.1677058190107345,True,2449.0,0.6170319979843789,0.8999591670069416,0.5553036029226506,0.0733589212314452,0.6049382716049383,1.0,26.0,0.0065507684555303,1.0,0.0065507684555303,0.4656483100973099,0.0141093474426807,0.0,approved,True,Visual inspection passed,box_guided_pseudo_mask
1005,1_05,1,train,bright,S.aureus,other,preprocessed_intensity_sigma040/local_flatfield/bright/1005.png,processed_plate_strategy_b_circle/counting_mask/bright/1005.png,460,1670,36,36,454,1664,48,48,auto_candidate,consensus,False,3,0.8414769133459835,0.9092583660175664,0.9082202660781208,527,0.4066358024691358,0.7807407407407407,False,0.8742910276703706,0.400390625,True,0.9082935862695508,0.2569274306297302,True,526.0,0.4058641975308642,1.0,0.4058641975308642,0.011529891498745,0.5208333333333334,0.0,0.945190484112778,0.2243464291095733,True,616.0,0.4753086419753086,1.0,0.4753086419753086,0.0064790855179154,0.6265432098765432,0.0,475.0,0.3665123456790123,1.0,0.3665123456790123,0.0208731792954091,0.4629629629629629,0.0,approved,True,Visual inspection passed,box_guided_pseudo_mask
1005,2_04,2,train,bright,S.aureus,other,preprocessed_intensity_sigma040/local_flatfield/bright/1005.png,processed_plate_strategy_b_circle/counting_mask/bright/1005.png,570,1687,36,36,564,1681,48,48,auto_candidate,consensus,False,3,0.7511058498569597,0.8352457549528634,0.8469853494310813,545,0.4205246913580246,0.7208994708994709,False,0.9018032894326528,0.4140165448188782,True,0.9086513660341504,0.3265557289123535,True,525.0,0.4050925925925926,1.0,0.4050925925925926,0.0348895163576379,0.5617283950617284,0.0,0.695282609391787,0.2823690176010132,True,887.0,0.6844135802469136,0.8850056369785795,0.6057098765432098,0.0245637545640675,0.5625,1.0,516.0,0.3981481481481481,1.0,0.3981481481481481,0.0209087991900618,0.5216049382716049,0.0,approved,True,Visual inspection passed,box_guided_pseudo_mask
1005,3_03,3,train,bright,S.aureus,other,preprocessed_intensity_sigma040/local_flatfield/bright/1005.png,processed_plate_strategy_b_circle/counting_mask/bright/1005.png,434,1462,40,39,428,1456,52,51,auto_candidate,consensus,False,3,0.7893429041066837,0.8942088154844049,0.8839535426311013,635,0.407051282051282,0.7820197044334976,False,0.8562069655033308,0.3633119165897369,True,0.8962610122615394,0.2273326963186264,True,635.0,0.407051282051282,1.0,0.407051282051282,0.1049581341209575,0.5205128205128206,0.0,0.9301584686883448,0.195520743727684,True,792.0,0.5076923076923077,1.0,0.5076923076923077,0.0780500158530022,0.6358974358974359,0.0,552.0,0.3538461538461538,1.0,0.3538461538461538,0.0922230702704064,0.4666666666666667,0.0,approved,True,Visual inspection passed,box_guided_pseudo_mask
1005,4_02,4,train,bright,S.aureus,other,preprocessed_intensity_sigma040/local_flatfield/bright/1005.png,processed_plate_strategy_b_circle/counting_mask/bright/1005.png,58,981,26,54,50,973,42,70,auto_candidate,consensus,False,3,0.6613199127452031,0.7903944642875134,0.7976197551758264,506,0.3603988603988604,0.5836216839677048,False,0.8376389631091472,0.3685049414634704,True,0.8313197064231185,0.3421942293643951,True,465.0,0.3311965811965812,0.967741935483871,0.3205128205128205,0.1064915661621956,0.5277044854881267,0.0,0.7022247233302743,0.2844753265380859,True,828.0,0.5897435897435898,0.8876811594202898,0.5235042735042735,0.1811292155000872,0.6264501160092807,1.0,448.0,0.3190883190883191,1.0,0.3190883190883191,0.0758562205759432,0.4964387464387464,0.0,approved,True,Visual inspection passed,box_guided_pseudo_mask
1005,5_01,5,train,bright,S.aureus,other,preprocessed_intensity_sigma040/local_flatfield/bright/1005.png,processed_plate_strategy_b_circle/counting_mask/bright/1005.png,687,1397,37,36,681,1391,49,48,auto_candidate,consensus,False,3,0.8185524845036074,0.9289068341442618,0.9080561032339672,624,0.4684684684684684,0.7428571428571429,False,0.9153536480991395,0.3672334849834442,True,0.94435582789827,0.2495998442173004,True,624.0,0.4684684684684684,1.0,0.4684684684684684,0.02373475571695,0.6306306306306306,0.0,0.927011026435376,0.2149664759635925,True,757.0,0.5683183183183184,1.0,0.5683183183183184,0.0249593802686772,0.7207207207207207,0.0,558.0,0.4189189189189189,1.0,0.4189189189189189,0.0297192388666966,0.527027027027027,0.0,approved,True,Visual inspection passed,box_guided_pseudo_mask
1005,6_01,6,train,bright,S.aureus,other,preprocessed_intensity_sigma040/local_flatfield/bright/1005.png,processed_plate_strategy_b_circle/counting_mask/bright/1005.png,772,1312,37,36,766,1306,49,48,auto_candidate,consensus,False,3,0.790401870943108,0.918803038075926,0.8941618700604581,582,0.4369369369369369,0.7432950191570882,False,0.8848437632099949,0.3612745404243469,True,0.9354279252503664,0.2344037592411041,True,582.0,0.4369369369369369,1.0,0.4369369369369369,0.0176087741118074,0.5878378378378378,0.0,0.936137425767416,0.201209545135498,True,720.0,0.5405405405405406,1.0,0.5405405405405406,0.0177526293047835,0.7207207207207207,0.0,503.0,0.3776276276276276,1.0,0.3776276276276276,0.0176470538655024,0.487987987987988,0.0,approved,True,Visual inspection passed,box_guided_pseudo_mask
1005,7_01,7,train,bright,S.aureus,other,preprocessed_intensity_sigma040/local_flatfield/bright/1005.png,processed_plate_strategy_b_circle/counting_mask/bright/1005.png,680,1241,34,32,674,1235,46,44,auto_candidate,consensus,False,3,0.8111491803232536,0.931230938459092,0.9063945884967756,539,0.4954044117647059,0.7678062678062678,False,0.9328836361819955,0.3524509966373443,True,0.9401158681762104,0.2410835027694702,True,539.0,0.4954044117647059,1.0,0.4954044117647059,0.0362615187335955,0.6452205882352942,0.0,0.9206933110190704,0.2074176967144012,True,659.0,0.6056985294117647,1.0,0.6056985294117647,0.0371972868663793,0.7720588235294118,0.0,479.0,0.4402573529411764,1.0,0.4402573529411764,0.0422989899855839,0.5735294117647058,0.0,approved,True,Visual inspection passed,box_guided_pseudo_mask
1005,8_01,8,train,bright,S.aureus,other,preprocessed_intensity_sigma040/local_flatfield/bright/1005.png,processed_plate_strategy_b_circle/counting_mask/bright/1005.png,618,1284,37,35,612,1278,49,47,auto_candidate,consensus,False,3,0.7764212488350419,0.9130671420018966,0.8869742938930234,555,0.4285714285714285,0.7341269841269841,False,0.8742863646531767,0.3556143045425415,True,0.930228394474505,0.2274135202169418,True,555.0,0.4285714285714285,1.0,0.4285714285714285,0.0108158548546317,0.5837837837837838,0.0,0.934686666878008,0.194789707660675,True,696.0,0.5374517374517375,1.0,0.5374517374517375,0.0159766183978741,0.6942084942084942,0.0,473.0,0.3652509652509652,1.0,0.3652509652509652,0.0148726351146302,0.4633204633204633,0.0,approved,True,Visual inspection passed,box_guided_pseudo_mask
1005,9_01,9,train,bright,S.aureus,other,preprocessed_intensity_sigma040/local_flatfield/bright/1005.png,processed_plate_strategy_b_circle/counting_mask/bright/1005.png,548,1153,37,36,542,1147,49,48,auto_candidate,consensus,False,3,0.7878270762229805,0.9173835141986766,0.8926928823575138,586,0.4399399399399399,0.7484035759897829,False,0.8850013382896486,0.3687423467636108,True,0.9352811394452488,0.2422102391719818,True,586.0,0.4399399399399399,1.0,0.4399399399399399,0.0336662967057786,0.5878378378378378,0.0,0.9318680648611326,0.2085792422294616,True,728.0,0.5465465465465466,1.0,0.5465465465465466,0.0191193670865809,0.6981981981981982,0.0,506.0,0.3798798798798798,1.0,0.3798798798798798,0.0277384759834352,0.487987987987988,0.0,approved,True,Visual inspection passed,box_guided_pseudo_mask
1005,10_01,10,train,bright,S.aureus,other,preprocessed_intensity_sigma040/local_flatfield/bright/1005.png,processed_plate_strategy_b_circle/counting_mask/bright/1005.png,903,1559,37,36,897,1553,49,48,auto_candidate,consensus,False,3,0.7810626656407625,0.9050493730968492,0.8853916822130066,557,0.4181681681681681,0.7934472934472935,False,0.8659747660444843,0.3504748940467834,True,0.913570191601582,0.2255719006061554,True,557.0,0.4181681681681681,1.0,0.4181681681681681,0.0389768068034745,0.527027027027027,0.0,0.9356031616444814,0.1928358078002929,True,700.0,0.5255255255255256,1.0,0.5255255255255256,0.0399131325285089,0.6981981981981982,0.0,480.0,0.3603603603603603,1.0,0.3603603603603603,0.0416859161775534,0.4504504504504504,0.0,approved,True,Visual inspection passed,box_guided_pseudo_mask
1005,11_01,11,train,bright,S.aureus,other,preprocessed_intensity_sigma040/local_flatfield/bright/1005.png,processed_plate_strategy_b_circle/counting_mask/bright/1005.png,948,1549,33,32,942,1543,45,44,auto_candidate,consensus,False,3,0.7950172579347572,0.9312793064784776,0.900767762868556,565,0.5350378787878788,0.7473544973544973,False,0.9422141049919028,0.3617111146450043,True,0.9334052473649824,0.2517468929290771,True,565.0,0.5350378787878788,1.0,0.5350378787878788,0.0466524559845881,0.7159090909090909,0.0,0.9182185670785477,0.216912493109703,True,682.0,0.6458333333333334,1.0,0.6458333333333334,0.0464008442800188,0.8522727272727273,0.0,481.0,0.4554924242424242,1.0,0.4554924242424242,0.0455398468996534,0.615530303030303,0.0,approved,True,Visual inspection passed,box_guided_pseudo_mask
1005,12_01,12,train,bright,S.aureus,other,preprocessed_intensity_sigma040/local_flatfield/bright/1005.png,processed_plate_strategy_b_circle/counting_mask/bright/1005.png,944,1589,30,30,938,1583,42,42,auto_candidate,consensus,False,3,0.8464887387931053,0.6416166007865688,0.8029176988922144,551,0.6122222222222222,0.6785714285714286,False,0.6294453418452975,0.3606694340705871,True,0.649826955502838,0.2958827912807464,True,606.0,0.6733333333333333,0.8679867986798679,0.5844444444444444,0.3740370154660509,0.6234458259325044,1.0,0.6455775050115706,0.253395676612854,True,709.0,0.7877777777777778,0.8787023977433004,0.6922222222222222,0.3232350710122379,0.6690265486725664,1.0,600.0,0.6666666666666666,0.8533333333333334,0.5688888888888889,0.451303325223762,0.5620503597122302,1.0,approved,True,Visual inspection passed,box_guided_pseudo_mask
1005,13_01,13,train,bright,S.aureus,other,preprocessed_intensity_sigma040/local_flatfield/bright/1005.png,processed_plate_strategy_b_circle/counting_mask/bright/1005.png,962,1596,30,29,956,1590,42,41,auto_candidate,consensus,False,3,0.8476671552566478,0.6339671391635524,0.8002703600052476,559,0.6425287356321839,0.6884236453201971,False,0.6208049055703078,0.3652497231960296,True,0.6394375148155071,0.3046343922615051,True,619.0,0.7114942528735633,0.8723747980613893,0.6206896551724138,0.4225519121977775,0.6428571428571429,1.0,0.6416589971048422,0.2616493701934814,True,721.0,0.828735632183908,0.8821081830790569,0.7310344827586207,0.3656198548367069,0.7328519855595668,1.0,604.0,0.6942528735632184,0.859271523178808,0.596551724137931,0.5012771094402468,0.577634011090573,1.0,approved,True,Visual inspection passed,box_guided_pseudo_mask
1005,14_01,14,train,bright,S.aureus,other,preprocessed_intensity_sigma040/local_flatfield/bright/1005.png,processed_plate_strategy_b_circle/counting_mask/bright/1005.png,1061,1546,33,32,1055,1540,45,44,auto_candidate,consensus,False,3,0.7911616161616161,0.9323703654534552,0.8998547118379479,561,0.53125,0.6908866995073891,False,0.9405624076155368,0.3671568930149078,True,0.9403028224436666,0.2531570494174957,True,561.0,0.53125,1.0,0.53125,0.0437710120761312,0.7689393939393939,0.0,0.916245866301163,0.2183105200529098,True,680.0,0.6439393939393939,1.0,0.6439393939393939,0.0430587734613278,0.8238636363636364,0.0,476.0,0.4507575757575757,1.0,0.4507575757575757,0.047168932512231,0.5918560606060606,0.0,approved,True,Visual inspection passed,box_guided_pseudo_mask
1005,15_01,15,train,bright,S.aureus,other,preprocessed_intensity_sigma040/local_flatfield/bright/1005.png,processed_plate_strategy_b_circle/counting_mask/bright/1005.png,1424,1561,37,36,1418,1555,49,48,auto_candidate,consensus,False,3,0.775172945157453,0.9116462573194716,0.8859690337328971,562,0.4219219219219219,0.7433862433862434,False,0.8787343500103527,0.3494332432746887,True,0.9235249347688328,0.2279145121574401,True,562.0,0.4219219219219219,1.0,0.4219219219219219,0.0146849604759805,0.5675675675675675,0.0,0.9326794871792292,0.1950842887163162,True,719.0,0.5397897897897898,1.0,0.5397897897897898,0.0282326352864119,0.6981981981981982,0.0,487.0,0.3656156156156156,1.0,0.3656156156156156,0.0164790037025951,0.5075075075075075,0.0,approved,True,Visual inspection passed,box_guided_pseudo_mask
1005,16_01,16,train,bright,S.aureus,other,preprocessed_intensity_sigma040/local_flatfield/bright/1005.png,processed_plate_strategy_b_circle/counting_mask/bright/1005.png,1505,1715,37,36,1499,1709,49,48,auto_candidate,consensus,False,3,0.6899230660094554,0.7388858703521594,0.7870274212441731,692,0.5195195195195195,0.63544536271809,False,0.6809764139677543,0.4121476709842682,True,0.8754782313050529,0.311639666557312,True,501.0,0.3761261261261261,1.0,0.3761261261261261,0.0773489411117008,0.4864864864864865,0.0,0.6602029657836705,0.2729376554489136,True,970.0,0.7282282282282282,0.8731958762886598,0.6358858858858859,0.2677023183040669,0.6644219977553311,1.0,771.0,0.5788288288288288,0.874189364461738,0.506006006006006,0.2802579952085442,0.5670103092783505,1.0,approved,True,Visual inspection passed,box_guided_pseudo_mask
1005,17_01,17,train,bright,S.aureus,other,preprocessed_intensity_sigma040/local_flatfield/bright/1005.png,processed_plate_strategy_b_circle/counting_mask/bright/1005.png,1604,1623,37,36,1598,1617,49,48,auto_candidate,consensus,False,3,0.8596394701999147,0.914539386305674,0.91668956909224,561,0.4211711711711711,0.7695473251028807,False,0.8875022370768763,0.4328661262989044,True,0.9165903425220452,0.3019724786281585,True,560.0,0.4204204204204204,1.0,0.4204204204204204,0.0429756854875749,0.5472972972972973,0.0,0.9395255793181004,0.2638313472270965,True,635.0,0.4767267267267267,1.0,0.4767267267267267,0.0338128994005682,0.6096096096096096,0.0,506.0,0.3798798798798798,1.0,0.3798798798798798,0.0237357386428829,0.5075075075075075,0.0,approved,True,Visual inspection passed,box_guided_pseudo_mask
1005,18_01,18,train,bright,S.aureus,other,preprocessed_intensity_sigma040/local_flatfield/bright/1005.png,processed_plate_strategy_b_circle/counting_mask/bright/1005.png,1758,1395,33,33,1752,1389,45,45,auto_candidate,consensus,False,3,0.6804694396842708,0.8336259006978838,0.8216146641686483,490,0.4499540863177226,0.7291666666666666,False,0.9010606924903836,0.392578125,True,0.9389446041584614,0.3101776838302612,True,478.0,0.4389348025711662,1.0,0.4389348025711662,0.0232594827165206,0.6170798898071626,0.0,0.660872405444806,0.2697001695632934,True,914.0,0.8393021120293848,0.8643326039387309,0.7254361799816346,0.0474811250184908,0.5627906976744186,1.0,440.0,0.404040404040404,1.0,0.404040404040404,0.0436593492067397,0.5050505050505051,0.0,approved,True,Visual inspection passed,box_guided_pseudo_mask
1005,19_01,19,train,bright,S.aureus,other,preprocessed_intensity_sigma040/local_flatfield/bright/1005.png,processed_plate_strategy_b_circle/counting_mask/bright/1005.png,1722,1367,37,35,1716,1361,49,47,auto_candidate,consensus,False,3,0.776674416466354,0.799470983983638,0.8416244393566792,594,0.4586872586872587,0.6239495798319328,False,0.9062811762899304,0.3517003953456878,True,0.7733422196491865,0.244714081287384,True,613.0,0.4733590733590733,0.9706362153344208,0.4594594594594595,0.0606585633147641,0.6124401913875598,1.0,0.7187895560117971,0.2108808010816574,True,824.0,0.6362934362934363,0.9405339805825242,0.5984555984555985,0.1125511997221142,0.629994209612044,1.0,524.0,0.4046332046332046,1.0,0.4046332046332046,0.0203534098729105,0.5212355212355212,0.0,approved,True,Visual inspection passed,box_guided_pseudo_mask
1005,20_01,20,train,bright,S.aureus,other,preprocessed_intensity_sigma040/local_flatfield/bright/1005.png,processed_plate_strategy_b_circle/counting_mask/bright/1005.png,1703,1328,37,36,1697,1322,49,48,auto_candidate,consensus,False,3,0.7938166662918738,0.9232010671124228,0.897116260047125,610,0.4579579579579579,0.7253269916765755,False,0.8891474281187619,0.3476256430149078,True,0.9467548477628932,0.2210534214973449,True,610.0,0.4579579579579579,1.0,0.4579579579579579,0.0205463886912761,0.6313813813813813,0.0,0.9337009254556136,0.1901124268770218,True,729.0,0.5472972972972973,1.0,0.5472972972972973,0.0205303514857516,0.7207207207207207,0.0,513.0,0.3851351351351351,1.0,0.3851351351351351,0.0237341874848781,0.487987987987988,0.0,approved,True,Visual inspection passed,box_guided_pseudo_mask
1005,21_01,21,train,bright,S.aureus,other,preprocessed_intensity_sigma040/local_flatfield/bright/1005.png,processed_plate_strategy_b_circle/counting_mask/bright/1005.png,1589,1169,34,32,1583,1163,46,44,auto_candidate,consensus,False,3,0.8015960863089138,0.9338352080968032,0.9040927134468412,564,0.5183823529411765,0.746031746031746,False,0.9413607126113568,0.3632353246212005,True,0.9389732448581508,0.2578237652778625,True,564.0,0.5183823529411765,1.0,0.5183823529411765,0.0301078059923369,0.6948529411764706,0.0,0.9211716668209023,0.2211774140596389,True,692.0,0.6360294117647058,1.0,0.6360294117647058,0.0215826028767436,0.8262867647058824,0.0,494.0,0.4540441176470588,1.0,0.4540441176470588,0.0406229407831215,0.5974264705882353,0.0,approved,True,Visual inspection passed,box_guided_pseudo_mask
1005,22_01,22,train,bright,S.aureus,other,preprocessed_intensity_sigma040/local_flatfield/bright/1005.png,processed_plate_strategy_b_circle/counting_mask/bright/1005.png,1531,1230,37,36,1525,1224,49,48,auto_candidate,consensus,False,3,0.7849550335576262,0.9081425636172922,0.8879912871920861,551,0.4136636636636636,0.7849002849002849,False,0.8764098936198185,0.3414675593376159,True,0.9131126953856756,0.2290699779987335,True,551.0,0.4136636636636636,1.0,0.4136636636636636,0.0198319025636437,0.527027027027027,0.0,0.9349051018463826,0.1951974481344223,True,701.0,0.5262762762762763,1.0,0.5262762762762763,0.0267990954794552,0.6756756756756757,0.0,484.0,0.3633633633633634,1.0,0.3633633633633634,0.0221877578098333,0.5075075075075075,0.0,approved,True,Visual inspection passed,box_guided_pseudo_mask
1005,23_01,23,train,bright,S.aureus,other,preprocessed_intensity_sigma040/local_flatfield/bright/1005.png,processed_plate_strategy_b_circle/counting_mask/bright/1005.png,1418,1189,37,36,1412,1183,49,48,auto_candidate,consensus,False,3,0.7932160350948761,0.9251146799266762,0.8976714842538771,612,0.4594594594594595,0.7816091954022989,False,0.8954978433692101,0.3612898588180542,True,0.9434030601495688,0.2397825866937637,True,612.0,0.4594594594594595,1.0,0.4594594594594595,0.0111806540829514,0.5878378378378378,0.0,0.93644313626125,0.2059844583272934,True,737.0,0.5533033033033034,1.0,0.5533033033033034,0.0050368524451959,0.7447447447447447,0.0,518.0,0.3888888888888889,1.0,0.3888888888888889,0.0103960710562443,0.5075075075075075,0.0,approved,True,Visual inspection passed,box_guided_pseudo_mask
1005,24_01,24,train,bright,S.aureus,other,preprocessed_intensity_sigma040/local_flatfield/bright/1005.png,processed_plate_strategy_b_circle/counting_mask/bright/1005.png,1326,1253,37,35,1320,1247,49,47,auto_candidate,consensus,False,3,0.8056576786336401,0.9287651662286792,0.9034862540132456,617,0.4764478764478764,0.7598522167487685,False,0.9147655415390988,0.3599647879600525,True,0.94176573791206,0.2445114403963089,True,617.0,0.4764478764478764,1.0,0.4764478764478764,0.0304962887317623,0.6270270270270271,0.0,0.9297642192348788,0.2103596180677414,True,749.0,0.5783783783783784,1.0,0.5783783783783784,0.0178323104381905,0.766023166023166,0.0,539.0,0.4162162162162162,1.0,0.4162162162162162,0.0314987571082349,0.5420849420849421,0.0,approved,True,Visual inspection passed,box_guided_pseudo_mask
1005,25_01,25,train,bright,S.aureus,other,preprocessed_intensity_sigma040/local_flatfield/bright/1005.png,processed_plate_strategy_b_circle/counting_mask/bright/1005.png,1440,1075,31,29,1434,1069,43,41,auto_candidate,consensus,False,3,0.8793320021998721,0.6379711135083032,0.8129546461732764,555,0.6173526140155728,0.7079081632653061,False,0.6228884914743316,0.3736902773380279,True,0.6513306554011659,0.3037625253200531,True,597.0,0.664071190211346,0.9128978224455612,0.6062291434927698,0.4739096522991913,0.6041108132260947,1.0,0.6396941936494118,0.2618055641651153,True,673.0,0.7486095661846496,0.9004457652303121,0.6740823136818688,0.446266828930269,0.6452205882352942,1.0,598.0,0.6651835372636262,0.882943143812709,0.5873192436040044,0.5593873255655575,0.5410279531109107,1.0,approved,True,Visual inspection passed,box_guided_pseudo_mask
1005,26_01,26,train,bright,S.aureus,other,preprocessed_intensity_sigma040/local_flatfield/bright/1005.png,processed_plate_strategy_b_circle/counting_mask/bright/1005.png,1426,1067,30,33,1420,1061,42,45,auto_candidate,consensus,False,3,0.8676411037106181,0.6721427246648007,0.8225314761646366,581,0.5868686868686869,0.7410714285714286,False,0.6616266197004473,0.3694929778575897,True,0.6870889791482806,0.2919659614562988,True,619.0,0.6252525252525253,0.925686591276252,0.5787878787878787,0.3241387599886358,0.6286701208981001,1.0,0.6677125751456746,0.2517198622226715,True,725.0,0.7323232323232324,0.9062068965517242,0.6636363636363637,0.295767227606396,0.6726804123711341,1.0,606.0,0.6121212121212121,0.8894389438943895,0.5444444444444444,0.4112942909974943,0.5859375,1.0,approved,True,Visual inspection passed,box_guided_pseudo_mask
1005,27_01,27,train,bright,S.aureus,other,preprocessed_intensity_sigma040/local_flatfield/bright/1005.png,processed_plate_strategy_b_circle/counting_mask/bright/1005.png,1474,1066,34,32,1468,1060,46,44,auto_candidate,consensus,False,3,0.7800397667463116,0.9181079063095108,0.8902570808850134,485,0.4457720588235294,0.7461538461538462,False,0.889677484003313,0.3461627066135406,True,0.9385561090409944,0.2268542200326919,True,485.0,0.4457720588235294,1.0,0.4457720588235294,0.0458846147678034,0.5974264705882353,0.0,0.9260901258842252,0.1937834918498993,True,617.0,0.5670955882352942,1.0,0.5670955882352942,0.0528327232897292,0.7463235294117647,0.0,422.0,0.3878676470588235,1.0,0.3878676470588235,0.047626733608741,0.5073529411764706,0.0,approved,True,Visual inspection passed,box_guided_pseudo_mask
1005,28_01,28,train,bright,S.aureus,other,preprocessed_intensity_sigma040/local_flatfield/bright/1005.png,processed_plate_strategy_b_circle/counting_mask/bright/1005.png,1356,1019,33,33,1350,1013,45,45,auto_candidate,consensus,False,3,0.791346468064472,0.9193711858516752,0.8947197381632352,515,0.472910927456382,0.7618343195266272,False,0.8937644165504386,0.3530560731887817,True,0.937241602882274,0.2299627512693405,True,515.0,0.472910927456382,1.0,0.472910927456382,0.0630218586509388,0.620752984389348,0.0,0.927107538122313,0.1978754103183746,True,614.0,0.5638200183654729,1.0,0.5638200183654729,0.0516373160783694,0.7456382001836547,0.0,430.0,0.3948576675849403,1.0,0.3948576675849403,0.0684416421925543,0.5289256198347108,0.0,approved,True,Visual inspection passed,box_guided_pseudo_mask
1005,29_01,29,train,bright,S.aureus,other,preprocessed_intensity_sigma040/local_flatfield/bright/1005.png,processed_plate_strategy_b_circle/counting_mask/bright/1005.png,1421,1032,27,27,1415,1026,39,39,auto_candidate,consensus,False,3,0.8923450421060618,0.6944660707688962,0.8401071930446802,538,0.7379972565157751,0.7379972565157751,False,0.623860192974928,0.3792432844638824,True,0.8196658889229836,0.3197973668575287,True,565.0,0.7750342935528121,0.952212389380531,0.7379972565157751,0.3694866110485091,0.7046223224351748,0.0,0.639872130408777,0.2781562209129333,True,643.0,0.8820301783264746,0.9129082426127528,0.8052126200274349,0.3753964905651483,0.689289501590668,1.0,555.0,0.7613168724279835,0.8954954954954955,0.6817558299039781,0.4966760791179785,0.5929108485499462,1.0,approved,True,Visual inspection passed,box_guided_pseudo_mask
1005,30_01,30,train,bright,S.aureus,other,preprocessed_intensity_sigma040/local_flatfield/bright/1005.png,processed_plate_strategy_b_circle/counting_mask/bright/1005.png,1407,1024,31,34,1401,1018,43,46,auto_candidate,consensus,False,3,0.856730006809765,0.7395420441576763,0.8456723200464883,554,0.5256166982922201,0.7599451303155007,False,0.6828476423286025,0.3720588684082031,True,0.8586198904138229,0.2725073993206024,True,579.0,0.5493358633776091,0.9516407599309152,0.5227703984819735,0.3320811677169574,0.567703952901598,0.0,0.6771585997306035,0.2352065443992614,True,702.0,0.6660341555977229,0.9202279202279202,0.6129032258064516,0.3212429386989008,0.6320907617504052,1.0,561.0,0.532258064516129,0.9180035650623886,0.4886148007590132,0.4014319069613685,0.4942148760330578,1.0,approved,True,Visual inspection passed,box_guided_pseudo_mask
1005,31_01,31,train,bright,S.aureus,other,preprocessed_intensity_sigma040/local_flatfield/bright/1005.png,processed_plate_strategy_b_circle/counting_mask/bright/1005.png,1555,914,34,33,1549,908,46,45,auto_candidate,consensus,False,3,0.8009383573334666,0.9232962330461986,0.8996469182851927,502,0.4474153297682709,0.8032,False,0.9045016607019,0.3760340213775635,True,0.9364697699763762,0.2448858767747879,True,502.0,0.4474153297682709,1.0,0.4474153297682709,0.0398509027622909,0.5570409982174688,0.0,0.9289172684603194,0.2115597277879715,True,638.0,0.5686274509803921,1.0,0.5686274509803921,0.0314564711474181,0.749554367201426,0.0,454.0,0.4046345811051693,1.0,0.4046345811051693,0.0431970451683402,0.5347593582887701,0.0,approved,True,Visual inspection passed,box_guided_pseudo_mask
1005,32_01,32,train,bright,S.aureus,other,preprocessed_intensity_sigma040/local_flatfield/bright/1005.png,processed_plate_strategy_b_circle/counting_mask/bright/1005.png,1677,717,34,32,1671,711,46,44,auto_candidate,consensus,False,3,0.9485579177371772,0.6878957444266578,0.8571535689786751,769,0.7068014705882353,0.753921568627451,False,0.685240772258141,0.5042279958724976,True,0.6897141494515274,0.4608211517333984,True,829.0,0.7619485294117647,0.9203860072376358,0.7012867647058824,0.1972037586867062,0.7570977917981072,1.0,0.6887323115703051,0.4061258137226105,True,853.0,0.7840073529411765,0.9191090269636576,0.7205882352941176,0.1942157956052055,0.7807570977917981,1.0,799.0,0.734375,0.916145181476846,0.6727941176470589,0.2190264566537898,0.7123613312202852,1.0,approved,True,Visual inspection passed,box_guided_pseudo_mask
1005,33_01,33,train,bright,S.aureus,other,preprocessed_intensity_sigma040/local_flatfield/bright/1005.png,processed_plate_strategy_b_circle/counting_mask/bright/1005.png,1295,858,33,32,1289,852,45,44,auto_candidate,consensus,False,3,0.7469722937550246,0.9088319764758138,0.8749730934045842,549,0.5198863636363636,0.6761083743842364,False,0.919489464923576,0.4319852888584137,True,0.9313283559978374,0.3017409145832062,True,548.0,0.5189393939393939,1.0,0.5189393939393939,0.143017449704765,0.7751152073732719,0.0,0.8756781085060279,0.265826016664505,True,716.0,0.678030303030303,0.9804469273743016,0.6647727272727273,0.1796911585006949,0.742320819112628,0.0,457.0,0.4327651515151515,1.0,0.4327651515151515,0.0821019304990368,0.5454545454545454,0.0,approved,True,Visual inspection passed,box_guided_pseudo_mask
1005,34_01,34,train,bright,S.aureus,other,preprocessed_intensity_sigma040/local_flatfield/bright/1005.png,processed_plate_strategy_b_circle/counting_mask/bright/1005.png,1226,1001,33,32,1220,995,45,44,auto_candidate,consensus,False,3,0.8241455896083923,0.9336794103266608,0.9119227204936016,578,0.5473484848484849,0.7372448979591837,False,0.9426467164593648,0.3844439387321472,True,0.9353893560070002,0.2642365097999573,True,578.0,0.5473484848484849,1.0,0.5473484848484849,0.0239322269328964,0.7424242424242424,0.0,0.9230021585136168,0.2303800880908966,True,672.0,0.6363636363636364,1.0,0.6363636363636364,0.0059264956866953,0.8238636363636364,0.0,501.0,0.4744318181818182,1.0,0.4744318181818182,0.0180144198623742,0.615530303030303,0.0,approved,True,Visual inspection passed,box_guided_pseudo_mask
1005,35_01,35,train,bright,S.aureus,other,preprocessed_intensity_sigma040/local_flatfield/bright/1005.png,processed_plate_strategy_b_circle/counting_mask/bright/1005.png,1133,865,34,33,1127,859,46,45,auto_candidate,consensus,False,3,0.8291274290817329,0.6191423662621148,0.7878515466834524,995,0.8868092691622104,0.7268078889700511,False,0.6127172566286604,0.5895220637321472,True,0.6354105938524586,0.668366014957428,True,899.0,0.8012477718360071,0.8854282536151279,0.7094474153297683,0.3698507555049268,0.6276257161043921,1.0,0.6092992483052254,0.5833370089530945,True,1245.0,1.109625668449198,0.8417670682730923,0.9340463458110516,0.2101676848005509,0.608130081300813,1.0,1194.0,1.0641711229946524,0.8425460636515912,0.8966131907308378,0.2124374398458222,0.608130081300813,1.0,approved,True,Visual inspection passed,box_guided_pseudo_mask
1005,36_01,36,train,bright,S.aureus,other,preprocessed_intensity_sigma040/local_flatfield/bright/1005.png,processed_plate_strategy_b_circle/counting_mask/bright/1005.png,1206,731,34,32,1200,725,46,44,auto_candidate,consensus,False,3,0.7874622040368614,0.921380594392927,0.8941640091700723,519,0.4770220588235294,0.7984615384615384,False,0.8991540027439049,0.3856464624404907,True,0.9363495969988964,0.2456231415271759,True,519.0,0.4770220588235294,1.0,0.4770220588235294,0.0477521363140799,0.5974264705882353,0.0,0.9286381834359796,0.2131213396787643,True,623.0,0.5726102941176471,1.0,0.5726102941176471,0.041873553666516,0.7720588235294118,0.0,433.0,0.3979779411764705,1.0,0.3979779411764705,0.0450695333692662,0.5294117647058824,0.0,approved,True,Visual inspection passed,box_guided_pseudo_mask
1005,37_01,37,train,bright,S.aureus,other,preprocessed_intensity_sigma040/local_flatfield/bright/1005.png,processed_plate_strategy_b_circle/counting_mask/bright/1005.png,1061,777,34,33,1055,771,46,45,auto_candidate,consensus,False,3,0.7865433487480732,0.9227853944929584,0.894404329859009,504,0.4491978609625668,0.7455621301775148,False,0.8939090638680046,0.3836550414562225,True,0.9437231951169334,0.2404452115297317,True,504.0,0.4491978609625668,1.0,0.4491978609625668,0.0290014348926827,0.6024955436720143,0.0,0.930723924493937,0.2087566405534744,True,635.0,0.5659536541889483,1.0,0.5659536541889483,0.0237353540772375,0.749554367201426,0.0,440.0,0.392156862745098,1.0,0.392156862745098,0.0269673771442188,0.4919786096256685,0.0,approved,True,Visual inspection passed,box_guided_pseudo_mask
1005,38_01,38,train,bright,S.aureus,other,preprocessed_intensity_sigma040/local_flatfield/bright/1005.png,processed_plate_strategy_b_circle/counting_mask/bright/1005.png,1048,959,34,32,1042,953,46,44,auto_candidate,consensus,False,3,0.8185490203102835,0.6571328350150804,0.7993452911146314,881,0.8097426470588235,0.7621107266435986,False,0.6295514226648999,0.4790211319923401,True,0.7069590552950188,0.4800124168395996,True,775.0,0.7123161764705882,0.904516129032258,0.6443014705882353,0.0352138278081247,0.6790450928381963,1.0,0.6348880270853222,0.4210845530033111,True,1039.0,0.9549632352941176,0.8671799807507219,0.828125,0.2340781150040821,0.6790450928381963,1.0,1021.0,0.9384191176470588,0.8687561214495593,0.8152573529411765,0.2754566072131862,0.6604527296937417,1.0,approved,True,Visual inspection passed,box_guided_pseudo_mask
1005,39_01,39,train,bright,S.aureus,other,preprocessed_intensity_sigma040/local_flatfield/bright/1005.png,processed_plate_strategy_b_circle/counting_mask/bright/1005.png,1184,1394,37,36,1178,1388,49,48,auto_candidate,consensus,False,3,0.7999262181443862,0.922732175750273,0.8990670466506444,604,0.4534534534534534,0.7438423645320197,False,0.897494297054523,0.3608379364013672,True,0.9420145249118876,0.238041877746582,True,604.0,0.4534534534534534,1.0,0.4534534534534534,0.0455881275934232,0.6096096096096096,0.0,0.9286877052844088,0.2048598229885101,True,742.0,0.5570570570570571,1.0,0.5570570570570571,0.0360770455625618,0.7207207207207207,0.0,528.0,0.3963963963963964,1.0,0.3963963963963964,0.0475396028296226,0.527027027027027,0.0,approved,True,Visual inspection passed,box_guided_pseudo_mask
1005,40_01,40,train,bright,S.aureus,other,preprocessed_intensity_sigma040/local_flatfield/bright/1005.png,processed_plate_strategy_b_circle/counting_mask/bright/1005.png,1166,1222,34,33,1160,1216,46,45,auto_candidate,consensus,False,3,0.7887368906216944,0.9278449495678474,0.897195891544732,538,0.4795008912655971,0.7379972565157751,False,0.91005398023267,0.3558593988418579,True,0.9468638124534028,0.235517680644989,True,538.0,0.4795008912655971,1.0,0.4795008912655971,0.0064518910215628,0.6497326203208557,0.0,0.926617056017469,0.2027340531349182,True,656.0,0.5846702317290553,1.0,0.5846702317290553,0.0165616174204091,0.749554367201426,0.0,457.0,0.4073083778966131,1.0,0.4073083778966131,0.0160556085026622,0.5347593582887701,0.0,approved,True,Visual inspection passed,box_guided_pseudo_mask
1005,41_01,41,train,bright,S.aureus,other,preprocessed_intensity_sigma040/local_flatfield/bright/1005.png,processed_plate_strategy_b_circle/counting_mask/bright/1005.png,1107,1300,37,36,1101,1294,49,48,auto_candidate,consensus,False,3,0.7786053919846344,0.9013075408981308,0.8830349035538744,535,0.4016516516516517,0.7338820301783264,False,0.8540151662255608,0.3491268754005432,True,0.9060888824893704,0.2287915349006652,True,535.0,0.4016516516516517,1.0,0.4016516516516517,0.0258787726113248,0.5472972972972973,0.0,0.9438185739794608,0.1943640261888504,True,665.0,0.4992492492492492,1.0,0.4992492492492492,0.0274488595542359,0.674924924924925,0.0,454.0,0.3408408408408408,1.0,0.3408408408408408,0.0314744702181202,0.4504504504504504,0.0,approved,True,Visual inspection passed,box_guided_pseudo_mask
1005,42_01,42,train,bright,S.aureus,other,preprocessed_intensity_sigma040/local_flatfield/bright/1005.png,processed_plate_strategy_b_circle/counting_mask/bright/1005.png,1097,1356,34,33,1091,1350,46,45,auto_candidate,consensus,False,3,0.8222398965558702,0.9298035775542408,0.9097053948162508,526,0.4688057040998217,0.7792592592592592,False,0.921953330536058,0.3322380781173706,True,0.9408840315729012,0.2290593981742859,True,526.0,0.4688057040998217,1.0,0.4688057040998217,0.027467354908655,0.6016042780748663,0.0,0.9265733705537637,0.1958666294813156,True,643.0,0.5730837789661319,1.0,0.5730837789661319,0.0207265407948729,0.7237076648841355,0.0,477.0,0.4251336898395721,1.0,0.4251336898395721,0.0182510230705976,0.5347593582887701,0.0,approved,True,Visual inspection passed,box_guided_pseudo_mask
1005,43_01,43,train,bright,S.aureus,other,preprocessed_intensity_sigma040/local_flatfield/bright/1005.png,processed_plate_strategy_b_circle/counting_mask/bright/1005.png,1123,1386,33,33,1117,1380,45,45,auto_candidate,consensus,False,3,0.7940624311274068,0.9230742132949216,0.897151536212561,524,0.4811753902662993,0.7464387464387464,False,0.9055020835045836,0.3421875238418579,True,0.940751749946299,0.2353444844484329,True,524.0,0.4811753902662993,1.0,0.4811753902662993,0.0454645505984876,0.6446280991735537,0.0,0.922968806433882,0.2013073861598968,True,635.0,0.5831037649219467,1.0,0.5831037649219467,0.043323220772685,0.7456382001836547,0.0,447.0,0.4104683195592286,1.0,0.4104683195592286,0.0607632041161853,0.5289256198347108,0.0,approved,True,Visual inspection passed,box_guided_pseudo_mask
1005,44_01,44,train,bright,S.aureus,other,preprocessed_intensity_sigma040/local_flatfield/bright/1005.png,processed_plate_strategy_b_circle/counting_mask/bright/1005.png,1076,1297,28,30,1070,1291,40,42,auto_candidate,consensus,False,3,0.7923248583320796,0.6237453943205166,0.7768118581444344,460,0.5476190476190477,0.6845238095238095,False,0.6409121207198837,0.3499081134796142,True,0.6476817351116294,0.3068627417087555,True,517.0,0.6154761904761905,0.8336557059961315,0.513095238095238,0.4039880754485468,0.6341463414634146,1.0,0.5826423271300365,0.2596290409564972,True,770.0,0.9166666666666666,0.7584415584415585,0.6952380952380952,0.2936526688954752,0.5686274509803921,1.0,524.0,0.6238095238095238,0.8416030534351145,0.525,0.438329698438488,0.6060606060606061,1.0,approved,True,Visual inspection passed,box_guided_pseudo_mask
1005,45_01,45,train,bright,S.aureus,other,preprocessed_intensity_sigma040/local_flatfield/bright/1005.png,processed_plate_strategy_b_circle/counting_mask/bright/1005.png,1054,1299,30,30,1048,1293,42,42,auto_candidate,consensus,False,3,0.8243862557371134,0.6558071500290877,0.8008580495196248,501,0.5566666666666666,0.7455357142857143,False,0.6526877317655757,0.3338465094566345,True,0.6613576233627738,0.264914870262146,True,565.0,0.6277777777777778,0.8513274336283185,0.5344444444444445,0.3315643876155116,0.6401515151515151,1.0,0.6533760949589139,0.2261127680540084,True,681.0,0.7566666666666667,0.8707782672540382,0.6588888888888889,0.2936741717408495,0.6864406779661016,1.0,547.0,0.6077777777777778,0.8537477148080439,0.5188888888888888,0.3874660007883506,0.5747126436781609,1.0,approved,True,Visual inspection passed,box_guided_pseudo_mask
1005,46_01,46,train,bright,S.aureus,other,preprocessed_intensity_sigma040/local_flatfield/bright/1005.png,processed_plate_strategy_b_circle/counting_mask/bright/1005.png,1084,1272,34,32,1078,1266,46,44,auto_candidate,consensus,False,3,0.7313068124023266,0.8127271960373759,0.8310482627557647,452,0.4154411764705882,0.7860869565217391,False,0.8789855115310138,0.3403722643852234,True,0.901188498129002,0.2562408149242401,True,441.0,0.4053308823529412,1.0,0.4053308823529412,0.0662611043289673,0.5284926470588235,0.0,0.6580075784521114,0.2165980041027069,True,741.0,0.6810661764705882,0.863697705802969,0.5882352941176471,0.2932088387907481,0.6241610738255033,1.0,404.0,0.3713235294117647,1.0,0.3713235294117647,0.0269370721016089,0.4852941176470588,0.0,approved,True,Visual inspection passed,box_guided_pseudo_mask
1005,47_01,47,train,bright,S.aureus,other,preprocessed_intensity_sigma040/local_flatfield/bright/1005.png,processed_plate_strategy_b_circle/counting_mask/bright/1005.png,1042,1340,33,33,1036,1334,45,45,auto_candidate,consensus,False,3,0.8073705721069384,0.9358725219328652,0.9069287090105744,548,0.5032139577594124,0.7527472527472527,False,0.9391478442685004,0.3483915627002716,True,0.9428956761798772,0.2374127358198166,True,548.0,0.5032139577594124,1.0,0.5032139577594124,0.0204531992248086,0.6685032139577594,0.0,0.925574045350218,0.2046466171741485,True,662.0,0.6078971533516988,1.0,0.6078971533516988,0.0172602596901333,0.7988980716253443,0.0,478.0,0.4389348025711662,1.0,0.4389348025711662,0.0070468838501789,0.5968778696051423,0.0,approved,True,Visual inspection passed,box_guided_pseudo_mask
1005,48_01,48,train,bright,S.aureus,other,preprocessed_intensity_sigma040/local_flatfield/bright/1005.png,processed_plate_strategy_b_circle/counting_mask/bright/1005.png,1002,1293,34,32,996,1287,46,44,auto_candidate,consensus,False,3,0.7706245986785363,0.9036638764852684,0.8811841601315951,453,0.4163602941176471,0.755,False,0.8665053813967676,0.3285999000072479,True,0.9143650197065636,0.2076358348131179,True,453.0,0.4163602941176471,1.0,0.4163602941176471,0.0419819845742818,0.5514705882352942,0.0,0.930121228352474,0.1769023090600967,True,581.0,0.5340073529411765,1.0,0.5340073529411765,0.0395168468451861,0.6700367647058824,0.0,390.0,0.3584558823529412,1.0,0.3584558823529412,0.0543891205341907,0.4862132352941176,0.0,approved,True,Visual inspection passed,box_guided_pseudo_mask
1005,49_01,49,train,bright,S.aureus,other,preprocessed_intensity_sigma040/local_flatfield/bright/1005.png,processed_plate_strategy_b_circle/counting_mask/bright/1005.png,979,1257,33,32,973,1251,45,44,auto_candidate,consensus,False,3,0.8021554396259817,0.9285195439813796,0.9021622214616454,494,0.4678030303030303,0.76,False,0.911119338853882,0.341023325920105,True,0.9443490726785808,0.2282947301864624,True,494.0,0.4678030303030303,1.0,0.4678030303030303,0.0136015021390802,0.615530303030303,0.0,0.9300902204116758,0.1950575858354568,True,603.0,0.5710227272727273,1.0,0.5710227272727273,0.012863550942491,0.7424242424242424,0.0,431.0,0.4081439393939394,1.0,0.4081439393939394,0.0036840436405,0.5227272727272727,0.0,approved,True,Visual inspection passed,box_guided_pseudo_mask
1005,50_01,50,train,bright,S.aureus,other,preprocessed_intensity_sigma040/local_flatfield/bright/1005.png,processed_plate_strategy_b_circle/counting_mask/bright/1005.png,946,1274,33,33,940,1268,45,45,auto_candidate,consensus,False,3,0.7795976830903301,0.9015748473376216,0.8834891280166641,442,0.4058769513314967,0.7673611111111112,False,0.8670218620424097,0.3210631012916565,True,0.9029429580885178,0.2096751630306244,True,442.0,0.4058769513314967,1.0,0.4058769513314967,0.0565091651384483,0.5289256198347108,0.0,0.9347597218819368,0.1778339743614196,True,576.0,0.5289256198347108,1.0,0.5289256198347108,0.0538794515648871,0.7199265381083563,0.0,393.0,0.3608815426997245,1.0,0.3608815426997245,0.0617338272090006,0.4848484848484848,0.0,approved,True,Visual inspection passed,box_guided_pseudo_mask
1005,51_01,51,train,bright,S.aureus,other,preprocessed_intensity_sigma040/local_flatfield/bright/1005.png,processed_plate_strategy_b_circle/counting_mask/bright/1005.png,934,1228,31,30,928,1222,43,42,auto_candidate,consensus,False,3,0.7685960183477563,0.914144518406784,0.8846664137844282,424,0.4559139784946237,0.7373913043478261,False,0.8793344999815524,0.3305760025978088,True,0.9354587073449192,0.2127136141061782,True,424.0,0.4559139784946237,1.0,0.4559139784946237,0.0962081812737228,0.6182795698924731,0.0,0.92764034789388,0.1815932393074035,True,532.0,0.5720430107526882,1.0,0.5720430107526882,0.0800683461260841,0.8129032258064516,0.0,356.0,0.3827956989247312,1.0,0.3827956989247312,0.106482930864303,0.5193548387096775,0.0,approved,True,Visual inspection passed,box_guided_pseudo_mask
1005,52_01,52,train,bright,S.aureus,other,preprocessed_intensity_sigma040/local_flatfield/bright/1005.png,processed_plate_strategy_b_circle/counting_mask/bright/1005.png,933,1189,33,32,927,1183,45,44,auto_candidate,consensus,False,3,0.8069872936172283,0.9298350784018122,0.9043795841267548,542,0.5132575757575758,0.7445054945054945,False,0.9356690385287944,0.3523131310939789,True,0.935617416273107,0.2444226741790771,True,542.0,0.5132575757575758,1.0,0.5132575757575758,0.0632372064612023,0.6893939393939394,0.0,0.918218780403535,0.2104048132896423,True,657.0,0.6221590909090909,1.0,0.6221590909090909,0.0643498149539875,0.8238636363636364,0.0,474.0,0.4488636363636363,1.0,0.4488636363636363,0.0610412068554875,0.5681818181818182,0.0,approved,True,Visual inspection passed,box_guided_pseudo_mask
1005,53_01,53,train,bright,S.aureus,other,preprocessed_intensity_sigma040/local_flatfield/bright/1005.png,processed_plate_strategy_b_circle/counting_mask/bright/1005.png,896,1207,34,33,890,1201,46,45,auto_candidate,consensus,False,3,0.790390259283514,0.9241535583609296,0.8962980140936017,509,0.4536541889483066,0.7529585798816568,False,0.8941351580790566,0.3456189036369324,True,0.9461082455757016,0.2248442023992538,True,509.0,0.4536541889483066,1.0,0.4536541889483066,0.0102616512720823,0.6024955436720143,0.0,0.9322172714280303,0.1927273571491241,True,621.0,0.553475935828877,1.0,0.553475935828877,0.020140973945729,0.7237076648841355,0.0,434.0,0.3868092691622103,1.0,0.3868092691622103,0.0142274683130121,0.5133689839572193,0.0,approved,True,Visual inspection passed,box_guided_pseudo_mask
1005,54_01,54,train,bright,S.aureus,other,preprocessed_intensity_sigma040/local_flatfield/bright/1005.png,processed_plate_strategy_b_circle/counting_mask/bright/1005.png,846,1154,34,32,840,1148,46,44,auto_candidate,consensus,False,3,0.8128092826900253,0.9200712836119868,0.9025117623863036,517,0.4751838235294117,0.7953846153846154,False,0.9101340636461128,0.3563878834247589,True,0.9306788757665028,0.2404479831457138,True,517.0,0.4751838235294117,1.0,0.4751838235294117,0.0912061776104428,0.5974264705882353,0.0,0.9194009114233446,0.2069544196128845,True,628.0,0.5772058823529411,1.0,0.5772058823529411,0.0813386028934264,0.7463235294117647,0.0,458.0,0.4209558823529412,1.0,0.4209558823529412,0.0957680952819527,0.5514705882352942,0.0,approved,True,Visual inspection passed,box_guided_pseudo_mask
1005,55_01,55,train,bright,S.aureus,other,preprocessed_intensity_sigma040/local_flatfield/bright/1005.png,processed_plate_strategy_b_circle/counting_mask/bright/1005.png,903,1288,31,30,897,1282,43,42,auto_candidate,consensus,False,3,0.7589996679892668,0.6119443430883764,0.7604276210315939,673,0.7236559139784946,0.5821799307958477,False,0.6038548379463506,0.3674862384796142,True,0.6253725341135252,0.3599136173725128,True,595.0,0.6397849462365591,0.8336134453781513,0.5333333333333333,0.4470554801345379,0.5258215962441315,1.0,0.6066056572052534,0.3063013255596161,True,947.0,1.0182795698924731,0.7729672650475184,0.7870967741935484,0.0725136377886038,0.5535714285714286,1.0,868.0,0.9333333333333332,0.7580645161290323,0.7075268817204301,0.1142809195444188,0.5535714285714286,1.0,approved,True,Visual inspection passed,box_guided_pseudo_mask
1005,56_01,56,train,bright,S.aureus,other,preprocessed_intensity_sigma040/local_flatfield/bright/1005.png,processed_plate_strategy_b_circle/counting_mask/bright/1005.png,895,1266,30,29,889,1260,42,41,auto_candidate,consensus,False,3,0.757903361812483,0.7319341343794509,0.8080398303861493,511,0.5873563218390805,0.7019230769230769,False,0.6245043324652176,0.3331342339515686,True,0.9374311566240696,0.266867071390152,True,419.0,0.4816091954022988,1.0,0.4816091954022988,0.0391809411285161,0.603448275862069,0.0,0.633866914049065,0.2271978110074997,True,667.0,0.7666666666666667,0.863568215892054,0.6620689655172414,0.337783363545674,0.591869918699187,1.0,560.0,0.6436781609195402,0.8357142857142857,0.5379310344827586,0.4462590911144211,0.5174129353233831,1.0,approved,True,Visual inspection passed,box_guided_pseudo_mask
1005,57_01,57,train,bright,S.aureus,other,preprocessed_intensity_sigma040/local_flatfield/bright/1005.png,processed_plate_strategy_b_circle/counting_mask/bright/1005.png,916,1302,33,33,910,1296,45,45,auto_candidate,consensus,False,3,0.8517161628210114,0.6182843824395284,0.7954144099631653,642,0.5895316804407713,0.668054110301769,False,0.6001301188181856,0.3566406369209289,True,0.6411525316497614,0.296681672334671,True,699.0,0.6418732782369146,0.8698140200286123,0.5583103764921947,0.4513045299266124,0.5709436524100475,1.0,0.613570496850638,0.2536159157752991,True,841.0,0.7722681359044995,0.8501783590963139,0.6565656565656566,0.4567211204768287,0.6060606060606061,1.0,726.0,0.6666666666666666,0.8223140495867769,0.5482093663911846,0.5696143065455778,0.5366187542778919,1.0,approved,True,Visual inspection passed,box_guided_pseudo_mask
1005,58_01,58,train,bright,S.aureus,other,preprocessed_intensity_sigma040/local_flatfield/bright/1005.png,processed_plate_strategy_b_circle/counting_mask/bright/1005.png,932,840,30,32,926,834,42,44,auto_candidate,consensus,False,3,0.8709848378856888,0.6289679005647778,0.8064318534859023,597,0.621875,0.7098692033293698,False,0.6045728731878524,0.4074755311012268,True,0.6477301071819015,0.3351456224918365,True,644.0,0.6708333333333333,0.8881987577639752,0.5958333333333333,0.4238217145038297,0.597051597051597,1.0,0.6346007213245796,0.290471464395523,True,741.0,0.771875,0.8798920377867746,0.6791666666666667,0.4003241608675936,0.6373983739837399,1.0,662.0,0.6895833333333333,0.8429003021148036,0.58125,0.5371600112544826,0.5114083398898505,1.0,approved,True,Visual inspection passed,box_guided_pseudo_mask
1005,59_01,59,train,bright,S.aureus,other,preprocessed_intensity_sigma040/local_flatfield/bright/1005.png,processed_plate_strategy_b_circle/counting_mask/bright/1005.png,914,848,30,33,908,842,42,45,auto_candidate,consensus,False,3,0.8587711030261514,0.6448644412836347,0.8085156625726069,581,0.5868686868686869,0.6941457586618877,False,0.6325832529918793,0.407935082912445,True,0.6546463500848423,0.32213094830513,True,644.0,0.6505050505050505,0.8804347826086957,0.5727272727272728,0.4047128261640659,0.6244796003330558,1.0,0.6473637207741826,0.2792081832885742,True,729.0,0.7363636363636363,0.8834019204389575,0.6505050505050505,0.3653635512849745,0.64891846921797,1.0,620.0,0.6262626262626263,0.8564516129032258,0.5363636363636364,0.4921319856809683,0.5517241379310345,1.0,approved,True,Visual inspection passed,box_guided_pseudo_mask
1005,60_01,60,train,bright,S.aureus,other,preprocessed_intensity_sigma040/local_flatfield/bright/1005.png,processed_plate_strategy_b_circle/counting_mask/bright/1005.png,662,704,36,36,656,698,48,48,auto_candidate,consensus,False,3,0.8090906985306744,0.9198853429988352,0.90113588168527,587,0.4529320987654321,0.7487244897959183,False,0.8938295287938961,0.3945848941802978,True,0.93737132516599,0.2548049688339233,True,587.0,0.4529320987654321,1.0,0.4529320987654321,0.0767920911661252,0.6049382716049383,0.0,0.9284551750366192,0.2207154780626297,True,711.0,0.5486111111111112,1.0,0.5486111111111112,0.0536281457689863,0.7175925925925926,0.0,515.0,0.3973765432098765,1.0,0.3973765432098765,0.0751999236464738,0.5216049382716049,0.0,approved,True,Visual inspection passed,box_guided_pseudo_mask
1005,61_01,61,train,bright,S.aureus,other,preprocessed_intensity_sigma040/local_flatfield/bright/1005.png,processed_plate_strategy_b_circle/counting_mask/bright/1005.png,336,611,36,36,330,605,48,48,auto_candidate,consensus,False,3,0.7921256359212564,0.909772941353076,0.8911531491136702,550,0.4243827160493827,0.7834757834757835,False,0.87609316598791,0.371354192495346,True,0.9190254064004416,0.2308347225189209,True,550.0,0.4243827160493827,1.0,0.4243827160493827,0.0408891334284219,0.5416666666666666,0.0,0.9342002516708764,0.1994494795799255,True,685.0,0.5285493827160493,1.0,0.5285493827160493,0.0402614117233257,0.6944444444444444,0.0,480.0,0.3703703703703703,1.0,0.3703703703703703,0.0404900748223818,0.4814814814814814,0.0,approved,True,Visual inspection passed,box_guided_pseudo_mask
1005,62_01,62,train,bright,S.aureus,other,preprocessed_intensity_sigma040/local_flatfield/bright/1005.png,processed_plate_strategy_b_circle/counting_mask/bright/1005.png,326,366,34,32,320,360,46,44,auto_candidate,consensus,False,3,0.7564401338509343,0.8493279729068003,0.8544852360105472,488,0.4485294117647059,0.7229629629629629,False,0.8980626519745748,0.478515625,True,0.941541989014136,0.3033209443092346,True,488.0,0.4485294117647059,1.0,0.4485294117647059,0.0546285557316186,0.6204044117647058,0.0,0.7083792777316898,0.2673974931240082,True,729.0,0.6700367647058824,0.9135802469135802,0.6121323529411765,0.04960248278055,0.602436323366556,1.0,431.0,0.3961397058823529,1.0,0.3961397058823529,0.0438531436222124,0.5294117647058824,0.0,approved,True,Visual inspection passed,box_guided_pseudo_mask
1005,63_01,63,train,bright,S.aureus,other,preprocessed_intensity_sigma040/local_flatfield/bright/1005.png,processed_plate_strategy_b_circle/counting_mask/bright/1005.png,569,529,30,30,563,523,42,42,auto_candidate,consensus,False,3,0.7223899470422791,0.7285842394540042,0.7942701772463994,552,0.6133333333333333,0.6563614744351962,False,0.6146695003766839,0.3756816983222961,True,0.9456266177101632,0.312513917684555,True,422.0,0.4688888888888889,1.0,0.4688888888888889,0.0386041835498944,0.6644444444444444,0.0,0.6254566002751651,0.2678131759166717,True,727.0,0.8077777777777778,0.8583218707015131,0.6933333333333334,0.3603894377862942,0.6163522012578616,1.0,612.0,0.68,0.8300653594771242,0.5644444444444444,0.4671940706465934,0.5416666666666666,1.0,approved,True,Visual inspection passed,box_guided_pseudo_mask
1005,64_01,64,train,bright,S.aureus,other,preprocessed_intensity_sigma040/local_flatfield/bright/1005.png,processed_plate_strategy_b_circle/counting_mask/bright/1005.png,578,506,34,33,572,500,46,45,auto_candidate,consensus,False,3,0.6884808138933551,0.7293101819042146,0.7826923576243601,606,0.5401069518716578,0.592375366568915,False,0.6449079672270798,0.3793351948261261,True,0.8911067237908569,0.2988406121730804,True,441.0,0.393048128342246,1.0,0.393048128342246,0.081743715970932,0.5329768270944741,0.0,0.6519158546947069,0.2561001777648926,True,807.0,0.7192513368983957,0.8711276332094176,0.6265597147950089,0.3183153766997492,0.642570281124498,1.0,658.0,0.5864527629233511,0.8449848024316109,0.4955436720142602,0.4295938340248982,0.5413333333333333,1.0,approved,True,Visual inspection passed,box_guided_pseudo_mask
1005,65_01,65,train,bright,S.aureus,other,preprocessed_intensity_sigma040/local_flatfield/bright/1005.png,processed_plate_strategy_b_circle/counting_mask/bright/1005.png,639,468,37,36,633,462,49,48,auto_candidate,consensus,False,3,0.7878122624857884,0.9145807118623096,0.8915665766149496,588,0.4414414414414414,0.7241379310344828,False,0.8795612516581055,0.3927849531173706,True,0.9336648579135332,0.2533413767814636,True,588.0,0.4414414414414414,1.0,0.4414414414414414,0.0688205378406133,0.6096096096096096,0.0,0.93051602601529,0.2187898010015487,True,722.0,0.5420420420420421,1.0,0.5420420420420421,0.0559263709031707,0.7214714714714715,0.0,502.0,0.3768768768768769,1.0,0.3768768768768769,0.0666515478897659,0.5075075075075075,0.0,approved,True,Visual inspection passed,box_guided_pseudo_mask
1005,66_01,66,train,bright,S.aureus,other,preprocessed_intensity_sigma040/local_flatfield/bright/1005.png,processed_plate_strategy_b_circle/counting_mask/bright/1005.png,697,369,37,35,691,363,49,47,auto_candidate,consensus,False,3,0.7978213507625274,0.9217454597819916,0.8979356566796812,578,0.4463320463320463,0.7939560439560439,False,0.8977604166777047,0.3949984908103943,True,0.9365373662616202,0.2564498484134674,True,578.0,0.4463320463320463,1.0,0.4463320463320463,0.0376858084464565,0.5621621621621622,0.0,0.9309385964066506,0.221935749053955,True,720.0,0.555984555984556,1.0,0.555984555984556,0.0200599248501555,0.7181467181467182,0.0,510.0,0.3938223938223938,1.0,0.3938223938223938,0.0290930578211666,0.522007722007722,0.0,approved,True,Visual inspection passed,box_guided_pseudo_mask
1005,67_01,67,train,bright,S.aureus,other,preprocessed_intensity_sigma040/local_flatfield/bright/1005.png,processed_plate_strategy_b_circle/counting_mask/bright/1005.png,869,486,33,33,863,480,45,45,auto_candidate,consensus,False,3,0.797830122714548,0.9335710378547172,0.9026689580919788,567,0.5206611570247934,0.75,False,0.9431110200225422,0.3913756310939789,True,0.9385865687578944,0.2680668234825134,True,567.0,0.5206611570247934,1.0,0.5206611570247934,0.026921283247791,0.6942148760330579,0.0,0.9190155247837148,0.2331796437501907,True,697.0,0.6400367309458218,1.0,0.6400367309458218,0.03029108286176,0.8255280073461891,0.0,494.0,0.4536271808999081,1.0,0.4536271808999081,0.0280590630144215,0.5968778696051423,0.0,approved,True,Visual inspection passed,box_guided_pseudo_mask
1005,68_01,68,train,bright,S.aureus,other,preprocessed_intensity_sigma040/local_flatfield/bright/1005.png,processed_plate_strategy_b_circle/counting_mask/bright/1005.png,1038,348,33,33,1032,342,45,45,auto_candidate,consensus,False,3,0.7974887766554434,0.926881371269969,0.8998736203373927,528,0.4848484848484848,0.7521367521367521,False,0.9165002107503434,0.3790288269519806,True,0.940051466291304,0.2541796267032623,True,528.0,0.4848484848484848,1.0,0.4848484848484848,0.0466665207581409,0.6446280991735537,0.0,0.92409243676826,0.2200496196746826,True,648.0,0.5950413223140496,1.0,0.5950413223140496,0.0513870757915856,0.7988980716253443,0.0,459.0,0.4214876033057851,1.0,0.4214876033057851,0.0516327034073044,0.5509641873278237,0.0,approved,True,Visual inspection passed,box_guided_pseudo_mask
1005,69_01,69,train,bright,S.aureus,other,preprocessed_intensity_sigma040/local_flatfield/bright/1005.png,processed_plate_strategy_b_circle/counting_mask/bright/1005.png,1116,330,37,36,1110,324,49,48,auto_candidate,consensus,False,3,0.7877508613801562,0.9137800598797932,0.891224825434972,579,0.4346846846846847,0.7658730158730159,False,0.8818582947071915,0.3935738503932953,True,0.9291185156833618,0.2523092627525329,True,579.0,0.4346846846846847,1.0,0.4346846846846847,0.0375940730587372,0.5675675675675675,0.0,0.9303633692488268,0.2181237637996673,True,727.0,0.5457957957957958,1.0,0.5457957957957958,0.0487128119620464,0.7214714714714715,0.0,505.0,0.3791291291291291,1.0,0.3791291291291291,0.0469096997476043,0.487987987987988,0.0,approved,True,Visual inspection passed,box_guided_pseudo_mask
1005,70_01,70,train,bright,S.aureus,other,preprocessed_intensity_sigma040/local_flatfield/bright/1005.png,processed_plate_strategy_b_circle/counting_mask/bright/1005.png,1405,219,37,35,1399,213,49,47,auto_candidate,consensus,False,3,0.9065965898895492,0.6818229964348851,0.8400380050352962,801,0.6185328185328185,0.5920177383592018,False,0.6846837171022808,0.400390625,True,0.6863855270259863,0.3340775072574615,True,900.0,0.694980694980695,0.89,0.6185328185328185,0.1146586132814366,0.6001013684744044,1.0,0.674399745176388,0.2924776971340179,True,996.0,0.7691119691119691,0.8875502008032129,0.6826254826254826,0.1049674225344886,0.6001013684744044,1.0,868.0,0.6702702702702703,0.8894009216589862,0.5961389961389961,0.149314053057585,0.5849056603773585,1.0,approved,True,Visual inspection passed,box_guided_pseudo_mask
1005,71_01,71,train,bright,S.aureus,other,preprocessed_intensity_sigma040/local_flatfield/bright/1005.png,processed_plate_strategy_b_circle/counting_mask/bright/1005.png,1435,185,35,33,1429,179,47,45,auto_candidate,consensus,False,3,0.7716663847469473,0.7726596729069058,0.8291471038241939,559,0.4839826839826839,0.563508064516129,False,0.910869151053926,0.4299785494804382,True,0.7185358759819425,0.2878987491130829,True,601.0,0.5203463203463203,0.9267886855241264,0.4822510822510822,0.242352192081467,0.5796260477111541,1.0,0.6885739916848491,0.2538645267486572,True,774.0,0.6701298701298701,0.9056847545219638,0.606926406926407,0.1610865396664932,0.5843071786310517,1.0,473.0,0.4095238095238095,1.0,0.4095238095238095,0.0251789946650112,0.5402597402597402,0.0,approved,True,Visual inspection passed,box_guided_pseudo_mask
1005,72_01,72,train,bright,S.aureus,other,preprocessed_intensity_sigma040/local_flatfield/bright/1005.png,processed_plate_strategy_b_circle/counting_mask/bright/1005.png,1516,368,33,23,1510,362,45,35,auto_candidate,consensus,False,3,0.899921591688719,0.5947157334260175,0.8028588504614587,538,0.7088274044795784,0.7472222222222222,False,0.5658127285589236,0.4197227656841278,True,0.613902048917595,0.3631173372268677,True,607.0,0.7997364953886693,0.8797364085667215,0.7035573122529645,0.5007564482292446,0.609297725024728,1.0,0.6044324228015338,0.3146920204162597,True,660.0,0.8695652173913043,0.8651515151515151,0.7523056653491436,0.4809045378969165,0.6273352999016716,1.0,600.0,0.7905138339920948,0.8166666666666667,0.6455862977602108,0.6324380423234904,0.5103042198233563,1.0,approved,True,Visual inspection passed,box_guided_pseudo_mask
1005,73_01,73,train,bright,S.aureus,other,preprocessed_intensity_sigma040/local_flatfield/bright/1005.png,processed_plate_strategy_b_circle/counting_mask/bright/1005.png,1505,352,36,30,1499,346,48,42,auto_candidate,consensus,False,3,0.896874012515087,0.7345503694106613,0.8577260521445449,665,0.6157407407407407,0.7661290322580645,False,0.6701871597021991,0.4081878364086151,True,0.8526072268162957,0.3426879346370697,True,677.0,0.6268518518518519,0.967503692762186,0.6064814814814815,0.3049621780899821,0.6190476190476191,0.0,0.6808567217134895,0.299017459154129,True,768.0,0.7111111111111111,0.9375,0.6666666666666666,0.2964986706954609,0.6620689655172414,1.0,682.0,0.6314814814814815,0.9237536656891496,0.5833333333333334,0.3852283329274048,0.5642023346303502,1.0,approved,True,Visual inspection passed,box_guided_pseudo_mask
1006,1_06,1,train,bright,E.coli,other,preprocessed_intensity_sigma040/local_flatfield/bright/1006.png,processed_plate_strategy_b_circle/counting_mask/bright/1006.png,1395,1206,152,147,1372,1183,198,193,auto_candidate,consensus,False,3,0.5363634187869578,0.7406437036602851,0.7339846780395493,7785,0.3484156820622986,0.7344339622641509,False,0.8335071745394018,0.2289062440395355,True,0.8640117826205205,0.1683733612298965,True,7746.0,0.3466702470461869,1.0,0.3466702470461869,0.0051389527835733,0.4744002864303616,0.0,0.524412153820933,0.1363804042339325,True,33849.0,1.5149033297529535,0.6046559721114361,0.9159953455066236,0.0496987329014724,0.5847071753807506,1.0,6942.0,0.310687432867884,1.0,0.310687432867884,0.0055637222695221,0.416219119226638,0.0,approved,True,Visual inspection passed,box_guided_pseudo_mask
1006,2_05,2,train,bright,E.coli,other,preprocessed_intensity_sigma040/local_flatfield/bright/1006.png,processed_plate_strategy_b_circle/counting_mask/bright/1006.png,1324,1071,152,147,1301,1048,198,193,auto_candidate,consensus,False,3,0.8739058409685864,0.8408020545560975,0.8921878661614442,7171,0.3209362692445399,0.7469791666666666,False,0.8158341474364587,0.2240272760391235,True,0.8377402241045253,0.1623250693082809,True,7138.0,0.3194593626924454,1.0,0.3194593626924454,0.0282662636581458,0.4296455424274973,0.0,0.8688317921273083,0.1313747763633728,True,8022.0,0.3590225563909774,1.0,0.3590225563909774,0.0314117879466764,0.4740870032223415,0.0,6544.0,0.292875044754744,1.0,0.292875044754744,0.0242553826376538,0.3870390261367705,0.0,approved,True,Visual inspection passed,box_guided_pseudo_mask
1006,3_04,3,train,bright,E.coli,other,preprocessed_intensity_sigma040/local_flatfield/bright/1006.png,processed_plate_strategy_b_circle/counting_mask/bright/1006.png,1555,1005,151,147,1532,982,197,193,auto_candidate,consensus,False,3,0.5045456284560397,0.7275978660146212,0.7176301163654624,7533,0.3393701851601567,0.704018691588785,False,0.8270030842245103,0.2235907018184662,True,0.8559932332707131,0.1701440513134002,True,7437.0,0.3350452763887012,1.0,0.3350452763887012,0.0111661458081424,0.4820471234851556,0.0,0.4997972805486403,0.1374779492616653,True,37432.0,1.6863540118033968,0.6092113699508442,1.0273460377528494,0.0082538390190824,0.5838089476868047,1.0,6738.0,0.30355453439654,1.0,0.30355453439654,0.0163457919870221,0.4147857818624138,0.0,approved,True,Visual inspection passed,box_guided_pseudo_mask
1006,4_03,4,train,bright,E.coli,other,preprocessed_intensity_sigma040/local_flatfield/bright/1006.png,processed_plate_strategy_b_circle/counting_mask/bright/1006.png,1211,774,151,147,1188,751,197,193,auto_candidate,consensus,False,3,0.5526436384894694,0.7363144984435475,0.7379510728487333,7732,0.3483353606343199,0.7432471402480054,False,0.8383598230922085,0.2321538180112838,True,0.8595799116501315,0.1685549616813659,True,7708.0,0.347254133441456,1.0,0.347254133441456,0.0361881369178401,0.4686669369734649,0.0,0.5110037605883024,0.136530727148056,True,34885.0,1.5716087759607154,0.5808227031675505,0.912826057575348,0.0100748747168787,0.5838089476868047,1.0,7155.0,0.3223408568725503,1.0,0.3223408568725503,0.0337981600251786,0.423705906203541,0.0,approved,True,Visual inspection passed,box_guided_pseudo_mask
1007,1_07,1,train,bright,S.aureus,other,preprocessed_intensity_sigma040/local_flatfield/bright/1007.png,processed_plate_strategy_b_circle/counting_mask/bright/1007.png,1801,1194,38,38,1795,1188,50,50,auto_candidate,consensus,False,3,0.873140328814778,0.9223995380480616,0.924558930304397,633,0.438365650969529,0.7526753864447087,False,0.902407449364978,0.267049640417099,True,0.9269839979049106,0.1807278543710708,True,630.0,0.4362880886426593,1.0,0.4362880886426593,0.0719830254336658,0.582409972299169,0.0,0.9378071668742964,0.1545994579792022,True,706.0,0.4889196675900277,1.0,0.4889196675900277,0.0584595199532513,0.6440443213296398,0.0,578.0,0.4002770083102493,1.0,0.4002770083102493,0.0426821647341184,0.5429362880886427,0.0,approved,True,Visual inspection passed,box_guided_pseudo_mask
1007,2_06,2,train,bright,S.aureus,other,preprocessed_intensity_sigma040/local_flatfield/bright/1007.png,processed_plate_strategy_b_circle/counting_mask/bright/1007.png,1167,1143,42,41,1161,1137,54,53,auto_candidate,consensus,False,3,0.8227310737934331,0.9234835556074296,0.9073492980706734,771,0.4477351916376306,0.7529296875,False,0.8950659667965313,0.2870787382125854,True,0.940016853152406,0.1847467273473739,True,771.0,0.4477351916376306,1.0,0.4477351916376306,0.0430117104430184,0.59465737514518,0.0,0.9353678468733508,0.1583899110555648,True,912.0,0.5296167247386759,1.0,0.5296167247386759,0.0415958596307821,0.7113821138211383,0.0,678.0,0.3937282229965156,1.0,0.3937282229965156,0.048737036372402,0.5226480836236934,0.0,approved,True,Visual inspection passed,box_guided_pseudo_mask
1007,3_05,3,train,bright,S.aureus,other,preprocessed_intensity_sigma040/local_flatfield/bright/1007.png,processed_plate_strategy_b_circle/counting_mask/bright/1007.png,413,951,35,35,407,945,47,47,auto_candidate,consensus,False,3,0.8434487333547205,0.9308262504748308,0.9175375568640846,559,0.4563265306122449,0.766803840877915,False,0.9214027281095324,0.2904335260391235,True,0.9415943269797477,0.2234477549791336,True,553.0,0.4514285714285714,1.0,0.4514285714285714,0.0410216249649581,0.5951020408163266,0.0,0.9294816963352128,0.1901673525571823,True,658.0,0.5371428571428571,1.0,0.5371428571428571,0.0490332235942388,0.686530612244898,0.0,514.0,0.4195918367346938,1.0,0.4195918367346938,0.0070601339896865,0.5518367346938775,0.0,approved,True,Visual inspection passed,box_guided_pseudo_mask
1007,4_04,4,train,bright,S.aureus,other,preprocessed_intensity_sigma040/local_flatfield/bright/1007.png,processed_plate_strategy_b_circle/counting_mask/bright/1007.png,436,931,38,38,430,925,50,50,auto_candidate,consensus,False,3,0.8363924812904404,0.9061601780821984,0.9052014396845336,585,0.4051246537396122,0.7461734693877551,False,0.872642244534519,0.2937193512916565,True,0.9035166266407708,0.2131984382867813,True,576.0,0.3988919667590028,1.0,0.3988919667590028,0.0276820304673715,0.5429362880886427,0.0,0.9423216630713056,0.1810863018035888,True,686.0,0.4750692520775623,1.0,0.4750692520775623,0.0101378159638845,0.6024930747922438,0.0,532.0,0.3684210526315789,1.0,0.3684210526315789,0.0593283294063025,0.4861495844875346,0.0,approved,True,Visual inspection passed,box_guided_pseudo_mask
1007,5_02,5,train,bright,S.aureus,other,preprocessed_intensity_sigma040/local_flatfield/bright/1007.png,processed_plate_strategy_b_circle/counting_mask/bright/1007.png,389,869,37,38,383,863,49,50,auto_candidate,consensus,False,3,0.8493386093059616,0.9267304194367454,0.9179606810317846,641,0.4559032716927453,0.7621878715814506,False,0.9102151501406696,0.2772518396377563,True,0.9391012473279204,0.1811700761318206,True,641.0,0.4559032716927453,1.0,0.4559032716927453,0.054985820504459,0.5981507823613087,0.0,0.9308748608416464,0.15562404692173,True,755.0,0.5369843527738265,1.0,0.5369843527738265,0.0531019522875889,0.705547652916074,0.0,589.0,0.4189189189189189,1.0,0.4189189189189189,0.060964124555457,0.5184921763869133,0.0,approved,True,Visual inspection passed,box_guided_pseudo_mask
1007,6_02,6,train,bright,S.aureus,other,preprocessed_intensity_sigma040/local_flatfield/bright/1007.png,processed_plate_strategy_b_circle/counting_mask/bright/1007.png,659,654,38,37,653,648,50,49,auto_candidate,consensus,False,3,0.8142900895502514,0.9238944262975776,0.9045593018616188,646,0.4594594594594595,0.7681331747919143,False,0.9018294381716476,0.2872472405433655,True,0.9393500702026082,0.1815110146999359,True,646.0,0.4594594594594595,1.0,0.4594594594594595,0.048253561161235,0.5981507823613087,0.0,0.9305037705184762,0.1558266133069992,True,775.0,0.5512091038406828,1.0,0.5512091038406828,0.0408652292611129,0.7283072546230441,0.0,567.0,0.4032716927453769,1.0,0.4032716927453769,0.0440186918523617,0.5184921763869133,0.0,approved,True,Visual inspection passed,box_guided_pseudo_mask
1008,1_08,1,test,bright,P.aeruginosa,other,preprocessed_intensity_sigma040/local_flatfield/bright/1008.png,processed_plate_strategy_b_circle/counting_mask/bright/1008.png,1751,1558,49,48,1744,1551,63,62,auto_candidate,consensus,False,3,0.4872084623345387,0.5935593089799408,0.6579466854090649,1486,0.6318027210884354,0.5391872278664731,False,0.5481977141525122,0.153048425912857,True,0.6254835968100165,0.1682027578353881,True,764.0,0.3248299319727891,0.8520942408376964,0.2767857142857143,0.2252346904296241,0.6586345381526104,1.0,0.6069966159772937,0.1379873007535934,True,2092.0,0.8894557823129252,0.8059273422562141,0.7168367346938775,0.2801400189911662,0.6021505376344086,1.0,2019.0,0.8584183673469388,0.7171867261020307,0.6156462585034014,0.5540706420882566,0.6549707602339181,1.0,approved,True,Visual inspection passed,box_guided_pseudo_mask
1008,2_07,2,test,bright,P.aeruginosa,other,preprocessed_intensity_sigma040/local_flatfield/bright/1008.png,processed_plate_strategy_b_circle/counting_mask/bright/1008.png,1732,1584,49,48,1725,1577,63,62,auto_candidate,consensus,False,3,0.3015387478841941,0.5679732617296263,0.5827278664513185,1477,0.6279761904761905,0.7283037475345168,False,0.5427289838985978,0.157038927078247,True,0.5476214691554973,0.177284836769104,True,84.0,0.0357142857142857,1.0,0.0357142857142857,0.5085802265612711,0.1292517006802721,0.0,0.6135693321347836,0.145724669098854,True,2022.0,0.8596938775510204,0.8160237388724035,0.701530612244898,0.2827870218904625,0.6021505376344086,1.0,2173.0,0.9238945578231292,0.7330878969167051,0.6772959183673469,0.5200166081847829,0.5738194859533772,1.0,approved,True,Visual inspection passed,box_guided_pseudo_mask
1008,3_06,3,test,bright,P.aeruginosa,other,preprocessed_intensity_sigma040/local_flatfield/bright/1008.png,processed_plate_strategy_b_circle/counting_mask/bright/1008.png,1868,949,116,115,1851,932,150,149,needs_review,consensus,False,3,0.1327903245711465,0.5598444982804591,0.5204144129120849,1073,0.0804347826086956,0.6293255131964809,False,0.4983076523216373,0.423828125,True,0.6529162260300625,0.1579602807760238,True,1301.0,0.0975262368815592,1.0,0.0975262368815592,0.0795085557899418,0.1706896551724138,0.0,0.5283096164896777,0.1316400021314621,True,2751.0,0.2062218890554722,0.9018538713195202,0.1859820089955022,0.2974521966142395,0.3618288927567278,1.0,8.0,0.000599700149925,1.0,0.000599700149925,0.5993222384975014,0.0008995502248875,0.0,approved,True,Visual inspection passed,box_guided_pseudo_mask
1008,4_05,4,test,bright,P.aeruginosa,other,preprocessed_intensity_sigma040/local_flatfield/bright/1008.png,processed_plate_strategy_b_circle/counting_mask/bright/1008.png,1446,983,328,325,1397,934,426,423,auto_candidate,consensus,False,2,0.4107456782888954,0.5755901639490959,0.5406637196474184,44860,0.4208255159474671,0.4107005529717655,False,0.0,0.349609375,False,0.6461856070353598,0.0803328976035118,True,55222.0,0.518030018761726,0.7615080945999783,0.394484052532833,0.2524147191563916,0.6347845245964117,1.0,0.5049947208628321,0.0644848942756652,True,176756.0,1.6581238273921202,0.6178913304215982,1.0245403377110691,0.0350373389099189,0.591571493579285,1.0,,,,,,,,approved,True,Visual inspection passed,box_guided_pseudo_mask
1008,5_03,5,test,bright,P.aeruginosa,other,preprocessed_intensity_sigma040/local_flatfield/bright/1008.png,processed_plate_strategy_b_circle/counting_mask/bright/1008.png,1212,1310,225,222,1178,1276,293,290,auto_candidate,consensus,False,3,0.4232911555217174,0.6225987129744687,0.6471913896223885,34239,0.6854654654654655,0.6615720524017468,False,0.8184617752013,0.090088851749897,True,0.5513998870862356,0.0865096598863601,True,49974.0,1.0004804804804803,0.6030936086765117,0.6033833833833834,0.0903741641077082,0.5878545368953748,1.0,0.4979344766358701,0.0693993866443634,True,84862.0,1.6989389389389389,0.6084466545685937,1.0337137137137138,0.0062434115467149,0.5878545368953748,1.0,14683.0,0.2939539539539539,1.0,0.2939539539539539,0.0393023178451344,0.4265665665665665,0.0,approved,True,Visual inspection passed,box_guided_pseudo_mask
1008,6_03,6,test,bright,P.aeruginosa,other,preprocessed_intensity_sigma040/local_flatfield/bright/1008.png,processed_plate_strategy_b_circle/counting_mask/bright/1008.png,1093,1389,232,236,1058,1354,302,306,needs_review,consensus,False,3,0.1698907996468403,0.5475739065968352,0.5284913425151282,28837,0.5266839567504383,0.7432216494845361,False,0.5772297610389936,0.0939644649624824,True,0.5622879439557367,0.0944322720170021,True,8.0,0.0001461133839859,1.0,0.0001461133839859,0.1300394341880478,0.0002191700759789,0.0,0.5032040147957755,0.0757589340209961,True,92154.0,1.6831165984804208,0.6132994769624759,1.0322545295149037,0.0041581867483503,0.5924771674674285,1.0,38147.0,0.6967234073641145,0.7552625370278134,0.5262090882524839,0.534735048460407,0.5459950881123702,1.0,approved,True,Visual inspection passed,box_guided_pseudo_mask
1008,7_02,7,test,bright,P.aeruginosa,other,preprocessed_intensity_sigma040/local_flatfield/bright/1008.png,processed_plate_strategy_b_circle/counting_mask/bright/1008.png,1113,1713,169,167,1088,1688,219,217,needs_review,consensus,False,3,0.1511611498680165,0.5296518892309482,0.514767158146185,8907,0.3155936647415229,0.3842205159175222,False,0.5003127894590439,0.412109375,True,0.5723911513749377,0.1073871031403541,True,11321.0,0.4011267406016369,0.7509937284692165,0.3012436665131276,0.5627631514588444,0.5365519883953253,1.0,0.5162517268588628,0.0887091234326362,True,29131.0,1.0321723417071182,0.6710720538258212,0.6926620132516033,0.4928179097283736,0.5847894375184058,1.0,28.0,0.0009920986429507,1.0,0.0009920986429507,0.5871664995745537,0.0015944442475994,0.0,approved,True,Visual inspection passed,box_guided_pseudo_mask
1008,8_02,8,test,bright,P.aeruginosa,other,preprocessed_intensity_sigma040/local_flatfield/bright/1008.png,processed_plate_strategy_b_circle/counting_mask/bright/1008.png,1227,1848,86,86,1214,1835,112,112,needs_review,consensus,False,3,0.0941192635339379,0.5132171955473307,0.4882286204558105,684,0.0924824229313142,0.5368916797488226,False,0.2568321508266032,0.451171875,True,0.6654570869352887,0.1562600135803222,True,856.0,0.1157382368848026,1.0,0.1157382368848026,0.1225897453433925,0.2305300162249864,0.0,0.6173623488801,0.1304466277360916,True,2621.0,0.354380746349378,0.8626478443342236,0.3057057869118442,0.3615397060491036,0.5277272727272727,1.0,398.0,0.0538128718226068,0.678391959798995,0.0365062195781503,0.856265207701361,0.2093121693121693,1.0,approved,True,Visual inspection passed,box_guided_pseudo_mask
1008,9_02,9,test,bright,P.aeruginosa,other,preprocessed_intensity_sigma040/local_flatfield/bright/1008.png,processed_plate_strategy_b_circle/counting_mask/bright/1008.png,1181,1858,95,94,1167,1844,123,122,needs_review,consensus,False,3,0.0711688254013383,0.5798062896290411,0.5068316047420849,528,0.0591265397536394,0.4444444444444444,False,0.5313047042621734,0.392578125,True,0.6154727705348209,0.164052814245224,True,659.0,0.0737961926091825,1.0,0.0737961926091825,0.1974196687302359,0.1203807390817469,0.0,0.5926413940901292,0.1367996931076049,True,2732.0,0.3059350503919373,0.8587115666178624,0.2627099664053751,0.2901070325858635,0.5144404332129964,1.0,16.0,0.0017917133258678,1.0,0.0017917133258678,0.3662981423046523,0.0031354983202687,0.0,approved,True,Visual inspection passed,box_guided_pseudo_mask
1008,10_02,10,test,bright,P.aeruginosa,other,preprocessed_intensity_sigma040/local_flatfield/bright/1008.png,processed_plate_strategy_b_circle/counting_mask/bright/1008.png,1048,1856,115,115,1031,1839,149,149,needs_review,consensus,False,3,0.1221405341981023,0.5449491956909798,0.5107288652457278,717,0.0542155009451795,0.3628542510121457,False,0.5152233587395313,0.345703125,True,0.633314270868636,0.1464480906724929,True,890.0,0.0672967863894139,1.0,0.0672967863894139,0.0331222639591144,0.1179584120982986,0.0,0.4863099574647721,0.1221573948860168,True,1923.0,0.145406427221172,0.90535621424857,0.1316446124763705,0.2811197448914447,0.3082262387464779,1.0,70.0,0.0052930056710775,1.0,0.0052930056710775,0.5053619519900494,0.0090737240075614,0.0,approved,True,Visual inspection passed,box_guided_pseudo_mask
1008,11_02,11,test,bright,P.aeruginosa,other,preprocessed_intensity_sigma040/local_flatfield/bright/1008.png,processed_plate_strategy_b_circle/counting_mask/bright/1008.png,873,1753,224,223,839,1719,292,291,needs_review,otsu,True,3,0.0,0.5468437684985822,0.4687375073994329,51,0.0010209801409352,0.8947368421052632,False,0.564775660760247,0.341796875,True,0.550886608332109,0.1296170949935913,True,16.0,0.0003203074951953,1.0,0.0003203074951953,0.2142340555670787,0.000480461242793,0.0,0.5248690364033907,0.1074898689985275,True,343.0,0.0068665919282511,1.0,0.0068665919282511,0.4470242342264398,0.0147541639974375,0.0,51.0,0.0010209801409352,1.0,0.0010209801409352,0.1169383029082011,0.0011410954516335,0.0,approved,True,Visual inspection passed,box_guided_pseudo_mask
1008,12_02,12,test,bright,P.aeruginosa,other,preprocessed_intensity_sigma040/local_flatfield/bright/1008.png,processed_plate_strategy_b_circle/counting_mask/bright/1008.png,761,1552,224,222,727,1518,292,290,auto_candidate,consensus,False,3,0.6078046942706478,0.5683927949814765,0.6900887609873173,36410,0.732183075933076,0.716112028951302,False,0.6311829394594736,0.0901501327753067,True,0.5728350808106687,0.0883985459804534,True,42258.0,0.8497828185328186,0.6714704907946424,0.5706040862290862,0.2745962345170437,0.6628461250066948,1.0,0.5011603646742875,0.0709285140037536,True,83726.0,1.683679214929215,0.6152927406062633,1.0359555984555984,0.0194414662706232,0.5872461029759093,1.0,37202.0,0.7481097168597168,0.7946615773345519,0.5944940476190477,0.2801518679772607,0.6911562126917072,1.0,approved,True,Visual inspection passed,box_guided_pseudo_mask
1008,13_02,13,test,bright,P.aeruginosa,other,preprocessed_intensity_sigma040/local_flatfield/bright/1008.png,processed_plate_strategy_b_circle/counting_mask/bright/1008.png,691,1635,153,152,668,1612,199,198,auto_candidate,consensus,False,2,0.4697008990318119,0.5834599408138379,0.5644459576533359,10867,0.4672772617819057,0.574973544973545,False,0.0,0.369140625,False,0.6357551445325458,0.0924784392118454,True,12727.0,0.5472566219470244,0.8008957334800031,0.4382954936360509,0.418106385254524,0.6114331401159304,1.0,0.53116473709513,0.0745170041918754,True,35063.0,1.5076969384244927,0.6581296523400736,0.9922600619195048,0.1470064370462593,0.5902238465052535,1.0,238.0,0.0102339181286549,0.0966386554621848,0.0009889920880632,1.320456817054688,0.0291913524541923,1.0,approved,True,Visual inspection passed,box_guided_pseudo_mask
1008,14_02,14,test,bright,P.aeruginosa,other,preprocessed_intensity_sigma040/local_flatfield/bright/1008.png,processed_plate_strategy_b_circle/counting_mask/bright/1008.png,761,1419,247,244,724,1382,321,318,auto_candidate,consensus,False,3,0.5258095812480581,0.5702223043522838,0.6621222751777338,44996,0.7465985265812703,0.7228505333504691,False,0.6102453462658122,0.0899892821907997,True,0.5992173473799159,0.08967836946249,True,52549.0,0.8719220813698813,0.701916306685189,0.6120163270724099,0.0852800874611173,0.5904112541389918,1.0,0.5012042194111233,0.0719412416219711,True,101637.0,1.6864173358996482,0.6104273050168738,1.0294351894869582,0.0057397240563096,0.5904112541389918,1.0,34903.0,0.5791298865069356,0.7807351803569894,0.4521470763921152,0.4722030679406709,0.5563381196803326,1.0,approved,True,Visual inspection passed,box_guided_pseudo_mask
1008,15_02,15,test,bright,P.aeruginosa,other,preprocessed_intensity_sigma040/local_flatfield/bright/1008.png,processed_plate_strategy_b_circle/counting_mask/bright/1008.png,453,1663,105,104,437,1647,137,136,needs_review,consensus,False,3,0.0002754820936639,0.5379578891952808,0.4652795744108947,0,0.0,0.0,False,0.4957370671101531,0.357421875,True,0.5151022886310094,0.1292065531015396,True,53.0,0.0048534798534798,1.0,0.0048534798534798,0.5095877161491278,0.0166666666666666,0.0,0.6030343118446797,0.1085631251335144,True,2789.0,0.2554029304029304,0.8501254930082467,0.2171245421245421,0.0469141106175857,0.6480327576998398,1.0,26.0,0.0023809523809523,1.0,0.0023809523809523,0.6305066658070803,0.0057692307692307,0.0,approved,True,Visual inspection passed,box_guided_pseudo_mask
1008,16_02,16,test,bright,P.aeruginosa,other,preprocessed_intensity_sigma040/local_flatfield/bright/1008.png,processed_plate_strategy_b_circle/counting_mask/bright/1008.png,594,1568,95,95,580,1554,123,123,auto_candidate,consensus,False,3,0.5524671170121903,0.7212905149643745,0.7318796969400164,4293,0.4756786703601108,0.6973684210526315,False,0.8146417334922471,0.1061427816748619,True,0.8163062492438111,0.0943359062075614,True,4339.0,0.480775623268698,0.8817699930859645,0.4239335180055402,0.4750266186111825,0.5270940402127852,0.0,0.532923562157065,0.0760117843747139,True,14058.0,1.5576731301939055,0.6552141129605918,1.0206094182825485,0.0629300084139165,0.5965364531694097,1.0,4473.0,0.4956232686980609,0.8940308517773307,0.4431024930747922,0.4912372476370304,0.5010678800260006,0.0,approved,True,Visual inspection passed,box_guided_pseudo_mask
1008,17_02,17,test,bright,P.aeruginosa,other,preprocessed_intensity_sigma040/local_flatfield/bright/1008.png,processed_plate_strategy_b_circle/counting_mask/bright/1008.png,619,1602,96,94,605,1588,124,122,auto_candidate,consensus,False,3,0.5685062595620411,0.7575750211751812,0.752007199316787,4830,0.5352393617021277,0.7027498908773462,False,0.8613952856376927,0.1068627536296844,True,0.8637196212272349,0.0944393575191497,True,4650.0,0.5152925531914894,0.9382795698924732,0.483488475177305,0.3456670252873268,0.6141503237308811,0.0,0.5476101566606157,0.076148621737957,True,13613.0,1.5085328014184398,0.6769264673473885,1.021165780141844,0.0771204500900239,0.5965097831835008,1.0,4473.0,0.4956781914893617,0.9532752067963336,0.4725177304964539,0.3963037137298158,0.566582671060283,0.0,approved,True,Visual inspection passed,box_guided_pseudo_mask
1008,18_02,18,test,bright,P.aeruginosa,other,preprocessed_intensity_sigma040/local_flatfield/bright/1008.png,processed_plate_strategy_b_circle/counting_mask/bright/1008.png,584,1483,87,86,571,1470,113,112,auto_candidate,consensus,False,3,0.4726355166787587,0.7099749397035171,0.6994124067189724,2184,0.2919005613472333,0.6867924528301886,False,0.7956299593373141,0.1135723143815994,True,0.8182584266434768,0.0867851600050926,True,2153.0,0.2877572841486233,1.0,0.2877572841486233,0.0087314255876279,0.4250200481154771,0.0,0.5160364331297604,0.0698462799191474,True,12221.0,1.6333867949746057,0.633581539972179,1.0348837209302326,0.0261895762558792,0.5911820480404552,1.0,1979.0,0.264501470195135,1.0,0.264501470195135,0.015176061235354,0.3667468591285752,0.0,approved,True,Visual inspection passed,box_guided_pseudo_mask
1008,19_02,19,test,bright,P.aeruginosa,other,preprocessed_intensity_sigma040/local_flatfield/bright/1008.png,processed_plate_strategy_b_circle/counting_mask/bright/1008.png,869,1302,224,222,835,1268,292,290,needs_review,consensus,False,2,0.2635984908033328,0.6477745117410866,0.5180359431442677,13414,0.269747425997426,0.5586373479926703,False,0.0,0.443359375,False,0.7883160783566803,0.0987275838851928,True,12414.0,0.2496380308880308,1.0,0.2496380308880308,0.0789976581286854,0.4828667953667954,0.0,0.5072329451254929,0.0793177112936973,True,81737.0,1.643681628056628,0.6153516767192336,1.0114422458172458,0.0285404605512518,0.5872461029759093,1.0,,,,,,,,approved,True,Visual inspection passed,box_guided_pseudo_mask
1008,20_02,20,test,bright,P.aeruginosa,other,preprocessed_intensity_sigma040/local_flatfield/bright/1008.png,processed_plate_strategy_b_circle/counting_mask/bright/1008.png,983,1378,204,202,952,1347,266,264,auto_candidate,consensus,False,3,0.5548862850700741,0.5239260054246041,0.6537806019443676,29228,0.7092797515045622,0.6821321882001493,False,0.5331611803796936,0.0941865891218185,True,0.5372071495904314,0.0984382852911949,True,37956.0,0.921083284799068,0.6072557698387606,0.5593331391962726,0.2599598667947615,0.5868079289131921,1.0,0.5014096863036874,0.0789696648716926,True,69551.0,1.6878033391574452,0.6127446046785812,1.034192389827218,0.0055235785626757,0.5868079289131921,1.0,31604.0,0.7669384585517375,0.6782369320339198,0.520165987186954,0.5872774007574324,0.557518215941709,1.0,approved,True,Visual inspection passed,box_guided_pseudo_mask
1008,21_02,21,test,bright,P.aeruginosa,other,preprocessed_intensity_sigma040/local_flatfield/bright/1008.png,processed_plate_strategy_b_circle/counting_mask/bright/1008.png,759,1272,186,185,731,1244,242,241,needs_review,consensus,False,3,0.2730015082956259,0.542165941722128,0.5624169045923202,181,0.0052600988084859,0.2900641025641026,False,0.5145674590199926,0.494140625,True,0.5965204114517794,0.1069934293627739,True,11845.0,0.3442313281022958,0.8644997889404812,0.2975879104911363,0.4840794474689968,0.5456572182537877,1.0,0.5154099546946117,0.0880280658602714,True,221.0,0.0064225515838419,1.0,0.0064225515838419,0.5173259883350421,0.0196163905841325,0.0,181.0,0.0052600988084859,1.0,0.0052600988084859,0.516586967722728,0.0181342632955536,0.0,approved,True,Visual inspection passed,box_guided_pseudo_mask
1008,22_02,22,test,bright,P.aeruginosa,other,preprocessed_intensity_sigma040/local_flatfield/bright/1008.png,processed_plate_strategy_b_circle/counting_mask/bright/1008.png,1015,1271,153,151,992,1248,199,197,auto_candidate,consensus,False,3,0.652970996250874,0.5506044715491444,0.6987816373074636,17451,0.7553564472146475,0.717115266077666,False,0.5619196834290373,0.0942555218935012,True,0.5839664466061636,0.103017933666706,True,19311.0,0.8358654720166212,0.6645953083734659,0.555512271133619,0.1356286575584448,0.5893171440961151,1.0,0.5059272846122325,0.0826462656259536,True,38603.0,1.670908540016448,0.6173354402507577,1.031511059169805,0.0082039321077671,0.5893171440961151,1.0,23048.0,0.99761935679349,0.7040090246442208,0.7023330303423798,0.2973062991737274,0.631152811878873,1.0,approved,True,Visual inspection passed,box_guided_pseudo_mask
1008,23_02,23,test,bright,P.aeruginosa,other,preprocessed_intensity_sigma040/local_flatfield/bright/1008.png,processed_plate_strategy_b_circle/counting_mask/bright/1008.png,1069,1270,185,185,1041,1242,241,241,auto_candidate,consensus,False,3,0.6503701321034363,0.5387244975176337,0.6931193452432562,25426,0.7429072315558802,0.7117941826936536,False,0.5379023274562632,0.0900505557656288,True,0.5761812924480377,0.0963827148079872,True,26297.0,0.7683564645726808,0.6906871506255466,0.5306939371804237,0.3446240152802825,0.6147725027393077,1.0,0.5020898726486003,0.0773172155022621,True,57809.0,1.6890869247626004,0.6150426404193119,1.0388604821037253,0.0063520566733524,0.5892632702604983,1.0,35939.0,1.0500803506208911,0.6856896407802109,0.7200292184075968,0.3822082225556115,0.6147725027393077,1.0,approved,True,Visual inspection passed,box_guided_pseudo_mask
1008,24_02,24,test,bright,P.aeruginosa,other,preprocessed_intensity_sigma040/local_flatfield/bright/1008.png,processed_plate_strategy_b_circle/counting_mask/bright/1008.png,996,1179,169,168,971,1154,219,218,auto_candidate,consensus,False,3,0.6191563207238824,0.5512645643101637,0.6872105379774243,21772,0.7668357283741899,0.7316843661782497,False,0.5752772302001327,0.0900122597813606,True,0.5691756838142125,0.0932101532816886,True,27564.0,0.97083685545224,0.6481642722391525,0.6292617638771485,0.0975139699562345,0.594696493653387,1.0,0.5093407789161458,0.0747936144471168,True,47324.0,1.666807551422936,0.6247781252641366,1.041384897154128,0.0111397419968202,0.594696493653387,1.0,23320.0,0.8213581290504367,0.7195969125214409,0.5910467737390814,0.3540727883934109,0.5959821971447333,1.0,approved,True,Visual inspection passed,box_guided_pseudo_mask
1008,25_02,25,test,bright,P.aeruginosa,other,preprocessed_intensity_sigma040/local_flatfield/bright/1008.png,processed_plate_strategy_b_circle/counting_mask/bright/1008.png,900,1173,169,168,875,1148,219,218,needs_review,consensus,False,3,0.1536044075424846,0.5238472806856328,0.5133004549141228,11877,0.4183220625528318,0.5610827664399093,False,0.4314483533995513,0.505859375,True,0.6152683296790331,0.1097119376063346,True,14516.0,0.5112707805015497,0.7633645632405621,0.3902859960552268,0.4438237069992651,0.5689102564102564,1.0,0.5248251589783139,0.0902671962976455,True,39468.0,1.39010989010989,0.6460423634336678,0.8980698788391096,0.2117644153218446,0.594696493653387,1.0,212.0,0.0074668920822766,1.0,0.0074668920822766,1.135850667947302,0.0211148648648648,0.0,approved,True,Visual inspection passed,box_guided_pseudo_mask
1008,26_02,26,test,bright,P.aeruginosa,other,preprocessed_intensity_sigma040/local_flatfield/bright/1008.png,processed_plate_strategy_b_circle/counting_mask/bright/1008.png,997,1000,186,184,969,972,242,240,needs_review,consensus,False,3,0.0983813227720888,0.5814679698977429,0.5170206509293283,8272,0.2417017297802711,0.6042808094090145,False,0.4535447425706895,0.501953125,True,0.7691332340933297,0.1142779439687728,True,7879.0,0.2302185600748013,1.0,0.2302185600748013,0.0615185316826168,0.3999824684431977,0.0,0.5217259330292092,0.0946439951658248,True,42194.0,1.232877512856475,0.6616106555434422,0.815684899485741,0.3291987875324724,0.5892561983471074,1.0,161.0,0.0047043010752688,1.0,0.0047043010752688,0.9535158685155746,0.0109280037400654,0.0,approved,True,Visual inspection passed,box_guided_pseudo_mask
1008,27_02,27,test,bright,P.aeruginosa,other,preprocessed_intensity_sigma040/local_flatfield/bright/1008.png,processed_plate_strategy_b_circle/counting_mask/bright/1008.png,778,1127,79,77,766,1115,103,101,auto_candidate,consensus,False,2,0.3459589223793011,0.6294068075762675,0.5395150125299291,1297,0.2132171625842512,0.6417615042058387,False,0.0360786165163025,0.513671875,False,0.7503856230571296,0.1006885319948196,True,1297.0,0.2132171625842512,1.0,0.2132171625842512,0.0639728368190512,0.3322373828702942,0.0,0.5084279920954053,0.0824844688177108,True,5852.0,0.9620253164556962,0.6368762816131237,0.6126911063619924,0.4919395468988037,0.5580341977126033,1.0,158.0,0.0259740259740259,0.3544303797468354,0.0092059838895281,1.3835385390599115,0.0156126793881091,1.0,approved,True,Visual inspection passed,box_guided_pseudo_mask
1008,28_02,28,test,bright,P.aeruginosa,other,preprocessed_intensity_sigma040/local_flatfield/bright/1008.png,processed_plate_strategy_b_circle/counting_mask/bright/1008.png,835,1099,78,78,823,1087,102,102,needs_review,consensus,False,3,0.2753151687677918,0.5866193971021052,0.5810080679095693,2031,0.3338264299802761,0.6082659478885895,False,0.4081274268307314,0.525390625,True,0.757125120358936,0.14775350689888,True,2357.0,0.3874095989480605,0.8782350445481545,0.3402366863905325,0.593856401549504,0.4612952014299464,0.0,0.5946056441166482,0.1235051229596138,True,3013.0,0.4952333990795529,0.8038499834052439,0.3980933596318212,0.6501951938307504,0.4319137749737118,1.0,187.0,0.0307363576594345,0.8181818181818182,0.0251479289940828,0.995246793382788,0.0674049109292248,0.0,approved,True,Visual inspection passed,box_guided_pseudo_mask
1008,29_02,29,test,bright,P.aeruginosa,other,preprocessed_intensity_sigma040/local_flatfield/bright/1008.png,processed_plate_strategy_b_circle/counting_mask/bright/1008.png,861,1068,83,86,848,1055,109,112,auto_candidate,consensus,False,2,0.711038961038961,0.7476204659025003,0.7145784893913031,2628,0.3681703558419725,0.5775824175824176,False,0.0526233770579292,0.494140625,False,0.851761494616011,0.1164459809660911,True,2754.0,0.3858223592042589,0.9680464778503994,0.3734939759036144,0.2859769787339291,0.6073023377987917,0.0,0.6434794371889895,0.0956243276596069,True,4613.0,0.6462594564303726,0.7942770431389551,0.5133090501541048,0.2507395531454469,0.5854942871336314,1.0,168.0,0.0235360044830484,0.2976190476190476,0.0070047632390025,1.109432944732057,0.0144211510214981,1.0,approved,True,Visual inspection passed,box_guided_pseudo_mask
1008,30_02,30,test,bright,P.aeruginosa,other,preprocessed_intensity_sigma040/local_flatfield/bright/1008.png,processed_plate_strategy_b_circle/counting_mask/bright/1008.png,895,1012,95,95,881,998,123,123,needs_review,consensus,False,3,0.2175641255248442,0.6707605336396575,0.5944516573895585,1571,0.1740720221606648,0.4514367816091954,False,0.5186889505135457,0.490234375,True,0.6977515764816747,0.1404237300157547,True,1477.0,0.1636565096952908,1.0,0.1636565096952908,0.1520677824193572,0.2659279778393352,0.0,0.7958410739237524,0.1169833019375801,True,2393.0,0.2651523545706371,1.0,0.2651523545706371,0.0599571841823443,0.4258171745152354,0.0,109.0,0.0120775623268698,1.0,0.0120775623268698,0.5231713599281932,0.0217174515235457,0.0,approved,True,Visual inspection passed,box_guided_pseudo_mask
1008,31_02,31,test,bright,P.aeruginosa,other,preprocessed_intensity_sigma040/local_flatfield/bright/1008.png,processed_plate_strategy_b_circle/counting_mask/bright/1008.png,855,984,65,65,845,974,85,85,auto_candidate,consensus,False,3,0.5482098170479935,0.7045233168038317,0.7236827626883304,1173,0.2776331360946745,0.7152439024390244,False,0.785414215404336,0.10601257532835,True,0.799326225371834,0.0929490476846695,True,1154.0,0.2731360946745562,1.0,0.2731360946745562,0.0398592472510444,0.3784615384615384,0.0,0.5288295096353254,0.0747871175408363,True,5245.0,1.2414201183431952,0.5721639656816015,0.7102958579881656,0.048718280076826,0.5847750865051903,1.0,1083.0,0.2563313609467456,1.0,0.2563313609467456,0.0237790711908518,0.3323076923076923,0.0,approved,True,Visual inspection passed,box_guided_pseudo_mask
1008,32_02,32,test,bright,P.aeruginosa,other,preprocessed_intensity_sigma040/local_flatfield/bright/1008.png,processed_plate_strategy_b_circle/counting_mask/bright/1008.png,816,993,54,53,808,985,70,69,auto_candidate,consensus,False,3,0.5046088167411112,0.6557561930794761,0.6889155630911794,1324,0.4626135569531795,0.5874001774622892,False,0.6070273098918036,0.1020603626966476,True,0.8072347976801566,0.0989940389990806,True,819.0,0.2861635220125786,1.0,0.2861635220125786,0.0744300544766709,0.4157931516422082,0.0,0.5530064716664679,0.079729214310646,True,3548.0,1.2396925227113906,0.6505073280721533,0.806429070580014,0.0730575809563422,0.5925465838509317,1.0,1642.0,0.5737246680642907,0.7892813641900122,0.4528301886792453,0.5272449527554646,0.554306088864509,1.0,approved,True,Visual inspection passed,box_guided_pseudo_mask
1008,33_02,33,test,bright,P.aeruginosa,other,preprocessed_intensity_sigma040/local_flatfield/bright/1008.png,processed_plate_strategy_b_circle/counting_mask/bright/1008.png,742,1001,65,65,732,991,85,85,auto_candidate,consensus,False,3,0.4548472719454154,0.6848490403245203,0.6831361613107035,1068,0.2527810650887574,0.739612188365651,False,0.7493208801386704,0.1100796684622764,True,0.7759756205496138,0.081833504140377,True,1063.0,0.2515976331360947,1.0,0.2515976331360947,0.0758807034902086,0.3417751479289941,0.0,0.5292506202852768,0.065888911485672,True,6352.0,1.503431952662722,0.6102015113350125,0.917396449704142,0.0440682417599511,0.5847750865051903,1.0,924.0,0.218698224852071,1.0,0.218698224852071,0.0742903443208806,0.2982248520710059,0.0,approved,True,Visual inspection passed,box_guided_pseudo_mask
1008,34_02,34,test,bright,P.aeruginosa,other,preprocessed_intensity_sigma040/local_flatfield/bright/1008.png,processed_plate_strategy_b_circle/counting_mask/bright/1008.png,822,957,53,54,814,949,69,70,auto_candidate,consensus,False,3,0.6072824286758253,0.6026335066492708,0.7036022526962472,1580,0.5520614954577219,0.7097933513027853,False,0.5973100230027929,0.1095511764287948,True,0.6421103921292494,0.1077976748347282,True,1285.0,0.4489867225716282,0.8334630350194553,0.3742138364779874,0.5252819929260438,0.5141065830721003,1.0,0.5684801048157702,0.0869685932993888,True,3435.0,1.20020964360587,0.6730713245997089,0.8078266946191475,0.0335832546622906,0.5925465838509317,1.0,1992.0,0.6960167714884696,0.7796184738955824,0.5426275331935709,0.4751259485666377,0.5809264305177112,1.0,approved,True,Visual inspection passed,box_guided_pseudo_mask
1008,35_02,35,test,bright,P.aeruginosa,other,preprocessed_intensity_sigma040/local_flatfield/bright/1008.png,processed_plate_strategy_b_circle/counting_mask/bright/1008.png,793,951,59,59,784,942,77,77,auto_candidate,consensus,False,3,0.6533571703648308,0.7028214751556572,0.7598035996899536,2428,0.6975007181844297,0.6117409926933737,False,0.6291911998687472,0.1095511764287948,True,0.8487144942068265,0.1133054792881012,True,1373.0,0.3944268888250503,0.9613983976693372,0.3792013789141051,0.2798109679820864,0.5390394419103837,0.0,0.6305587313913977,0.0918405950069427,True,3333.0,0.9574834817581156,0.7947794779477948,0.7609882217753519,0.0287273220782387,0.6027705627705627,1.0,3112.0,0.8939959781671933,0.7747429305912596,0.6926170640620511,0.0376982567476049,0.6027705627705627,1.0,approved,True,Visual inspection passed,box_guided_pseudo_mask
1008,36_02,36,test,bright,P.aeruginosa,other,preprocessed_intensity_sigma040/local_flatfield/bright/1008.png,processed_plate_strategy_b_circle/counting_mask/bright/1008.png,760,933,65,64,750,923,85,84,auto_candidate,consensus,False,3,0.4360993610940343,0.6578492705574521,0.6657744846058928,1851,0.444951923076923,0.6236522911051213,False,0.6597618933540073,0.1095435172319412,True,0.773926136384393,0.0938452258706092,True,1041.0,0.2502403846153846,1.0,0.2502403846153846,0.1079270771116639,0.3745192307692307,0.0,0.5398597819339562,0.0758511126041412,True,5692.0,1.3682692307692308,0.6519676739283204,0.8920673076923077,0.1155660696808295,0.5826330532212886,1.0,2080.0,0.5,0.8706730769230769,0.4353365384615384,0.470314377805164,0.537525354969574,1.0,approved,True,Visual inspection passed,box_guided_pseudo_mask
1008,37_02,37,test,bright,P.aeruginosa,other,preprocessed_intensity_sigma040/local_flatfield/bright/1008.png,processed_plate_strategy_b_circle/counting_mask/bright/1008.png,643,970,53,54,635,962,69,70,auto_candidate,consensus,False,3,0.4433480317545588,0.7045595022328164,0.6869956120072221,816,0.2851153039832285,0.6126126126126126,False,0.7730153807680189,0.0982843190431594,True,0.8124097995029452,0.0790135264396667,True,816.0,0.2851153039832285,1.0,0.2851153039832285,0.067642362357567,0.4654088050314465,0.0,0.5282533264274848,0.0637022405862808,True,4697.0,1.6411600279524807,0.6751117734724292,1.1079664570230607,0.0306584676337651,0.5925465838509317,1.0,707.0,0.2470300489168413,1.0,0.2470300489168413,0.0853298309927006,0.3563941299790356,0.0,approved,True,Visual inspection passed,box_guided_pseudo_mask
1008,38_02,38,test,bright,P.aeruginosa,other,preprocessed_intensity_sigma040/local_flatfield/bright/1008.png,processed_plate_strategy_b_circle/counting_mask/bright/1008.png,698,910,54,53,690,902,70,69,auto_candidate,consensus,False,3,0.475436286406979,0.6446506629726623,0.6742629654315075,1712,0.5981830887491265,0.670846394984326,False,0.5673799573693424,0.1136489063501358,True,0.7970901479596055,0.1098477616906166,True,774.0,0.270440251572327,1.0,0.270440251572327,0.0520964272424814,0.3913347309573725,0.0,0.5694818835890387,0.0887318477034568,True,3570.0,1.2473794549266248,0.6753501400560225,0.8424178895877009,0.0112516462865898,0.5925465838509317,1.0,2226.0,0.7777777777777778,0.743486073674753,0.5782669461914745,0.4688203980426347,0.5317577548005908,1.0,approved,True,Visual inspection passed,box_guided_pseudo_mask
1008,39_02,39,test,bright,P.aeruginosa,other,preprocessed_intensity_sigma040/local_flatfield/bright/1008.png,processed_plate_strategy_b_circle/counting_mask/bright/1008.png,656,892,65,65,646,882,85,85,auto_candidate,consensus,False,3,0.4978812821847977,0.6593089140932643,0.6879820144019849,1634,0.3867455621301775,0.6304012345679012,False,0.6414347428885853,0.1062346920371055,True,0.8113192780296365,0.0936508625745773,True,1181.0,0.2795266272189349,1.0,0.2795266272189349,0.0258960982484528,0.4355029585798816,0.0,0.5251727213615709,0.075501874089241,True,5621.0,1.330414201183432,0.615015121864437,0.8182248520710059,0.1462564982243376,0.5847750865051903,1.0,1997.0,0.4726627218934911,0.7946920380570857,0.3756213017751479,0.4171327377679907,0.5788649706457926,1.0,approved,True,Visual inspection passed,box_guided_pseudo_mask
1008,40_02,40,test,bright,P.aeruginosa,other,preprocessed_intensity_sigma040/local_flatfield/bright/1008.png,processed_plate_strategy_b_circle/counting_mask/bright/1008.png,708,869,72,72,697,858,94,94,auto_candidate,consensus,False,3,0.4815433513068014,0.6541801132769098,0.6802122182681445,2163,0.4172453703703703,0.590983606557377,False,0.6383523866306525,0.1098958477377891,True,0.7854176334381301,0.0988620519638061,True,1290.0,0.2488425925925926,1.0,0.2488425925925926,0.0417024842324274,0.408179012345679,0.0,0.5387703197619468,0.0796878784894943,True,6483.0,1.2505787037037035,0.5921641215486657,0.7405478395061729,0.0233424091859944,0.5866908103214125,1.0,2509.0,0.4839891975308642,0.8314069350338781,0.4023919753086419,0.4915103820445239,0.5055252918287938,1.0,approved,True,Visual inspection passed,box_guided_pseudo_mask
1008,41_02,41,test,bright,P.aeruginosa,other,preprocessed_intensity_sigma040/local_flatfield/bright/1008.png,processed_plate_strategy_b_circle/counting_mask/bright/1008.png,714,819,72,71,703,808,94,93,auto_candidate,consensus,False,3,0.5476592072768187,0.7063739108273192,0.7242302868778142,1465,0.2865805946791862,0.6776133209990749,False,0.7956371328965077,0.1096660643815994,True,0.8038266289652329,0.088998794555664,True,1433.0,0.280320813771518,1.0,0.280320813771518,0.0753232042519086,0.4229264475743349,0.0,0.5196579706202171,0.0716292336583137,True,6923.0,1.354264475743349,0.5682507583417593,0.7695618153364632,0.0618358623177391,0.5847632120796157,1.0,1385.0,0.2709311424100156,1.0,0.2709311424100156,0.0622167052442486,0.3873239436619718,0.0,approved,True,Visual inspection passed,box_guided_pseudo_mask
1008,42_02,42,test,bright,P.aeruginosa,other,preprocessed_intensity_sigma040/local_flatfield/bright/1008.png,processed_plate_strategy_b_circle/counting_mask/bright/1008.png,254,940,153,151,231,917,199,197,auto_candidate,consensus,False,3,0.4307118573696797,0.6370633443332138,0.6555744878126735,10197,0.4413712504869497,0.513961693548387,False,0.8212675192552137,0.0978477448225021,True,0.5877494844374225,0.0810150206089019,True,12565.0,0.5438687616326884,0.724233983286908,0.3938882396225598,0.4770011320985202,0.5691295243793,1.0,0.5021730293070049,0.0650661438703537,True,39199.0,1.696706055490629,0.6205005229725248,1.0528069947625849,0.0092378839044442,0.5893171440961151,1.0,6859.0,0.2968878500627624,1.0,0.2968878500627624,0.0306465714066131,0.4226723802103623,0.0,approved,True,Visual inspection passed,box_guided_pseudo_mask
1008,43_02,43,test,bright,P.aeruginosa,other,preprocessed_intensity_sigma040/local_flatfield/bright/1008.png,processed_plate_strategy_b_circle/counting_mask/bright/1008.png,191,722,127,126,172,703,165,164,needs_review,consensus,False,3,0.1065979218690579,0.5936912104580668,0.524785756837397,3404,0.2127234095738032,0.4397932816537467,False,0.5160692393766149,0.365234375,True,0.7410645897683937,0.084012433886528,True,3296.0,0.2059742532183477,1.0,0.2059742532183477,0.1570124869746338,0.4161979752530934,0.0,0.523939802229192,0.0687446072697639,True,15836.0,0.9896262967129108,0.671002778479414,0.6640419947506562,0.4968485081783524,0.6299466146936701,1.0,83.0,0.0051868516435445,1.0,0.0051868516435445,0.5035765348791091,0.0158105236845394,0.0,approved,True,Visual inspection passed,box_guided_pseudo_mask
1008,44_02,44,test,bright,P.aeruginosa,other,preprocessed_intensity_sigma040/local_flatfield/bright/1008.png,processed_plate_strategy_b_circle/counting_mask/bright/1008.png,532,595,139,138,511,574,181,180,auto_candidate,consensus,False,3,0.430290877350256,0.647801992811151,0.65972260419705,6847,0.3569492232301116,0.5658677685950413,False,0.7971412508651056,0.104342833161354,True,0.6423165453563813,0.0818188712000846,True,7642.0,0.3983943280158482,0.8360376864695106,0.333072672296945,0.3132191350457546,0.5401791191264875,1.0,0.5039481822119664,0.0657415390014648,True,32149.0,1.6759983317693672,0.6178419235435005,1.0355020331560838,0.0167290586853454,0.5887661141804789,1.0,5111.0,0.2664477113961005,1.0,0.2664477113961005,0.0504783439676363,0.4169533938066938,0.0,approved,True,Visual inspection passed,box_guided_pseudo_mask
1008,45_02,45,test,bright,P.aeruginosa,other,preprocessed_intensity_sigma040/local_flatfield/bright/1008.png,processed_plate_strategy_b_circle/counting_mask/bright/1008.png,428,437,139,138,407,416,181,180,needs_review,consensus,False,2,0.2799297541394882,0.5796204015908375,0.4964902412518225,5579,0.2908455844020435,0.4900307422046552,False,0.0,0.318359375,False,0.6362524377482865,0.0864318385720253,True,5934.0,0.3093525179856115,0.9135490394337716,0.2826086956521739,0.1937063005531165,0.568951048951049,1.0,0.5229883654333886,0.0696891099214553,True,30614.0,1.5959753935981649,0.6512053308943621,1.0393076842873528,0.0677658064742158,0.5887661141804789,1.0,158.0,0.0082368887498696,0.0886075949367088,0.0007298509018871,1.4238298537631968,0.0186622139279049,1.0,approved,True,Visual inspection passed,box_guided_pseudo_mask
1008,46_02,46,test,bright,P.aeruginosa,other,preprocessed_intensity_sigma040/local_flatfield/bright/1008.png,processed_plate_strategy_b_circle/counting_mask/bright/1008.png,397,394,116,115,380,377,150,149,needs_review,consensus,False,3,0.0822576268558359,0.5856614833235178,0.5130547627289497,2122,0.1590704647676162,0.3982732732732733,False,0.5083878680985742,0.451171875,True,0.7213796637074257,0.1146833524107933,True,2059.0,0.1543478260869565,1.0,0.1543478260869565,0.0306459880043065,0.3994002998500749,0.0,0.5272169181645533,0.0950667187571525,True,12942.0,0.9701649175412294,0.6643486323597589,0.644527736131934,0.4456385988181973,0.5968680089485459,1.0,11.0,0.0008245877061469,1.0,0.0008245877061469,0.5276536028218209,0.0018740629685157,0.0,approved,True,Visual inspection passed,box_guided_pseudo_mask
1008,47_02,47,test,bright,P.aeruginosa,other,preprocessed_intensity_sigma040/local_flatfield/bright/1008.png,processed_plate_strategy_b_circle/counting_mask/bright/1008.png,311,371,65,65,301,361,85,85,auto_candidate,consensus,False,3,0.4171526591198484,0.4785593077995382,0.5874271538117622,1181,0.2795266272189349,0.2517050298380222,False,0.2523154178782651,0.478515625,True,0.5938767518415655,0.2238398790359497,True,1592.0,0.3768047337278106,0.753140703517588,0.2837869822485207,0.3372121833665667,0.5847750865051903,1.0,0.589485753678784,0.1909427046775818,True,2369.0,0.5607100591715977,0.718024482904179,0.402603550295858,0.4393644446451442,0.5847750865051903,1.0,680.0,0.1609467455621301,0.586764705882353,0.0944378698224852,1.0650464866637208,0.1468196037539103,1.0,approved,True,Visual inspection passed,box_guided_pseudo_mask
1008,48_02,48,test,bright,P.aeruginosa,other,preprocessed_intensity_sigma040/local_flatfield/bright/1008.png,processed_plate_strategy_b_circle/counting_mask/bright/1008.png,761,768,60,59,752,759,78,77,auto_candidate,consensus,False,3,0.6562367949067075,0.6206633942441465,0.7279482359150062,1744,0.4926553672316384,0.6705113417916186,False,0.6299108550819431,0.1020680293440818,True,0.6767854073709747,0.0979125425219535,True,1759.0,0.4968926553672316,0.8942581011938602,0.4443502824858757,0.4466028960775635,0.5621634277686725,1.0,0.555293920279522,0.0790401473641395,True,4509.0,1.273728813559322,0.6411621202040364,0.8166666666666667,0.0167777032911241,0.5894105894105894,1.0,1984.0,0.56045197740113,0.8452620967741935,0.473728813559322,0.5357715800785451,0.517193947730399,1.0,approved,True,Visual inspection passed,box_guided_pseudo_mask
1008,49_02,49,test,bright,P.aeruginosa,other,preprocessed_intensity_sigma040/local_flatfield/bright/1008.png,processed_plate_strategy_b_circle/counting_mask/bright/1008.png,740,742,65,65,730,732,85,85,auto_candidate,consensus,False,3,0.5920831682421087,0.7017038826006473,0.737910661924997,2054,0.4861538461538461,0.643483709273183,False,0.6968920753124996,0.1020220667123794,True,0.8665146929706262,0.0919747650623321,True,2015.0,0.4769230769230769,0.9344913151364764,0.445680473372781,0.3348284805187683,0.590339892665474,0.0,0.541704879518816,0.0743406563997268,True,5964.0,1.4115976331360949,0.6715291750503019,0.9479289940828404,0.1374486015031756,0.5847750865051903,1.0,2075.0,0.4911242603550296,0.9209638554216868,0.4523076923076923,0.3859981455595972,0.5489439480097482,1.0,approved,True,Visual inspection passed,box_guided_pseudo_mask
1008,50_02,50,test,bright,P.aeruginosa,other,preprocessed_intensity_sigma040/local_flatfield/bright/1008.png,processed_plate_strategy_b_circle/counting_mask/bright/1008.png,699,643,116,115,682,626,150,149,auto_candidate,consensus,False,3,0.4936704706979575,0.7015427678983035,0.7034017719036065,3580,0.2683658170914543,0.7220653489310206,False,0.7874559837701424,0.101945474743843,True,0.7957019551882947,0.0818992033600807,True,3519.0,0.2637931034482759,1.0,0.2637931034482759,0.0147013543632126,0.3716641679160419,0.0,0.5214703647364735,0.0658558160066604,True,20916.0,1.5679160419790106,0.6185695161598777,0.9698650674662668,0.0418811316738317,0.5968680089485459,1.0,3430.0,0.2571214392803598,1.0,0.2571214392803598,0.0263361558794981,0.3508245877061469,0.0,approved,True,Visual inspection passed,box_guided_pseudo_mask
1008,51_02,51,test,bright,P.aeruginosa,other,preprocessed_intensity_sigma040/local_flatfield/bright/1008.png,processed_plate_strategy_b_circle/counting_mask/bright/1008.png,804,782,72,71,793,771,94,93,auto_candidate,consensus,False,3,0.5315648195264961,0.7004690619884236,0.7162353116296432,1355,0.2650625978090767,0.7161733615221987,False,0.7893382484271733,0.101945474743843,True,0.7875125011210922,0.0841459557414054,True,1322.0,0.2586071987480438,1.0,0.2586071987480438,0.0474010393786948,0.3701095461658842,0.0,0.5245564364170054,0.0677275583148002,True,7102.0,1.3892801251956182,0.5941988172345818,0.8255086071987481,0.0782339998852422,0.5847632120796157,1.0,1338.0,0.2617370892018779,1.0,0.2617370892018779,0.0435753262235706,0.361697965571205,0.0,approved,True,Visual inspection passed,box_guided_pseudo_mask
1008,52_02,52,test,bright,P.aeruginosa,other,preprocessed_intensity_sigma040/local_flatfield/bright/1008.png,processed_plate_strategy_b_circle/counting_mask/bright/1008.png,876,822,65,65,866,812,85,85,auto_candidate,consensus,False,3,0.671192593505122,0.6057140591389837,0.7272030313823862,1621,0.3836686390532544,0.6731727574750831,False,0.6314246453338692,0.1176164299249649,True,0.6466269377803466,0.1018185764551162,True,1737.0,0.4111242603550296,0.8664363845710996,0.3562130177514793,0.4087438410499715,0.4988184747583243,1.0,0.5390905943027351,0.0822818949818611,True,3838.0,0.9084023668639052,0.6737884314747264,0.6120710059171598,0.4090575340477952,0.570268074735987,1.0,1769.0,0.418698224852071,0.8541548897682306,0.3576331360946745,0.4653392212941249,0.4290988056460369,1.0,approved,True,Visual inspection passed,box_guided_pseudo_mask
1008,53_02,53,test,bright,P.aeruginosa,other,preprocessed_intensity_sigma040/local_flatfield/bright/1008.png,processed_plate_strategy_b_circle/counting_mask/bright/1008.png,876,790,65,65,866,780,85,85,auto_candidate,consensus,False,3,0.5951048939682398,0.6165407242614123,0.7049030025934488,1678,0.3971597633136094,0.7226528854435831,False,0.6537389839919159,0.1135723143815994,True,0.6697033639326617,0.093117855489254,True,1722.0,0.4075739644970414,0.908246225319396,0.3701775147928994,0.3435929006601161,0.480343716433942,1.0,0.5261798248596593,0.0752550587058067,True,5687.0,1.34603550295858,0.6073500967117988,0.8175147928994083,0.1141855866505362,0.5847750865051903,1.0,1798.0,0.4255621301775148,0.8754171301446051,0.3725443786982249,0.3976649412014242,0.4208469055374593,1.0,approved,True,Visual inspection passed,box_guided_pseudo_mask
1008,54_02,54,test,bright,P.aeruginosa,other,preprocessed_intensity_sigma040/local_flatfield/bright/1008.png,processed_plate_strategy_b_circle/counting_mask/bright/1008.png,901,858,73,72,890,847,95,94,auto_candidate,consensus,False,3,0.5221838424776087,0.696701810911854,0.7114450692319046,1399,0.2661719939117199,0.7072800808897877,False,0.7726313602117862,0.1095281913876533,True,0.7955011254652582,0.087219551205635,True,1387.0,0.2638888888888889,1.0,0.2638888888888889,0.0200472680019132,0.3763318112633181,0.0,0.5219729470585176,0.0703779906034469,True,6262.0,1.1914003044140031,0.620887895241137,0.7397260273972602,0.2444755881888533,0.5885778275475924,1.0,1256.0,0.2389649923896499,1.0,0.2389649923896499,0.0321740531938726,0.334855403348554,0.0,approved,True,Visual inspection passed,box_guided_pseudo_mask
1008,55_02,55,test,bright,P.aeruginosa,other,preprocessed_intensity_sigma040/local_flatfield/bright/1008.png,processed_plate_strategy_b_circle/counting_mask/bright/1008.png,1021,887,72,71,1010,876,94,93,auto_candidate,consensus,False,3,0.6299799517942019,0.6606446010275939,0.7347508235390082,862,0.1686228482003129,0.3731601731601731,False,0.6634419551943327,0.478515625,True,0.6802805485676243,0.2591012418270111,True,862.0,0.1686228482003129,1.0,0.1686228482003129,0.431207872571105,0.440046565774156,0.0,0.6382112993208248,0.2221621572971344,True,1896.0,0.3708920187793427,0.8154008438818565,0.3024256651017214,0.3190006309263628,0.7730061349693251,1.0,732.0,0.1431924882629108,1.0,0.1431924882629108,0.3988066129213384,0.4012813046010483,0.0,approved,True,Visual inspection passed,box_guided_pseudo_mask
1008,56_02,56,test,bright,P.aeruginosa,other,preprocessed_intensity_sigma040/local_flatfield/bright/1008.png,processed_plate_strategy_b_circle/counting_mask/bright/1008.png,1018,911,79,78,1006,899,103,102,needs_review,consensus,False,3,0.2849961330239752,0.6149348711770437,0.5957225950292089,737,0.1196040246673158,0.3499525166191833,False,0.6164100464402322,0.478515625,True,0.6357185530201318,0.2442298084497451,True,862.0,0.1398896462187601,1.0,0.1398896462187601,0.5652205912256925,0.3748782862706913,0.0,0.5926760140707673,0.2092807292938232,True,567.0,0.0920155793573515,0.9911816578483243,0.0912041544952937,0.5870660074331232,0.3340134986658295,0.0,732.0,0.118792599805258,1.0,0.118792599805258,0.5765820063460786,0.3417721518987341,0.0,approved,True,Visual inspection passed,box_guided_pseudo_mask
1008,57_02,57,test,bright,P.aeruginosa,other,preprocessed_intensity_sigma040/local_flatfield/bright/1008.png,processed_plate_strategy_b_circle/counting_mask/bright/1008.png,975,873,87,86,962,860,113,112,needs_review,consensus,False,3,0.2135699030721209,0.5946432520484474,0.5626067668946213,1299,0.1736166800320769,0.672360248447205,False,0.4604693245212505,0.439453125,True,0.7102565224483142,0.1610545068979263,True,1342.0,0.1793638064688586,1.0,0.1793638064688586,0.1423299257667157,0.2701149425287356,0.0,0.6132039091757772,0.1347972452640533,True,2259.0,0.3019246190858059,0.8813634351482957,0.2661053194333066,0.2011711313881708,0.5307552870090635,1.0,43.0,0.0057471264367816,1.0,0.0057471264367816,0.9050356098110192,0.0065490510558674,0.0,approved,True,Visual inspection passed,box_guided_pseudo_mask
1008,58_02,58,test,bright,P.aeruginosa,other,preprocessed_intensity_sigma040/local_flatfield/bright/1008.png,processed_plate_strategy_b_circle/counting_mask/bright/1008.png,1147,1071,127,126,1128,1052,165,164,auto_candidate,consensus,False,3,0.602281351093228,0.5484935601769138,0.6801958969533953,11233,0.7019747531558556,0.6596007046388725,False,0.5691352913256038,0.093803621828556,True,0.5635120678646273,0.0924667119979858,True,14417.0,0.900949881264842,0.6497190816397309,0.5853643294588177,0.1926621943275767,0.5913525498891352,1.0,0.51283332134051,0.0741933584213256,True,26470.0,1.6541682289713786,0.6309406875708349,1.043682039745032,0.0153456197974382,0.5913525498891352,1.0,11662.0,0.7287839020122485,0.7617904304578974,0.5551806024246969,0.5584586124775046,0.5322175732217573,1.0,approved,True,Visual inspection passed,box_guided_pseudo_mask
1008,59_02,59,test,bright,P.aeruginosa,other,preprocessed_intensity_sigma040/local_flatfield/bright/1008.png,processed_plate_strategy_b_circle/counting_mask/bright/1008.png,1144,982,128,137,1123,961,170,179,auto_candidate,consensus,False,2,0.5566414156016886,0.5461773189487145,0.5799620897067435,9626,0.5489279197080292,0.615040572487381,False,0.0,0.490234375,False,0.5734349997898615,0.1103089749813079,True,13063.0,0.7449247262773723,0.7042792620378168,0.5246350364963503,0.416673146162317,0.6030622009569377,1.0,0.5189196381075675,0.0893480479717254,True,27009.0,1.540203010948905,0.6363064163797253,0.9800410583941606,0.1272781463341499,0.5762734143936904,1.0,322.0,0.0183622262773722,0.1583850931677018,0.002908302919708,1.43957925411974,0.0139428071518399,1.0,approved,True,Visual inspection passed,box_guided_pseudo_mask
1008,60_02,60,test,bright,P.aeruginosa,other,preprocessed_intensity_sigma040/local_flatfield/bright/1008.png,processed_plate_strategy_b_circle/counting_mask/bright/1008.png,1214,1022,122,126,1195,1003,160,164,auto_candidate,consensus,False,3,0.6936827231110207,0.5265543865856847,0.7034107077231311,12630,0.8216237314597971,0.7710622710622711,False,0.5126632529258848,0.0939797833561897,True,0.5638202914855471,0.1039076745510101,True,13717.0,0.8923367161072079,0.6699715681271415,0.59784022898777,0.2488965616523691,0.5930555555555556,1.0,0.503179615345622,0.0833776146173477,True,26147.0,1.7009497788186312,0.6259991586032815,1.064793130366901,0.0073759869831397,0.5858231707317073,1.0,19115.0,1.2434946656258132,0.6407533350771645,0.7967733541504033,0.3365240200882595,0.5858231707317073,1.0,approved,True,Visual inspection passed,box_guided_pseudo_mask
1008,61_02,61,test,bright,P.aeruginosa,other,preprocessed_intensity_sigma040/local_flatfield/bright/1008.png,processed_plate_strategy_b_circle/counting_mask/bright/1008.png,1482,324,115,115,1465,307,149,149,needs_review,consensus,False,3,0.2969696969696969,0.5755893782411249,0.5841751452358439,294,0.0222306238185255,0.328125,False,0.5756258816302469,0.408203125,True,0.5736681303711526,0.1834713369607925,True,294.0,0.0222306238185255,1.0,0.0222306238185255,0.2065185489569325,0.067750472589792,0.0,0.5774741227219752,0.154354453086853,True,330.0,0.0249527410207939,1.0,0.0249527410207939,0.1938956959420142,0.069867674858223,0.0,183.0,0.0138374291115311,1.0,0.0138374291115311,0.2564356759147156,0.2132325141776937,0.0,approved,True,Visual inspection passed,box_guided_pseudo_mask
1008,62_02,62,test,bright,P.aeruginosa,other,preprocessed_intensity_sigma040/local_flatfield/bright/1008.png,processed_plate_strategy_b_circle/counting_mask/bright/1008.png,1511,314,186,185,1483,286,242,241,needs_review,adaptive,True,3,0.0,0.5141766354530087,0.4556706541812035,1976,0.0574251671025864,0.2992579130698167,False,0.5291824239452665,0.380859375,True,0.5419300521994715,0.1577441394329071,True,1938.0,0.0563208369659982,1.0,0.0563208369659982,0.6985972361488495,0.1918918918918919,0.0,0.4714174302142881,0.1315066218376159,True,330.0,0.009590235396687,1.0,0.009590235396687,0.8591903471299248,0.0268526591107236,0.0,308.0,0.0089508863702412,1.0,0.0089508863702412,0.5775822818331383,0.2226732386198898,0.0,approved,True,Visual inspection passed,box_guided_pseudo_mask
1008,63_02,63,test,bright,P.aeruginosa,other,preprocessed_intensity_sigma040/local_flatfield/bright/1008.png,processed_plate_strategy_b_circle/counting_mask/bright/1008.png,1462,278,105,104,1446,262,137,136,needs_review,consensus,False,3,0.0543032786885245,0.5216751780499408,0.4776762187609599,318,0.0291208791208791,0.093064091308165,False,0.5475499793760936,0.419921875,True,0.4957749136085013,0.1904598176479339,True,102.0,0.0093406593406593,1.0,0.0093406593406593,0.6727772948240512,0.0164835164835164,0.0,0.5217006411652274,0.1622225791215896,True,2372.0,0.2172161172161172,0.8199831365935919,0.1781135531135531,0.3471537883736869,0.6122828784119106,1.0,335.0,0.0306776556776556,0.9552238805970148,0.0293040293040293,0.4987838856557113,0.3051102648126826,0.0,approved,True,Visual inspection passed,box_guided_pseudo_mask
1008,64_02,64,test,bright,P.aeruginosa,other,preprocessed_intensity_sigma040/local_flatfield/bright/1008.png,processed_plate_strategy_b_circle/counting_mask/bright/1008.png,1338,333,96,94,1324,319,124,122,needs_review,consensus,False,3,0.224,0.5611637927918464,0.5528655171167386,503,0.0557402482269503,0.5821759259259259,False,0.4692242164283274,0.517578125,True,0.6130376828223323,0.2948491871356964,True,673.0,0.0745789007092198,1.0,0.0745789007092198,0.2302071131215706,0.1356382978723404,0.0,0.6012294791248792,0.2570957839488983,True,581.0,0.0643838652482269,1.0,0.0643838652482269,0.2407020882040464,0.1017287234042553,0.0,48.0,0.0053191489361702,1.0,0.0053191489361702,0.8388115522944314,0.0062056737588652,0.0,approved,True,Visual inspection passed,box_guided_pseudo_mask
1008,65_02,65,test,bright,P.aeruginosa,other,preprocessed_intensity_sigma040/local_flatfield/bright/1008.png,processed_plate_strategy_b_circle/counting_mask/bright/1008.png,1285,411,95,94,1271,397,123,122,auto_candidate,consensus,False,3,0.84499469937907,0.5533710673833142,0.7670965717360001,124,0.0138857782754759,0.5610859728506787,False,0.5514083971542657,0.513671875,True,0.5534030080666805,0.3593882620334625,True,124.0,0.0138857782754759,1.0,0.0138857782754759,0.2812821649320617,0.0247480403135498,0.0,0.5553017969289962,0.3136093020439148,True,142.0,0.0159014557670772,1.0,0.0159014557670772,0.2774965532552071,0.0247480403135498,0.0,110.0,0.0123180291153415,1.0,0.0123180291153415,0.2856340187697224,0.0215005599104143,0.0,approved,True,Visual inspection passed,box_guided_pseudo_mask
1008,66_02,66,test,bright,P.aeruginosa,other,preprocessed_intensity_sigma040/local_flatfield/bright/1008.png,processed_plate_strategy_b_circle/counting_mask/bright/1008.png,1286,214,96,94,1272,200,124,122,needs_review,consensus,False,3,0.2244151805220507,0.5524293848925925,0.5495170671397548,1386,0.1535904255319149,0.2566666666666666,False,0.4778646020430503,0.474609375,True,0.5590847464391403,0.1482380479574203,True,1473.0,0.1632313829787234,0.9416157501697217,0.1537012411347517,0.0932727976070062,0.5229151014274981,1.0,0.620338806195587,0.1251356601715088,True,2190.0,0.2426861702127659,0.958904109589041,0.2327127659574468,0.1073053342021228,0.5531598513011152,1.0,10.0,0.0011081560283687,1.0,0.0011081560283687,0.7518838570820071,0.0022163120567375,0.0,approved,True,Visual inspection passed,box_guided_pseudo_mask
1008,67_02,67,test,bright,P.aeruginosa,other,preprocessed_intensity_sigma040/local_flatfield/bright/1008.png,processed_plate_strategy_b_circle/counting_mask/bright/1008.png,1184,501,78,78,1172,489,102,102,needs_review,consensus,False,3,0.1415424259157003,0.6746879037707179,0.5694150105787823,769,0.1263971071663379,0.3627358490566038,False,0.5552626351356095,0.439453125,True,0.628491060817569,0.1593037396669387,True,625.0,0.1027284681130835,1.0,0.1027284681130835,0.3221063353238379,0.2235371466140697,0.0,0.8403100153589751,0.1330638378858566,True,1811.0,0.2976660092044707,1.0,0.2976660092044707,0.0674912785391946,0.6583011583011583,0.0,144.0,0.0236686390532544,1.0,0.0236686390532544,0.3453619628747305,0.064266929651545,0.0,approved,True,Visual inspection passed,box_guided_pseudo_mask
1008,68_02,68,test,bright,P.aeruginosa,other,preprocessed_intensity_sigma040/local_flatfield/bright/1008.png,processed_plate_strategy_b_circle/counting_mask/bright/1008.png,1253,462,127,125,1234,443,165,163,auto_candidate,consensus,False,3,0.9627201093173988,0.8088650944285994,0.9104980760325294,4133,0.2603464566929134,0.342959090531906,False,0.8054289439875142,0.478515625,True,0.8067678470628696,0.2908563315868377,True,4061.0,0.2558110236220472,1.0,0.2558110236220472,0.1766945680682972,0.7591181102362204,0.0,0.8143984922354144,0.2507210075855255,True,4243.0,0.2672755905511811,1.0,0.2672755905511811,0.1830020993952767,0.7656062992125984,0.0,4049.0,0.2550551181102362,1.0,0.2550551181102362,0.1779539034302086,0.7526299212598425,0.0,approved,True,Visual inspection passed,box_guided_pseudo_mask
1008,69_02,69,test,bright,P.aeruginosa,other,preprocessed_intensity_sigma040/local_flatfield/bright/1008.png,processed_plate_strategy_b_circle/counting_mask/bright/1008.png,1277,511,126,125,1258,492,164,163,auto_candidate,consensus,False,3,0.651857933467129,0.5526265188065961,0.6992008842361336,189,0.012,0.4565217391304347,False,0.5504385583731467,0.470703125,True,0.5512242567632534,0.26740163564682,True,189.0,0.012,1.0,0.012,0.2888786833234993,0.0262857142857142,0.0,0.5562167412833882,0.2304122895002365,True,348.0,0.022095238095238,1.0,0.022095238095238,0.3347097182654183,0.0699682539682539,0.0,173.0,0.0109841269841269,1.0,0.0109841269841269,0.2887044419036237,0.0251428571428571,0.0,approved,True,Visual inspection passed,box_guided_pseudo_mask
1008,70_02,70,test,bright,P.aeruginosa,other,preprocessed_intensity_sigma040/local_flatfield/bright/1008.png,processed_plate_strategy_b_circle/counting_mask/bright/1008.png,1101,671,95,94,1087,657,123,122,needs_review,consensus,False,3,0.2136314246468622,0.646861864515448,0.583515744432581,71,0.0079507278835386,0.7888888888888889,False,0.5618021981362818,0.458984375,True,0.5638013587572804,0.1673474460840225,True,71.0,0.0079507278835386,1.0,0.0079507278835386,0.1651439381498794,0.0100783874580067,0.0,0.8149820366527817,0.1418859809637069,True,2302.0,0.2577827547592385,0.9956559513466552,0.2566629339305711,0.0403097115080307,0.6581798483206934,0.0,42.0,0.0047032474804031,1.0,0.0047032474804031,0.1607375957875713,0.0062709966405375,0.0,approved,True,Visual inspection passed,box_guided_pseudo_mask
1008,71_02,71,test,bright,P.aeruginosa,other,preprocessed_intensity_sigma040/local_flatfield/bright/1008.png,processed_plate_strategy_b_circle/counting_mask/bright/1008.png,1028,712,79,78,1016,700,103,102,needs_review,consensus,False,3,0.115343955451008,0.5576733927894457,0.5134397415236311,887,0.143946770529049,0.5156976744186047,False,0.5236095314882901,0.466796875,True,0.6567147099229291,0.1426501423120498,True,851.0,0.138104511522233,1.0,0.138104511522233,0.2948216315285775,0.2262252515417072,0.0,0.4926959369571179,0.1200466156005859,True,4545.0,0.737585199610516,0.5606160616061606,0.4135021097046413,0.4945648096802564,0.586521987435751,1.0,48.0,0.0077896786757546,1.0,0.0077896786757546,0.4585767273405253,0.0116845180136319,0.0,approved,True,Visual inspection passed,box_guided_pseudo_mask
1008,72_02,72,test,bright,P.aeruginosa,other,preprocessed_intensity_sigma040/local_flatfield/bright/1008.png,processed_plate_strategy_b_circle/counting_mask/bright/1008.png,1327,423,169,167,1302,398,219,217,needs_review,consensus,False,3,0.0803849002607856,0.5511950814145647,0.4986127476571008,2025,0.0717499911419764,0.4005142405063291,False,0.543399306662589,0.482421875,True,0.6020134944013963,0.2383162230253219,True,2049.0,0.0726003614073627,1.0,0.0726003614073627,0.3411992102788663,0.1911561492399816,0.0,0.5081724431797091,0.2044657766819,True,12320.0,0.4365234028983453,0.6723214285714286,0.2934840378414768,0.8042577217343875,0.3543478893317429,1.0,41.0,0.001452715870035,1.0,0.001452715870035,0.275576994383563,0.0019841972859015,0.0,approved,True,Visual inspection passed,box_guided_pseudo_mask
1008,73_02,73,test,bright,P.aeruginosa,other,preprocessed_intensity_sigma040/local_flatfield/bright/1008.png,processed_plate_strategy_b_circle/counting_mask/bright/1008.png,1398,450,224,222,1364,416,292,290,needs_review,consensus,False,3,0.0894394205741253,0.5937131535998205,0.5187890586408721,10935,0.2198962355212355,0.4617820945945945,False,0.4915645332505868,0.482421875,True,0.7514920295092478,0.1323065012693405,True,10027.0,0.2016369047619047,0.99700807818889,0.2010336229086229,0.0839200457323424,0.4615384615384615,0.0,0.5380828980396267,0.1097873523831367,True,58314.0,1.1726592664092663,0.6972596632026614,0.8176480051480052,0.3241775427762568,0.5872461029759093,1.0,48.0,0.0009652509652509,1.0,0.0009652509652509,0.6505977008035599,0.0012870012870012,0.0,approved,True,Visual inspection passed,box_guided_pseudo_mask
1008,74_01,74,test,bright,P.aeruginosa,other,preprocessed_intensity_sigma040/local_flatfield/bright/1008.png,processed_plate_strategy_b_circle/counting_mask/bright/1008.png,1341,728,153,152,1318,705,199,198,auto_candidate,consensus,False,2,0.6508914905059364,0.5407788129413278,0.6107902135202755,15734,0.6765565875472996,0.6424138494202188,False,0.0,0.478515625,False,0.5652063246622874,0.1095576882362365,True,22445.0,0.9651272789817682,0.660013366005792,0.6369969040247678,0.1565707036205168,0.5902238465052535,1.0,0.5163513012203683,0.0881582349538803,True,37731.0,1.622420020639835,0.6407198324984761,1.039516683866529,0.0556026889257472,0.5902238465052535,1.0,,,,,,,,approved,True,Visual inspection passed,box_guided_pseudo_mask
1008,75_01,75,test,bright,P.aeruginosa,other,preprocessed_intensity_sigma040/local_flatfield/bright/1008.png,processed_plate_strategy_b_circle/counting_mask/bright/1008.png,1358,815,169,167,1333,790,219,217,needs_review,consensus,False,3,0.7473750531909147,0.5401419577416627,0.7276380517134853,26919,0.9537965489140064,0.9099482811073928,True,0.5446027531646981,0.0976715683937072,True,0.569292358838389,0.105187140405178,True,29196.0,1.03447542784254,0.6439923277161255,0.666194238741452,0.0441418168107357,0.5938808576899607,1.0,0.5065307612219013,0.0843846648931503,True,47449.0,1.681217446763278,0.6232165061434383,1.047762463239202,0.0080277944038451,0.5938808576899607,1.0,38176.0,1.3526556354746129,0.672883487007544,0.9101796407185628,0.1465734362588115,0.5938808576899607,1.0,approved,True,Visual inspection passed,box_guided_pseudo_mask
1008,76_01,76,test,bright,P.aeruginosa,other,preprocessed_intensity_sigma040/local_flatfield/bright/1008.png,processed_plate_strategy_b_circle/counting_mask/bright/1008.png,1416,758,204,202,1385,727,266,264,needs_review,consensus,False,3,0.0005447131696081,0.5252317127602949,0.4602833347134808,70,0.0016986992816928,0.0707070707070707,False,0.5179160050431414,0.093803621828556,True,0.5604001410943161,0.0970949009060859,True,62.0,0.0015045622209279,1.0,0.0015045622209279,0.153078735454555,0.0036400698893418,0.0,0.497378992143427,0.0778764337301254,True,70217.0,1.703965249466123,0.6100516968825214,1.0395068918656571,0.0068728976475355,0.5868079289131921,1.0,8.0,0.0001941370607649,1.0,0.0001941370607649,0.453947800845823,0.0003882741215298,0.0,approved,True,Visual inspection passed,box_guided_pseudo_mask
1008,77_01,77,test,bright,P.aeruginosa,other,preprocessed_intensity_sigma040/local_flatfield/bright/1008.png,processed_plate_strategy_b_circle/counting_mask/bright/1008.png,1343,640,169,168,1318,615,219,218,needs_review,consensus,False,3,0.2100160067175732,0.5155290933348188,0.5297172396850782,16007,0.563785573400958,0.5816497093023256,False,0.4215567966546153,0.501953125,True,0.5979481178751016,0.1206601560115814,True,20767.0,0.7314384333615103,0.7278855877112727,0.5324034939419555,0.3065988864145578,0.594696493653387,1.0,0.5270823654747396,0.0989102870225906,True,38308.0,1.3492533107917724,0.6625509032055967,0.8939489997182305,0.2505281887096988,0.594696493653387,1.0,108.0,0.003803888419273,1.0,0.003803888419273,1.1800520395150602,0.0078895463510848,0.0,approved,True,Visual inspection passed,box_guided_pseudo_mask
1008,78_01,78,test,bright,P.aeruginosa,other,preprocessed_intensity_sigma040/local_flatfield/bright/1008.png,processed_plate_strategy_b_circle/counting_mask/bright/1008.png,1388,597,231,231,1353,562,301,301,needs_review,consensus,False,3,0.2126079381430188,0.5040925004039392,0.5260497785116323,33436,0.6265999512752759,0.6159344201897393,False,0.409888542223334,0.458984375,True,0.5814054683593082,0.1101335808634758,True,44180.0,0.8279455032701786,0.707922136713445,0.5861209497573134,0.3200594303715844,0.6590299991354716,1.0,0.5209834906291753,0.0893215611577034,True,82147.0,1.5394576563407731,0.6375521930198303,0.9814846048612282,0.1255949814026232,0.588967009194159,1.0,227.0,0.0042540432150821,1.0,0.0042540432150821,1.270040912500357,0.0115392540696476,0.0,approved,True,Visual inspection passed,box_guided_pseudo_mask
1008,79_01,79,test,bright,P.aeruginosa,other,preprocessed_intensity_sigma040/local_flatfield/bright/1008.png,processed_plate_strategy_b_circle/counting_mask/bright/1008.png,1483,563,247,245,1446,526,321,319,auto_candidate,consensus,False,2,0.4501703646945663,0.5620982935340478,0.549065611723384,27613,0.456300090886557,0.5239260777170613,False,0.0,0.462890625,False,0.6042146688480514,0.0964682474732399,True,35007.0,0.5784846732215153,0.7444511097780444,0.4306535569693464,0.4474136638531091,0.6352514181328719,1.0,0.5199819182200442,0.0778336003422737,True,95280.0,1.5744856647112286,0.6432724601175482,1.0128232669586053,0.100746400794794,0.5909725680914852,1.0,287.0,0.0047426257952573,0.1149825783972125,0.0005453193423118,1.357879707854308,0.0331788241034398,1.0,approved,True,Visual inspection passed,box_guided_pseudo_mask
1008,80_01,80,test,bright,P.aeruginosa,other,preprocessed_intensity_sigma040/local_flatfield/bright/1008.png,processed_plate_strategy_b_circle/counting_mask/bright/1008.png,1276,960,186,184,1248,932,242,240,auto_candidate,consensus,False,3,0.6457036817102096,0.5317814197994387,0.6887088565183488,26082,0.7620967741935484,0.7844210526315789,False,0.5246833471940425,0.0907092541456222,True,0.5685804394131717,0.097170777618885,True,27595.0,0.8063055165965405,0.6825149483602102,0.5503155680224404,0.3209826952394237,0.5892561983471074,1.0,0.5020804727911019,0.0779580771923065,True,57940.0,1.6929640018700327,0.6162927166033828,1.0433613838242168,0.0043842724546164,0.5892561983471074,1.0,36171.0,1.0568899018232818,0.6672195958087971,0.7051776531089294,0.4408645163286862,0.6313459268004723,1.0,approved,True,Visual inspection passed,box_guided_pseudo_mask
1008,81_01,81,test,bright,P.aeruginosa,other,preprocessed_intensity_sigma040/local_flatfield/bright/1008.png,processed_plate_strategy_b_circle/counting_mask/bright/1008.png,1343,895,204,203,1312,864,266,265,auto_candidate,consensus,False,3,0.6494186252744818,0.5386517891572046,0.6927572345089504,31830,0.768617791944364,0.7392697881828316,False,0.540692696367947,0.0907092541456222,True,0.5772106328913864,0.096179574728012,True,33452.0,0.8077851830387327,0.7104209015903384,0.573867478025693,0.3244572350343261,0.5874875868917577,1.0,0.49805203821228,0.0771525502204895,True,70479.0,1.701898000579542,0.610735112586728,1.0394088669950738,0.0068840170986233,0.5874875868917577,1.0,40686.0,0.9824688496088092,0.695030231529273,0.6828455520139091,0.4934189480564919,0.7044534412955465,1.0,approved,True,Visual inspection passed,box_guided_pseudo_mask
1008,82_01,82,test,bright,P.aeruginosa,other,preprocessed_intensity_sigma040/local_flatfield/bright/1008.png,processed_plate_strategy_b_circle/counting_mask/bright/1008.png,1192,904,186,184,1164,876,242,240,auto_candidate,consensus,False,2,0.6269343611574527,0.5515101984115198,0.606697772436383,21796,0.6368630201028518,0.6101903695408735,False,0.0,0.482421875,False,0.5789416406734311,0.1091575622558593,True,29930.0,0.8745324918186068,0.6867357166722352,0.6005726975222067,0.1996210247576463,0.5991596638655462,1.0,0.5240787561496085,0.0881582200527191,True,53470.0,1.5623539036933147,0.6502337759491303,1.015895278167368,0.1033859761059801,0.5892561983471074,1.0,,,,,,,,approved,True,Visual inspection passed,box_guided_pseudo_mask
1008,83_01,83,test,bright,P.aeruginosa,other,preprocessed_intensity_sigma040/local_flatfield/bright/1008.png,processed_plate_strategy_b_circle/counting_mask/bright/1008.png,1218,775,224,222,1184,741,292,290,needs_review,consensus,False,3,0.2090783106527023,0.5155505223783977,0.529397617679805,27604,0.5550997425997426,0.55018735549709,False,0.4618391053468692,0.498046875,True,0.5666945703202472,0.1201186031103134,True,38316.0,0.770511583011583,0.6773932560810105,0.5219393500643501,0.3613331196920568,0.5912960760998811,1.0,0.5181178914680767,0.098375454545021,True,68476.0,1.3770109395109396,0.6412757754541737,0.883043758043758,0.2479125860092808,0.5872461029759093,1.0,165.0,0.0033180501930501,1.0,0.0033180501930501,0.8839559729618619,0.0079633204633204,0.0,approved,True,Visual inspection passed,box_guided_pseudo_mask
1008,84_01,84,test,bright,P.aeruginosa,other,preprocessed_intensity_sigma040/local_flatfield/bright/1008.png,processed_plate_strategy_b_circle/counting_mask/bright/1008.png,923,640,72,71,912,629,94,93,auto_candidate,consensus,False,3,0.5352131034519904,0.7129669449249079,0.7225113641781598,1470,0.2875586854460094,0.6657608695652174,False,0.7988089534956199,0.1136948615312576,True,0.8143492096375784,0.0896779596805572,True,1465.0,0.2865805946791862,1.0,0.2865805946791862,0.036398356014173,0.431924882629108,0.0,0.5257426716415253,0.0722560882568359,True,7081.0,1.385172143974961,0.5869227510238667,0.8129890453834115,0.0529466777378932,0.5847632120796157,1.0,1374.0,0.2687793427230047,1.0,0.2687793427230047,0.0347684930024538,0.3961267605633803,0.0,approved,True,Visual inspection passed,box_guided_pseudo_mask
1008,85_01,85,test,bright,P.aeruginosa,other,preprocessed_intensity_sigma040/local_flatfield/bright/1008.png,processed_plate_strategy_b_circle/counting_mask/bright/1008.png,878,595,72,72,867,584,94,94,auto_candidate,consensus,False,3,0.4905131034933023,0.673335240708748,0.691013682506155,1173,0.2262731481481481,0.6994633273703041,False,0.7433462376526497,0.1136489063501358,True,0.7605039628187378,0.0906265825033187,True,1171.0,0.2258873456790123,1.0,0.2258873456790123,0.0470524909064659,0.3234953703703703,0.0,0.5161555216548565,0.0729371383786201,True,6358.0,1.226466049382716,0.6173324944951243,0.7571373456790124,0.2609554356790399,0.5866908103214125,1.0,1080.0,0.2083333333333333,1.0,0.2083333333333333,0.056281291807454,0.2847222222222222,0.0,approved,True,Visual inspection passed,box_guided_pseudo_mask
1008,86_01,86,test,bright,P.aeruginosa,other,preprocessed_intensity_sigma040/local_flatfield/bright/1008.png,processed_plate_strategy_b_circle/counting_mask/bright/1008.png,922,558,59,59,913,549,77,77,auto_candidate,consensus,False,3,0.7028243465171288,0.6602979780074515,0.7601077124839757,2271,0.6523987359954037,0.7509920634920635,False,0.5607991357810369,0.1134497672319412,True,0.842228640869664,0.115397572517395,True,1538.0,0.4418270611893134,0.935630689206762,0.4133869577707555,0.4780225470020051,0.5409113179813817,0.0,0.5778661573716536,0.0935322046279907,True,2998.0,0.8612467681700661,0.8095396931287525,0.6972134444125251,0.4893878540914976,0.552390438247012,1.0,2893.0,0.8310830221200805,0.7856895955755271,0.6529732835392129,0.5607527182831917,0.522754732178816,1.0,approved,True,Visual inspection passed,box_guided_pseudo_mask
1008,87_01,87,test,bright,P.aeruginosa,other,preprocessed_intensity_sigma040/local_flatfield/bright/1008.png,processed_plate_strategy_b_circle/counting_mask/bright/1008.png,933,529,72,72,922,518,94,94,auto_candidate,consensus,False,3,0.7127528761238088,0.7110519865748021,0.7838843012732539,2474,0.4772376543209876,0.6541512427287149,False,0.6584138146569551,0.1062117144465446,True,0.8228125116992595,0.0970823392271995,True,1730.0,0.3337191358024691,0.998843930635838,0.3333333333333333,0.3328193206121203,0.6052975191195672,0.0,0.6519296333681917,0.0784219875931739,True,3214.0,0.6199845679012346,0.8761667703795893,0.5432098765432098,0.448454141944849,0.6037031021601429,1.0,2766.0,0.5335648148148148,0.8705712219812003,0.4645061728395062,0.47823938552409,0.5784844384303113,1.0,approved,True,Visual inspection passed,box_guided_pseudo_mask
1008,88_01,88,test,bright,P.aeruginosa,other,preprocessed_intensity_sigma040/local_flatfield/bright/1008.png,processed_plate_strategy_b_circle/counting_mask/bright/1008.png,895,525,73,72,884,514,95,94,auto_candidate,consensus,False,3,0.3892010487880635,0.641894532328554,0.6429781800072438,2559,0.4868721461187215,0.6991803278688524,False,0.6478589747338678,0.1058057695627212,True,0.7346373710859186,0.0963902324438095,True,1078.0,0.2050989345509893,1.0,0.2050989345509893,0.1218844377823475,0.3097412480974125,0.0,0.5431872511658756,0.0779067650437355,True,7258.0,1.3808980213089803,0.662165885918986,0.9143835616438356,0.1165347759806452,0.5885778275475924,1.0,2953.0,0.561834094368341,0.8625126989502201,0.4845890410958904,0.4757221540124578,0.5335554497858163,1.0,approved,True,Visual inspection passed,box_guided_pseudo_mask
1008,89_01,89,test,bright,P.aeruginosa,other,preprocessed_intensity_sigma040/local_flatfield/bright/1008.png,processed_plate_strategy_b_circle/counting_mask/bright/1008.png,700,400,161,150,676,376,209,198,auto_candidate,consensus,False,3,0.5181984755915814,0.6806408277379224,0.7036257975522224,10084,0.4175569358178054,0.5428509905254091,False,0.8767299835412408,0.0976179614663124,True,0.6638538160541883,0.089145042002201,True,11164.0,0.4622774327122153,0.8228233608025797,0.3803726708074534,0.3625307260765095,0.5783464819447117,1.0,0.5013386836183383,0.0716147646307945,True,40276.0,1.667743271221532,0.6115304399642467,1.0198757763975157,0.0273001640674721,0.5835870668406553,1.0,8799.0,0.3643478260869565,1.0,0.3643478260869565,0.0736405688845724,0.5745341614906833,0.0,approved,True,Visual inspection passed,box_guided_pseudo_mask
1008,90_01,90,test,bright,P.aeruginosa,other,preprocessed_intensity_sigma040/local_flatfield/bright/1008.png,processed_plate_strategy_b_circle/counting_mask/bright/1008.png,809,382,140,139,788,361,182,181,auto_candidate,consensus,False,3,0.5054650765430652,0.7043544645896335,0.7086545626259262,5453,0.2802158273381295,0.6307692307692307,False,0.7978973999852068,0.0977175235748291,True,0.8001724777261666,0.0890375450253486,True,5274.0,0.2710174717368962,1.0,0.2710174717368962,0.0710819782107306,0.4442446043165468,0.0,0.5149935160575271,0.0715321004390716,True,31189.0,1.6027235354573484,0.6060790663374908,0.971377183967112,0.006509801342366,0.5907352316192095,1.0,5237.0,0.2691161356628982,1.0,0.2691161356628982,0.0677278746415733,0.429907502569373,0.0,approved,True,Visual inspection passed,box_guided_pseudo_mask
1008,91_01,91,test,bright,P.aeruginosa,other,preprocessed_intensity_sigma040/local_flatfield/bright/1008.png,processed_plate_strategy_b_circle/counting_mask/bright/1008.png,964,425,87,85,951,412,113,111,auto_candidate,consensus,False,3,0.5783606348384202,0.754705431995168,0.7543083949915143,3153,0.4263691683569979,0.7221713238662392,False,0.8692221608996834,0.1096507459878921,True,0.8623518680537987,0.0915336012840271,True,2981.0,0.4031102096010818,0.9671251257967124,0.3898580121703854,0.2420425200912393,0.5399771196135758,0.0,0.5325422670320222,0.0738264024257659,True,10771.0,1.456524678837052,0.6260328660291523,0.9118323191345504,0.0806240659349516,0.5895718727577135,1.0,3117.0,0.4215010141987829,0.9692011549566892,0.4085192697768762,0.2784134510089893,0.5249777551798652,0.0,approved,True,Visual inspection passed,box_guided_pseudo_mask
1008,92_01,92,test,bright,P.aeruginosa,other,preprocessed_intensity_sigma040/local_flatfield/bright/1008.png,processed_plate_strategy_b_circle/counting_mask/bright/1008.png,1008,422,65,65,998,412,85,85,auto_candidate,consensus,False,3,0.6312566486355794,0.5975313289534357,0.7099523586038271,2133,0.5048520710059171,0.7181818181818181,False,0.6222728098081204,0.1169807016849517,True,0.6245404645765585,0.1047474145889282,True,2307.0,0.5460355029585798,0.8274815778066753,0.4518343195266272,0.5430876473293632,0.5441263573543929,1.0,0.5457807124756284,0.0845941007137298,True,5760.0,1.3633136094674556,0.6454861111111111,0.88,0.0596290548632072,0.5847750865051903,1.0,2414.0,0.5713609467455621,0.8384424192212097,0.4790532544378698,0.5585942229733386,0.5131817267055746,1.0,approved,True,Visual inspection passed,box_guided_pseudo_mask
1008,93_01,93,test,bright,P.aeruginosa,other,preprocessed_intensity_sigma040/local_flatfield/bright/1008.png,processed_plate_strategy_b_circle/counting_mask/bright/1008.png,1072,228,116,115,1055,211,150,149,auto_candidate,consensus,False,3,0.457985357715516,0.687923388169625,0.6854642304682805,3321,0.2489505247376311,0.6587978575679428,False,0.7665669276166788,0.0983226224780082,True,0.778713006435092,0.0799110457301139,True,3243.0,0.243103448275862,1.0,0.243103448275862,0.0398591948107546,0.3778860569715142,0.0,0.5184902304571037,0.0642294883728027,True,21525.0,1.613568215892054,0.6256445993031359,1.00952023988006,0.0193776428221937,0.5968680089485459,1.0,3105.0,0.2327586206896551,1.0,0.2327586206896551,0.0576102807310823,0.3515742128935532,0.0,approved,True,Visual inspection passed,box_guided_pseudo_mask
1008,94_01,94,test,bright,P.aeruginosa,other,preprocessed_intensity_sigma040/local_flatfield/bright/1008.png,processed_plate_strategy_b_circle/counting_mask/bright/1008.png,1046,331,87,86,1033,318,113,112,auto_candidate,consensus,False,3,0.5737329948912414,0.7757727287979517,0.7611156397311152,3388,0.4528201015771184,0.6915697081036947,False,0.8835018030667862,0.1131050884723663,True,0.9088383967000836,0.0943946689367294,True,3323.0,0.4441325848703555,0.9837496238338852,0.4369152632985832,0.2055138102577583,0.6029635258358662,0.0,0.5349779866269853,0.0761131048202514,True,11353.0,1.517375033413526,0.6486391262221439,0.9842288158246458,0.0830099594351177,0.5911820480404552,1.0,3111.0,0.4157979149959904,0.9916425586628094,0.4123229083132852,0.2237193133498648,0.5326826762552973,0.0,approved,True,Visual inspection passed,box_guided_pseudo_mask
1008,95_01,95,test,bright,P.aeruginosa,other,preprocessed_intensity_sigma040/local_flatfield/bright/1008.png,processed_plate_strategy_b_circle/counting_mask/bright/1008.png,1049,379,59,59,1040,370,77,77,auto_candidate,consensus,False,3,0.6630256663317176,0.5850021249105354,0.7160598331803153,1843,0.529445561620224,0.7559474979491386,False,0.5762206541571683,0.1141390949487686,True,0.6304061190147503,0.1081847697496414,True,2035.0,0.5846021258259121,0.8496314496314497,0.4966963516230968,0.5438819251491264,0.5296296296296297,1.0,0.5483796015596876,0.0872589722275734,True,4933.0,1.4171215168055156,0.645651733225218,0.914966963516231,0.0245176973734135,0.5871141845167819,1.0,2251.0,0.6466532605573111,0.7827632163482896,0.5061763860959494,0.6286110383751992,0.4711253138552841,1.0,approved,True,Visual inspection passed,box_guided_pseudo_mask
1008,96_01,96,test,bright,P.aeruginosa,other,preprocessed_intensity_sigma040/local_flatfield/bright/1008.png,processed_plate_strategy_b_circle/counting_mask/bright/1008.png,1007,96,116,114,990,79,150,148,needs_review,consensus,False,3,0.1133342408327917,0.5800913176452992,0.5217035113495968,1025,0.0775105868118572,0.2711640211640211,False,0.573018494488739,0.333984375,True,0.5791824231967918,0.1329141557216644,True,772.0,0.05837870538415,1.0,0.05837870538415,0.3855379130193486,0.1209921355111917,0.0,0.5880730352503666,0.1109254658222198,True,3223.0,0.2437235329703569,0.8910952528699969,0.2171808832425892,0.0406811183457931,0.4023479188900747,1.0,545.0,0.0412129461584997,0.9486238532110092,0.0390955837870538,0.1818398344622838,0.0772461376931153,0.0,approved,True,Visual inspection passed,box_guided_pseudo_mask
1008,97_01,97,test,bright,P.aeruginosa,other,preprocessed_intensity_sigma040/local_flatfield/bright/1008.png,processed_plate_strategy_b_circle/counting_mask/bright/1008.png,931,81,95,94,917,67,123,122,needs_review,consensus,False,3,0.2045454545454545,0.5934251172998372,0.558960956010844,645,0.0722284434490481,0.5193236714975845,False,0.4668639291542631,0.373046875,True,0.6694557780943001,0.1585676968097686,True,995.0,0.1114221724524076,1.0,0.1114221724524076,0.0242365232923739,0.1651735722284434,0.0,0.6439556446509479,0.1322154253721237,True,691.0,0.0773796192609182,1.0,0.0773796192609182,0.0344800334368034,0.1572228443449048,0.0,20.0,0.0022396416573348,1.0,0.0022396416573348,0.8380876738975864,0.0026875699888017,0.0,approved,True,Visual inspection passed,box_guided_pseudo_mask
1008,98_01,98,test,bright,P.aeruginosa,other,preprocessed_intensity_sigma040/local_flatfield/bright/1008.png,processed_plate_strategy_b_circle/counting_mask/bright/1008.png,887,117,87,86,874,104,113,112,needs_review,consensus,False,3,0.0043383947939262,0.5215780422231909,0.4601496550671505,23,0.0030740443731622,0.6388888888888888,False,0.4685179539627068,0.326171875,True,0.5178458315747163,0.1471347510814666,True,103.0,0.0137663726276396,1.0,0.0137663726276396,0.5409158176220495,0.0260625501202886,0.0,0.5783703411321496,0.1225118264555931,True,2151.0,0.2874899759422614,0.8210134821013482,0.2360331462175889,0.1363215037591106,0.435,1.0,16.0,0.0021384656508954,1.0,0.0021384656508954,0.825901393474196,0.0032076984763432,0.0,approved,True,Visual inspection passed,box_guided_pseudo_mask
1008,99_01,99,test,bright,P.aeruginosa,other,preprocessed_intensity_sigma040/local_flatfield/bright/1008.png,processed_plate_strategy_b_circle/counting_mask/bright/1008.png,830,137,95,94,816,123,123,122,needs_review,sauvola,True,3,0.0,0.4885759683996902,0.445430387359876,1807,0.2023516237402015,0.3967940272288098,False,0.5021728393988174,0.326171875,True,0.437732649495025,0.1329402923583984,True,90.0,0.0100783874580067,0.9555555555555556,0.0096304591265397,0.9883701061875908,0.0160106737825216,0.0,0.5258224163052281,0.1104279831051826,True,2236.0,0.2503919372900336,0.8076923076923077,0.2022396416573348,0.3193836673357209,0.4518540089303048,1.0,47.0,0.0052631578947368,1.0,0.0052631578947368,0.6002890574143972,0.0089585666293393,0.0,approved,True,Visual inspection passed,box_guided_pseudo_mask
1008,100_01,100,test,bright,P.aeruginosa,other,preprocessed_intensity_sigma040/local_flatfield/bright/1008.png,processed_plate_strategy_b_circle/counting_mask/bright/1008.png,775,102,105,105,759,86,137,137,needs_review,consensus,False,3,0.2694027887398053,0.5981507702806138,0.5835512841711774,1024,0.0928798185941043,0.6117084826762246,False,0.4921825654346578,0.361328125,True,0.6571429422615477,0.1572265177965164,True,1215.0,0.110204081632653,1.0,0.110204081632653,0.1351184269619301,0.2024489795918367,0.0,0.6451268031456361,0.1310844123363495,True,1076.0,0.0975963718820861,1.0,0.0975963718820861,0.1229095354111002,0.1518367346938775,0.0,65.0,0.0058956916099773,1.0,0.0058956916099773,0.6870212334469484,0.0236734693877551,0.0,approved,True,Visual inspection passed,box_guided_pseudo_mask
1008,101_01,101,test,bright,P.aeruginosa,other,preprocessed_intensity_sigma040/local_flatfield/bright/1008.png,processed_plate_strategy_b_circle/counting_mask/bright/1008.png,789,298,95,95,775,284,123,123,auto_candidate,consensus,False,3,0.6137960859434736,0.594312392402899,0.7025535870413754,5582,0.6185041551246537,0.6960967701708443,False,0.6087544149904189,0.0976639091968536,True,0.6490681526398451,0.0945974364876747,True,5438.0,0.6025484764542937,0.8396469290180213,0.5059279778393352,0.4424369504812703,0.6489968868903494,1.0,0.5251146095784329,0.0760755538940429,True,14717.0,1.630692520775623,0.6588299245770197,1.0743490304709142,0.0301044287698585,0.5965364531694097,1.0,6563.0,0.7272022160664819,0.8202041749200061,0.5964542936288089,0.5114250533100553,0.6626128945721184,1.0,approved,True,Visual inspection passed,box_guided_pseudo_mask
1008,102_01,102,test,bright,P.aeruginosa,other,preprocessed_intensity_sigma040/local_flatfield/bright/1008.png,processed_plate_strategy_b_circle/counting_mask/bright/1008.png,813,262,169,168,788,237,219,218,auto_candidate,consensus,False,3,0.5078212732753422,0.7372139190955381,0.722623013284585,11076,0.3901098901098901,0.6608197601575085,False,0.8668656626713379,0.094661459326744,True,0.834936955582234,0.0855517536401748,True,9304.0,0.3276979430825584,0.9879621668099742,0.3237531699070161,0.1516675993252349,0.5648565573770492,0.0,0.5098391390330426,0.0686992779374122,True,46846.0,1.649971823048746,0.620607949451394,1.0239856297548606,0.0195987292031021,0.594696493653387,1.0,10687.0,0.3764088475626937,0.9948535604004866,0.3744716821639898,0.1534937594397096,0.525,0.0,approved,True,Visual inspection passed,box_guided_pseudo_mask
